date,A,ABBV,ABNB,ABT,ACN,ADBE,AES,AFL,AKAM,ALB,AMD,AOS,APD,ARE,GLD,MMM,SLV,1YR,5YR,10YR
2024-02-13,0.018931863145666063,0.006499692146685536,-0.017524359912514484,0.006445859381776842,0.02226887154160383,0.0045916122276490135,0.008711940602021536,0.010956919401945613,-0.085522173438162,0.019330669448986135,0.04089194660310692,0.023938308015694246,-0.0027610343802195714,0.00504180449727684,-0.00059628677739147,-0.002593877606127149,0.01181116092834462,0.001199280575482187,0.0017983819413793973,0.0013990209137074087
2024-02-14,0.018802756276337807,0.01236447762619343,0.06206836755550907,0.01400111484884869,0.0014276288974049518,-0.0237982949190722,0.03888703819725736,0.015714698900445565,-0.028539287280377718,0.026824671046631582,-0.010915541902843159,-0.002096566100645636,0.04478629347449278,0.051919531999030474,0.006701278860791314,-0.0004323204934175784,0.02416744010688708,-0.0005001250416822429,-0.0006001800720324606,-0.00040008002133969133
2024-02-15,0.0006676805767533686,0.005083607875222278,-0.03340091274940316,0.0032506068596411934,-0.005479169971528003,-0.07704098471497402,-0.0005961252039426908,-0.009902932699941025,-0.021562712579113442,0.04240712052268917,-0.016484986722840683,-0.011298152336847863,-0.000440722792501653,-0.0008380122840208052,0.003655918050492511,-0.01230730255787488,0.021262317651923532,-0.00010000500033334732,-0.00030004500900199243,-0.00030004500900199243
2024-02-20,0.0036273497225542605,-0.013328615206176888,-0.021674419315135206,0.033296158392849606,-0.023467991953028507,-0.015002400842788003,-0.013205474012045512,-0.0015128595926302067,-0.018766439349566913,-0.03351064159548845,-0.056674734621453025,0.0017465074299736233,0.005495123180369481,0.017781939245805116,0.006099211032226364,0.005028230596354023,-0.0203076636414728,0.0003999200213268913,0.00029995500899794244,0.00029995500899794244
2024-02-21,-0.024762813827789568,0.009150650682603767,0.0395453826245771,0.009709223978227943,0.02840867344865976,-0.001765652030599927,-0.03379737958329073,0.00490844859376861,-0.0019616091479932444,-0.003125926593885868,0.10160400137952137,0.004725201529944919,0.014795744235946519,-0.002886718982639144,0.0004266211668802674,0.00565425834744902,-0.00670179626601867,9.999500033329732e-05,0.0004998750416509929,0.0004998750416509929
2024-02-22,7.574323048499465e-05,0.007552735711232271,-0.016887904607209958,0.003690041087453963,0.016056340561611884,0.029094361108424664,0.0,0.009496510203999983,0.01134262811378357,0.02068490615351211,-0.02980297589642037,0.009752561712985153,0.005556886081927011,0.007078218852524453,0.005635614894353176,0.0037871332072022695,0.008132070645718753,0.0003999200213268913,0.00029995500899794244,9.999500033329732e-05
2024-02-26,0.003930763243924909,0.005040897870494326,-0.003938046570033705,-0.0005023863456581294,0.0015624382506689504,-0.0017180115082609051,-0.05789397841890262,-0.002490351181224513,-0.0037975315400896313,0.06373525621130686,0.008349365890738578,0.010995834674529302,-0.004563858778426386,-0.0018881095786918796,-0.003292446285789561,-0.003028817461349083,-0.02021243016767578,9.999500033329732e-05,-0.00040008002133969133,-0.0005001250416822429
2024-02-27,0.03309398312998264,-0.005546388066323478,0.008969257156823734,0.005429121708760492,0.0003174855173901549,-0.0012134275379364655,-0.002652521449131117,0.00435405303147367,0.003520151851750111,0.02662731648407774,-0.008236070699998365,0.0071433199204107055,0.0029301524821314273,-0.002468121368083546,0.0018068772519680071,-0.009141886891150868,-0.0009727627226221707,0.0,0.00029995500899794244,0.00029995500899794244
2024-02-28,0.0025513007242028707,-0.011015504691023562,0.025990526975203796,-0.0118146248375855,-0.00863437040219177,0.015214752628184664,0.009253205480483176,0.002231867014487707,0.02538253679371857,0.042909772703380304,0.08670450614915746,0.00012063453781457889,0.00698898760811458,0.027060522512219826,0.005137042939901488,0.007189841715395209,0.00872098550544464,-0.00030004500900199243,-0.0006001800720324606,-0.00040008002133969133
2024-02-29,0.012300278081651687,0.016114840500669855,0.014187318262702536,-0.00016859141909606934,0.016433940915570076,0.018829951426199597,0.01760723673274424,-0.0038468745088169674,-0.006149413482228892,0.03527891243567832,0.051179019952175546,0.012467195764195397,0.008339764105574828,-0.003694783319714615,0.01873419521433021,-0.0028265096884844483,0.021003158699085624,9.999500033329732e-05,0.0,-0.0002000200026670447
2024-03-04,0.037335411438072334,0.0013963752373678479,-0.0024447590926030016,-0.0011809364510372488,-0.010846293671304087,-0.04677443661790467,0.04301738508369064,0.004960942829775257,-0.007831749346721721,-0.2664341599176033,0.012212918800625779,-0.0029827618606620802,0.015055585277574843,-0.0012077782377236772,0.022047652707445662,0.008995174257273654,0.02334373040149398,-0.00030004500900199243,-0.0005001250416822429,-0.00030004500900199243
2024-03-05,0.01287143075622586,0.010549206708194965,0.028095907455715257,0.007232392134392421,0.010426246934929197,-0.003217121523178676,0.004324999018601277,0.016320381874549823,0.007105796501772838,0.08905833599283526,0.02645911520322171,0.009632038318345599,0.014585491018892574,-0.004198294556589158,0.0081818638246506,-0.0018352313945057233,0.01964879297543938,-0.00040008002133969133,-0.0008003201707691552,-0.0009004052431641551
2024-03-06,0.020912344673402583,-0.0027099538195052104,-0.0020158218243015403,0.013152607817321351,0.01583902651769476,0.023565182052929543,-0.0037059955943174244,0.0015810279973187732,0.02394840672995537,0.025347074217121564,0.0035544218839340296,0.025125481798486986,0.008478966151943398,0.004439966930585235,0.005667726770789521,0.0010801076506438392,0.006314860858674252,9.999500033329732e-05,-0.00010000500033334732,-0.0002000200026670447
2024-03-07,-0.009691172153176372,-0.009571048522762329,0.008342261806847568,0.00033074251996558185,-0.022848277875762563,-0.007853939787784201,0.005553855682797121,-0.002189781896924264,-0.016352059838020582,-0.035938968801370194,-0.019056382955917942,-0.009624936598236603,-0.014626991541456818,0.02403426207847986,0.00841701311094945,0.013724845652869773,-0.0004497414062763577,-0.0002000200026670447,-0.0005001250416822429,-0.0002000200026670447
2024-03-11,-0.0002029014920221159,0.011507478904615611,0.010615939013406017,-0.0016548075925847349,0.006089783533769917,0.048557950224243134,-0.019261235413677538,0.010057643097537775,-0.011051838190590984,0.04623955868031556,-0.02257806502113471,0.0012809317617532353,0.013402601542770023,-0.00963977123403627,-0.009167519738126613,0.0500571734267762,-0.006317710544079465,0.0001999800026662447,9.999500033329732e-05,9.999500033329732e-05
2024-03-12,-0.0001352905366333545,-0.0058761741232728065,-0.011525939986204754,-0.004980916822813465,-0.004636467736743238,-0.009699127818074223,-0.011991308090426924,0.010315552669802204,-0.0022798787860879707,0.014896959773998023,-0.04010095841564352,0.0026730215230012923,0.009834279517911583,-0.0060524195270483154,0.0069829202892874405,0.0527768351175362,0.031196825825567067,0.0004998750416509929,0.0006997551142732649,0.0005998200719675495
2024-03-13,-0.017814346814094505,0.007422623122509454,0.010145014546860528,-0.010961994209621661,-0.0013475488543862309,-0.005419593684898175,-0.04679216150675894,-0.0027484034746926007,-0.005309422945026265,-0.04803919413121874,-0.04049263418210007,0.00532470293834748,-0.008732261080226822,-0.013672402141839872,-0.004183898118991305,-0.009171378760642666,-0.0026362053931410128,9.999500033329732e-05,0.0003999200213268913,0.00029995500899794244
2024-03-14,0.015511602823297619,-0.01849222796638326,-0.03546904761137621,-0.028678247679206806,-0.009590806901299416,-0.14701228400272914,-0.0013315581195124599,0.009527284164190757,-0.015726503582502518,0.01859327207542655,0.021158093835457352,0.005411330918167503,-0.0020826109575265675,0.0021032203190686186,-0.003199522801431549,0.018066926576989027,0.013112075968141927,0.00029995500899794244,0.0009995003330834232,0.0009995003330834232
2024-03-18,-0.0006104385172772522,0.009957010158564952,0.0071333615138810804,-0.02038119969362964,0.00924702342860946,0.05670141953426862,0.03470069929413084,-0.0003556398591216035,0.005022331985410699,-0.013186279740090633,-0.051772729655064326,-0.003565886334443648,-0.011553217209391856,-0.0019412769988766403,0.0004505519337311754,0.003043456874802306,-0.010475870575001036,0.0001999800026662447,0.0006997551142732649,0.0004998750416509929
2024-03-19,-0.000746597923844072,-0.01904926536919841,0.01788715377733922,-0.014778155533192987,0.006222664175587109,-0.003941062265584757,0.0,0.0075596863682517255,0.0166524847203781,0.031922380758702844,-0.009359060422854823,0.009861334357061144,-0.0119393227219335,0.02122881820485991,0.011841523511458465,0.02614615926790361,0.021702240638656743,0.0,-0.0005001250416823539,-0.00040008002133969133
2024-03-20,0.009864278350331792,0.006953698483608411,0.020848482610167474,8.96820770970884e-05,-0.09769710784158514,-0.015314888951321678,0.01405773949023173,0.000470588243978394,-0.004160101087589314,0.0032890808199969746,-0.005859228280025234,0.02523793258986254,-0.0145858753142774,0.019078105627564696,-0.0010392182056145815,-0.0022227732006264303,-0.027864231967206672,-0.0005001250416822429,-0.0006001800720324606,-0.00030004500900199243
2024-03-21,-0.008710680013869033,0.005337841020698815,-0.001904535750070429,-0.00846546842296015,-0.022065859460015127,-0.023211070029944252,0.0300022503037987,-0.010166773941244359,-0.0016046584375310092,-0.032560258700185536,0.005414017075609911,-0.006697948684127581,0.0051673134884097525,-0.024084274452230586,-0.008053334438143456,-0.010156478343694802,-0.003981425299184922,0.0,9.999500033329732e-05,0.0
2024-03-25,-0.02083265912281146,0.004138245476154895,-0.0028038795401530126,0.008375786345863142,-0.0032943091716854857,0.016046098513165533,0.02433210065953072,0.009343099128541473,-0.008756219824049742,-0.015425327739063972,-0.009957567172141683,-0.01580525111659137,0.004720369535306476,-0.010732122870175855,0.006418092132276572,-0.039640375822806106,-0.00979963298880347,-0.00010000500033334732,-0.00030004500900199243,-0.0002000200026670447
2024-03-26,0.02028995508669782,0.006452711937223698,-0.005871796379275718,0.01760201904047727,0.01343530758187979,-0.006324131749468224,0.03600270808430613,0.00785605259885913,0.014794664521703619,0.07905329047590481,0.009623528643259032,0.010977307084250957,0.021916748588471795,0.027714482741557557,0.0072145393719088785,0.018917711036294155,0.007580861277586202,0.0,-0.00010000500033334732,-0.00010000500033334732
2024-03-27,-0.012701618452984325,0.00965657938401426,-0.008751602466602983,0.001584925928324873,0.016493719844775073,0.0003964321161928768,0.03866314413967269,0.0027991620796143308,-0.007967439922178545,0.022569469542293673,0.004998899545511912,0.006842043404041616,-0.0034200746195114646,0.009587352753514721,0.012817552320376496,0.014051785367645854,0.0106054904783185,-0.00010000500033334732,-0.00040008002133969133,-0.00040008002133969133
2024-04-01,-0.009251653948374947,-0.0077731310098228725,-0.029841941254686595,-0.014534109087289191,-0.02972095727653959,-0.010739187301096378,-0.0061538655743782235,-0.010890675004496489,-0.012769674769846607,-0.04074609031133036,-0.009966952410774757,-0.010224233775859428,-0.010080772348278633,-0.0390748856049579,0.02482064961695756,0.04576088159774951,0.04679969680018968,0.0006997551142732649,0.0015987213636970735,0.0012991557316201288
2024-04-02,-0.003056619260671895,-0.01877045221935152,-0.004820795061743237,-0.006627879166498742,-0.012501284320143587,-0.004416702287305338,0.004479290804046041,0.002939276703149526,-0.0027977263422716437,0.01871995139908313,0.011517082821380864,0.0011286682913745332,-0.0010011681129933564,-0.003798444782023589,0.008734092299845874,0.0037628383913278353,0.03665223933617589,-0.00010000500033334732,9.999500033329732e-05,0.00029995500899794244
2024-04-03,-0.01676820430043209,-0.05464383942089271,-0.0031428776891693133,-0.010569681489687779,-0.005462103357361946,-0.020120176351423005,0.013318731840281437,-0.009673308884493644,-0.010231468612988216,-0.062022354611161123,-0.08626233776075556,-0.017180011830920914,-0.01044669776240833,-0.008048496761952635,-0.005751206160197344,-0.028848677789751486,-0.009752210569248571,-0.0002000200026670447,-0.00010000500033334732,0.0
2024-04-04,0.019477950617184176,0.012429872966766668,0.01827816707855189,0.009850515690982338,0.007626606366935024,-0.004093687253180593,-0.003313089722960238,0.012486909802746707,0.0023559356889601966,0.019054426102049823,0.02730281117380231,0.004579811073453221,0.006599574174995223,0.016755420519920107,0.016969422340537697,0.005397380509384757,0.021810234479606477,-0.00030004500900199243,-0.00040008002133969133,-0.0005001250416823539
2024-04-08,0.02250369387534375,0.0008231904974764724,0.00548655939702648,0.011089364221849148,0.004344901583973141,0.015199695287735997,0.011548107438743868,-0.026693559532724263,0.01244111271579027,0.04521573009888597,0.002110200079650222,-0.012298298790410474,0.004097509600489468,0.03950470409217485,0.011691175422886432,0.017208004664980105,0.02719379392573581,0.0006997551142732649,0.0012991557316201288,0.0010993954433010642
2024-04-09,-0.0222261858952085,-0.006545413585651857,-0.014739846970685316,-0.011359184792807476,-0.030510069323159205,-0.010880211845446236,-0.03392040519327696,-0.003010418313017249,-0.030103712228646856,-0.011759802202581555,-0.021544393906170103,-0.01093034137964856,-0.01577087589562981,-0.05422155416663881,-0.009508934278284626,0.00021593608375857515,-0.010553156372886851,-0.00040008002133969133,-0.0006001800720324606,-0.0006001800720324606
2024-04-10,0.005809948560546684,-0.008973466839859612,0.03156540849581639,0.002515498586354317,0.002432304652094278,-0.006052514616702391,0.007887364833165846,-0.040359808371583324,0.006779039662238057,0.020624083469321666,0.01990351215028142,0.007222771381248431,0.0014401900151115078,0.00924355888356133,0.01924682182105995,0.00592004312271473,0.021765336464028423,0.0015987213636970735,0.0023971245997214514,0.0018981972830802655
2024-04-11,-0.02989058141209808,-0.03177950878398031,-0.03725915139221798,-0.021219512164870568,-0.03056795236441406,-0.021266074750417446,-0.05597076524429243,0.00800404473214187,-0.015535410260645987,-0.06115234909922899,-0.04326877822198214,0.004054450963895007,-0.020181111610745123,-0.01676608004819041,-0.013327729395005304,-0.02027279576040202,-0.014717539084580573,-0.0002000200026670447,0.0,9.999500033329732e-05
2024-04-15,-0.02832315582002612,0.0016008869868121757,-0.017150690932449874,0.000916086542629715,-0.004639789681877074,0.004482755241717195,-0.057402814448675246,0.001866716987840324,-0.020899198156633006,-0.0716009826109974,0.001101793586394386,-0.012798313143309396,-0.01641701179332492,-0.040620247527396354,0.019767368899592345,-0.002851504454631836,0.0066109515515921525,-0.00010000500033334732,0.0003999200213268913,0.0006997551142732649
2024-04-16,-0.016584128015535295,0.0104655320396612,0.0108562155645421,-0.030777381602276152,0.001909369215518467,-0.003723693911071703,0.014352820492107354,-0.002115876077207,-0.009818098404119248,0.002450767090993716,-0.059485847976879565,0.012335778444961358,0.00547322775330365,-0.004626464729160049,-0.007395510216208087,-0.0009889567313364105,0.0019361090268664007,0.0001999800026662447,0.0003999200213268913,0.0003999200213268913
2024-04-17,-0.015806164493869422,0.0024930845055601185,0.010864552499034456,-0.005966774344127475,0.004630959524332604,-0.002680372635624976,0.008022258389143626,0.008930845765244468,0.0038792508984828774,-0.022902101816583264,0.006858648691624319,0.0026566576410633116,0.017358616068709466,0.0005151099014996751,0.0034096366540187478,0.005700519712299926,0.0003867723892733139,-0.0002000200026670447,-0.0007002451143934259,-0.0008003201707691552
2024-04-18,0.0021872769590653065,0.01057188086497299,-0.03230898903546611,0.01891376071018973,0.002780939726748975,-0.017395450369034095,0.007958413599206264,0.02740564915398876,0.007615128527252122,0.003125700245218698,-0.055960509271278984,-0.007177618219166012,-0.005939844434206132,-0.007062906191052283,0.0031266309994319222,0.008598692435883949,0.013062037423339662,0.0001999800026662447,0.0005998200719675495,0.0004998750416509929
2024-04-22,0.04759475826220843,0.018634264445006696,0.0376041267776143,0.002885467632394795,-0.00015780088716844696,0.016803534234721407,0.043549977505875734,0.006228310947172034,0.0025583011099699834,0.018201598096298188,0.03767465732119164,0.021266391433982963,0.008896588173344759,0.03231848582086489,-0.027474381576566183,0.00788043156279146,-0.047283665920190135,-0.0002000200026670447,-0.0002000200026670447,-0.0002000200026670447
2024-04-23,-0.012360560711176798,-0.010316093147153541,0.011674365889960984,-0.006527438319963495,-0.010438408786107651,0.00888408192654357,0.013913267916985082,0.006308418230812521,0.0042167260323056404,0.009238343550405566,-0.003486730942712275,-0.010519191440782266,0.00414185352672531,0.001338128492719834,-0.0018618512174160449,-0.010593548425933475,-0.003607941376199054,-0.0002000200026670447,-0.00030004500900199243,-0.00010000500033334732
2024-04-24,-0.008179407319399904,-0.0030439606899165107,0.001043424983420139,-0.0002807017562291313,-0.014585666742639572,-0.007742842924474109,-0.013913267916985115,-0.00654725271964775,-0.003921958159869114,-0.0025190024177762934,0.01322441531205338,-0.04923854053716265,0.001702997686790551,-0.019836058694952585,0.005945762592380577,-0.006651063061595196,0.006405145997260215,0.00029995500899794244,9.999500033329732e-05,0.0003999200213268913
2024-04-25,0.00999607024680969,-0.04693284289532649,0.007456335731271135,0.006250311872809683,-0.00320902691876242,0.008664617825287992,0.0046592978874196765,-0.0014342060543739983,-0.0010812405830498914,0.01638956724729901,0.02339739076132061,0.0046979547949173315,0.004244848890234212,-0.00907773639740239,0.0032366976978418813,0.004584159959703466,-0.006806833088421556,0.0003999200213268913,0.0005998200719675495,0.0004998750416509929
2024-04-29,-0.005094996100687835,0.01874317887222822,-0.03507174814799342,-0.014613843215690273,-0.02332103326277236,-0.0313299904409423,0.039310102623261185,0.0004782972708664246,-0.0074034196304304314,0.0289239776029891,0.006206872798963518,-0.004456496384955,0.001100715576185493,-0.0031881462530564124,-0.022171787371391864,0.04970758829361385,-0.034331119827730426,-0.00010000500033334732,-0.0005001250416822429,-0.0007002451143934259
2024-04-30,0.011968372652379251,-0.005672724547520988,-0.015315013536693808,0.003015172358745704,-0.0075054140870880765,0.014074163361673832,0.01497116956137068,0.010938166361297847,-0.00039639283048023435,-0.010948251933903811,-0.09331066482458533,-0.0006037553766688958,0.004854071114217076,0.007908577281503168,0.00902134577611731,0.019800595603810308,0.009106023186739717,0.0004998750416509929,0.0006997551142732649,0.0005998200719675495
2024-05-01,-0.008471865593649867,-0.005642900906636853,0.01380033984856047,-0.0034871153567922965,0.005609363623011857,0.015180637418993679,0.04097608281315155,-0.006286717817331052,-0.0114640143023115,0.05158736879049326,0.013015368112070227,0.009137973890688093,0.025771408405885654,0.011746815360450047,-0.0030919166391693495,-0.01669693079087488,0.003701423103186184,-0.00040008002133969133,-0.0008003201707691552,-0.0006001800720324606
2024-05-02,0.01393675299890393,0.01836157562835485,0.008678208154875144,-0.00018883958133731043,0.01115813248829906,0.01996430888377608,-0.013830007667600102,-0.00992534306446132,-0.0007020711386115811,0.02210034700066592,0.029925403296041837,0.009055226893181542,0.008906015235131442,0.019608471388376337,-0.0007979535263457446,0.003505881091468969,-0.0057637047167501294,-0.0005001250416822429,-0.0007002451143934259,-0.0005001250416822429
2024-05-06,0.01296683885007515,-0.0075994727443736915,0.0006259389287992796,0.0025463304181209405,0.022625767819327777,0.012448420754479798,0.009064311594585739,0.017511913354326097,0.01986754530770489,0.026575798583613315,0.025113603869116465,0.01073566613718155,0.01124334419464411,-0.006660585776022173,0.005852487617923307,-0.016711167861633302,0.02849195579430624,-0.00040008002133969133,-0.0009004052431641551,-0.0009004052431641551
2024-05-07,0.01077209698191104,-0.013003279194048627,-0.012023688335421053,-0.011652824766916087,0.004272069454016597,-0.008507043562066845,0.027743208270687665,0.0017698075529789048,0.004416318086213523,-0.008320341118351829,-0.005258898664373717,0.0042154629169047966,-0.009617790132463059,-0.013540428059961914,-0.0029453725213256002,0.008442386898559496,0.0012031282782752409,9.999500033329732e-05,0.0,-0.0002000200026670447
2024-05-08,0.0162537439445066,-0.0003116721234516407,-0.0711892562615923,-0.002576214391773252,-0.017394554321906706,-0.011228549598477732,0.03150667109340406,0.006462627510172637,0.0033238861377730402,0.023409273188019875,-0.008038996268766677,0.00942031738212207,0.017469450867379232,0.020449924851581605,0.01565544250096055,0.010119871578026778,0.0358235511461838,0.0,0.0001999800026662447,9.999500033329732e-05
2024-05-09,0.03133521887929112,0.002179667685314609,-0.004976660917393863,0.0006685449845490561,-0.0009136294563147879,-0.0007461604176480099,-0.002504383978616246,0.008165215083658377,-0.116527236565482,-0.02986884655640004,-0.003088957797738893,-0.00011576083823782072,-0.00023944448993009097,0.008673081253428864,0.008079739130101427,0.016305262896729032,-0.0034863486794377745,-0.00010000500033334732,-0.00030004500900199243,-0.00030004500900199243
2024-05-13,0.010098411620920102,0.005211899866427732,0.0025936810663258264,-0.0069940404862997695,0.0020219156379491605,-0.01323278617966183,0.0188778581765888,0.0025525016759080188,0.021051124587992305,0.044069300787187765,0.008129060105063302,0.00023150827745497453,-0.007974236320941738,0.019788113613404906,-0.002838829745326219,0.01155733682352451,0.01387305486824747,0.0003999200213268913,0.00029995500899794244,0.00029995500899794244
2024-05-14,0.018339523699613426,0.013522856510131668,-0.006153865574378112,0.00556089640113496,0.005101803192292946,0.019557473460921022,0.039088208917684227,0.013580597719184972,0.03014346989653302,-0.060011160236559044,0.04162605874251616,0.004273263995388258,0.012156259741493435,0.0092299704182003,0.012757018419600285,0.011524069518267606,0.03718738353967374,0.0,-0.00040008002133969133,-0.00030004500900199243
2024-05-15,0.0014916180332979264,0.0034131806159403335,0.009488449629937524,0.0026735430801369977,-0.001686888092223863,-0.00510210457875131,0.003778936948625755,-0.003894175119271061,0.00923003700819409,0.012618955422011276,0.01830700542808167,-0.016383332811900356,0.02139118998131756,-0.00890749379496062,-0.003900939356685454,0.03513219146746346,-0.0022148403295528985,-0.0006001800720324606,-0.0011006054440330039,-0.0009004052431641551
2024-05-16,-0.000518571347590494,0.012516413362055376,-0.010449130414726225,-0.007465578318936721,-0.014421676070986374,0.0011383511696925399,0.0032948958968524846,0.014016524840616938,-0.01728489514069363,0.014828745463364395,0.011311991973486245,0.0037418191459955698,0.021780981883891014,0.0008862748837792481,0.016363140907992516,0.0038073527812462218,0.06197148188144255,0.00029995500899794244,0.0004998750416509929,0.0001999800026662447
2024-05-20,-0.003637548668282041,-0.021194052757420114,-0.010767635784292703,-0.01091534623950588,0.00016468224597938972,-0.003273664451880248,-0.011342276603934607,-0.008865709354915506,-0.007485143797902884,-0.03476451886281759,0.0011545591171023928,0.0007000350303374865,0.007433286653409332,-0.005491413299019802,0.002545269185397075,-0.02034619130282005,0.01653499607971008,0.0001999800026662447,0.0005998200719675495,0.0005998200719675495
2024-05-21,-0.005219559054298125,-0.020587321020396555,-0.009692903893176511,0.01790403008614889,0.011363200451221793,0.004307405860509551,-0.005241851411600666,0.0007988588156653852,0.008325038860399776,-0.0012642226715400791,0.0052092915670077095,-0.007845014182038111,-3.778504090703039e-05,-0.005766045130380689,-0.018544889391426653,-0.01612701716208616,-0.03653215427912662,-0.00010000500033334732,-0.00030004500900199243,-0.00030004500900199243
2024-05-22,-0.015292632085199886,-0.008494089513419905,-0.011771061022685157,-0.005644597622789214,-0.0038496719864842097,-0.001281998438681635,-0.017836095870944074,-0.010089514620458385,-0.01405571356938499,-0.028306424239015048,-0.031234323074303127,-0.011824661840587447,-0.006254166126231886,-0.03472197002264649,-0.020146150924986346,-0.019702129833655976,-0.0240284108257444,0.0001999800026662447,0.0003999200213268913,0.0001999800026662447
2024-05-23,0.0007303874698056912,-0.00761135223431863,0.02402833545167516,-0.0026899814472090243,-0.016279276007673878,-0.01643861203016075,0.016880072853578006,0.010431687421059604,0.0019138761822841976,0.037044229271450194,0.03629640451172661,0.008409880777285751,0.006103011683893054,-0.0016034435267985397,0.0009266982407228952,0.0016065873522940067,0.0068728792877620504,0.0003999200213268913,0.0004998750416509929,0.0003999200213268913
2024-05-28,-0.03498702227876046,-0.014558538360942536,0.01470412640888328,-0.03146634434943219,-0.0242798933585651,0.00455390438942848,0.007622714375555383,-0.00583292098101766,-0.03568331873563853,-0.033066789878746554,-0.007360515885428567,-0.044253407842237726,-0.016537490135849233,-0.026965040573147508,0.001110905502139462,-0.021397155631645362,0.05026536899294465,9.999500033329732e-05,0.0003999200213268913,0.0006997551142732649
2024-05-29,-0.10164031864906647,0.009771855321593794,-0.007462465740306398,0.009976869440029184,-0.031009968709245238,-0.0687461323674556,0.032682647430358404,0.009134569110327109,-0.006848585257107884,0.0027505882563101294,0.009702085806450668,0.011644428931786617,0.0008833074676131174,0.009069377647860857,0.0018949466072905226,0.006538642012700582,-0.026047661210675515,9.999500033329732e-05,0.0006997551142732649,0.0006997551142732649
2024-05-30,-0.007714967800911338,0.031052723341585216,-0.004062666975441854,0.004413286229498812,-0.008852268214334229,-0.0024926188758883122,-0.008302630719740082,0.021254665749708395,0.022142743980553617,-0.009660342204312613,0.0008991458720563721,0.019071187546392872,0.023521569994546885,0.02295043358691071,-0.005881416448861953,0.01956299154137854,-0.023496987030350813,-0.00030004500900199243,-0.0006001800720324606,-0.0006001800720324606
2024-06-03,0.0033682953073444224,0.005566221310596012,0.0147257891986462,0.012061229765594596,0.02023388044741745,0.00808397357523792,-0.05229328227590763,-0.020572925012021077,-0.012875246054167504,-0.03553715584133148,-0.04228351738716889,-0.02899105335058595,0.013408022094433375,-0.012600056765679758,-0.00013935016396194623,-0.015396530557561036,-0.027018803106551036,-0.0005001250416823539,-0.0015011261262672026,-0.0014009809156281003
2024-06-04,0.02049918609929905,0.020148431760503238,-0.00887802047900446,-0.0019355469122135406,0.01022320156122853,0.016435332401297645,0.01789648732181808,0.003854443044332944,-0.00352035567081825,0.0028696846162012644,0.037900047432501575,0.010163560212612438,0.00011098163265355101,-0.010178422560640464,0.011775979441184805,0.004553050815853918,0.013965680861971636,-0.00030004500900199243,-0.0007002451143934259,-0.0008003201707691552
2024-06-05,-0.005555986962886197,0.018742502472152152,0.008333950824669496,0.010024180324002962,0.0024710013259346577,0.005098869821615992,-0.024261257890304422,-0.0003395009368885229,-0.007966406371031234,-0.003969096964244006,0.0036642179457171496,-0.014727806710243511,-0.0022590510486743204,0.0007734284749402992,0.007364241400237909,-0.0085158665489931,0.0404131518313841,-0.00030004500900199243,-0.00040008002133969133,-0.00040008002133969133
2024-06-06,0.001203912861741307,0.005029745211188377,-0.0023156041130829134,0.03125106804359469,-0.011514589247273227,0.015808722836477163,-0.024361135118596382,0.004967832278530207,-0.009375068665455934,-0.027798632837933147,0.006514291675483327,0.002469746871583414,0.035725237494773646,-0.0166309593244287,-0.036335575063633885,0.026523556037480803,-0.06741682703148565,0.0,-0.0002000200026670447,-0.00010000500033334732
2024-06-10,-0.006563832084046017,-0.010204170174241736,0.007404673620554245,-0.01658972392902621,0.019979381411272007,-0.00590442606604427,-0.002015114032020977,-0.013835557510102488,0.005925446371861403,-0.008474997211951578,-0.05453727209076117,0.006270383856909707,0.004568662692002353,-0.008156151330950446,0.011979004077235754,0.004550408484895199,0.0014986889279464803,0.0007996801705642441,0.0018981972830802655,0.0018981972830802655
2024-06-11,0.007916503816561404,-0.00964685871825567,0.01056999776017556,-0.013606946700803254,-0.029280477847741213,-0.006113442557506883,-0.008609827812683976,0.007055104365956414,-0.014710275927594251,-0.01164958898939037,0.008020093114001384,0.02421719027035587,0.007945276429511572,0.018928560255216033,0.0026581497219368565,-0.0010862589326646988,0.011909333166486638,9.999500033329732e-05,-0.0007002451143934259,-0.0008003201707691552
2024-06-12,-0.01964193128687696,0.0028257947557513282,-0.021800335289729328,-0.00894968202371509,-0.012006129607309958,-0.0024602400800561213,-0.003056548482548878,-0.010028574077373101,-0.0005657708778924563,-0.04002707457119844,-0.0021240715176542883,0.0009565945964425786,0.00795274794621402,0.0115975699636987,-0.00818354306391281,0.003255243318438549,-0.022447631672158443,-0.00040008002133969133,-0.0009004052431641551,-0.0008003201707691552
2024-06-13,-0.005529543311189764,0.012114126961051058,-0.0008901976141670352,0.002220828412412625,0.01543007257918326,0.13550496375355972,-0.013354076211323326,-0.0030972207150837374,0.008340895966847218,-0.04459036591139624,-0.001689982563520997,-0.014567163028753473,-0.036296249396033424,-0.006512448038475879,0.012876315063108093,-0.00632288215968499,0.021707439188326464,-0.0006001800720324606,-0.0008003201707691552,-0.0007002451143934259
2024-06-17,0.03815382510495286,0.016296874871728848,0.009002311358964999,0.0029855080681767733,-0.004754754963480753,-0.005842164082954074,-0.019843993198272434,0.022156220761138202,-0.0068705569585277015,-0.03910865296525064,-0.031823470789048555,0.021119095455027867,-0.0016004659316212922,-0.005603704477898965,-0.001205937066370492,-0.0012892350672522642,-0.0018528817604179613,0.0003999200213268913,0.0005998200719675495,0.0003999200213268913
2024-06-20,-0.012306700167756266,-0.005676679472291034,0.015361078169783526,0.016499349063947122,0.07956005290118652,0.0212001991257541,-0.026183702615727257,0.007612261095185371,0.0049605513219712185,-0.05026804895230631,0.041796750488309366,-0.0009503445714068995,-0.006537522599147865,0.007664852579639187,-0.0032074402860713938,0.01594835929441436,0.0007415647355035913,-0.00010000500033334732,-0.00040008002133969133,-0.00030004500900199243
2024-06-24,0.010748778564769527,0.0021105712237517713,0.008919121959223945,-0.0021779280423711075,-0.005875209629068624,-0.012373780934375092,0.023014127854448122,0.003784510305037703,-0.007563393282589725,-0.02016821281292179,-0.006096821174868955,-0.014485199699262374,-0.02155639024839082,-0.0024910892064326663,-0.0010248288967020906,-0.003326162330871564,-0.021731840627339405,0.0,9.999500033329732e-05,0.0
2024-06-25,-0.011950250512258688,0.0023398665252949815,-0.006048338534203325,-0.0057993222382729664,-0.008336242067477148,0.003372684478639156,0.0005289606047695034,-0.008815545568875257,0.002037582774237604,0.07784296162491261,-0.01705570152560122,-0.006654189455177822,-0.012773586894448463,-0.005087314270062129,-0.009271031427932681,-0.005896822984029972,-0.003414915100069124,0.0,-0.0002000200026670447,-0.0002000200026670447
2024-06-26,-0.01735615207536636,-0.012700823401462037,0.010676139997234676,-0.002195390563435615,-0.004705426493387064,0.03366444617775889,0.009473755067290179,-0.0006727211824506214,0.01693150275491739,-0.040809529500217503,0.01217642248470258,-0.0043795690440215,-0.0023919368998670423,0.006118862543430393,0.01127312731262078,0.01681204684046082,0.0053070632521070365,0.00029995500899794244,0.0006997551142732649,0.0008995952428359939
2024-06-27,-0.008985200411147011,0.014860336307704844,0.00013190871935753724,-0.007096309027453456,0.0007253544663564713,0.015930664403558347,-0.08297173553865039,0.001680955178126712,0.001555383048819018,-0.00782109414558324,0.01703597530214227,-0.0029304050274168883,-0.019266791864637752,0.004970870708730663,9.30232558810317e-05,-0.009544287488166854,0.004526601467413703,-0.00030004500900199243,-0.00030004500900199243,-0.00030004500900199243
2024-07-01,-0.03014988949659415,-0.03295308241776998,0.017714618216609215,-0.006856286817092889,0.0013833083030561375,0.02167011127099567,-0.0022792032658626588,0.001342732662295114,0.00818136127842482,0.01599369433277818,0.012863095401716427,-0.010942507906634986,-0.027700425462952306,0.0007691322004591234,0.002554754391358359,-0.0055934594585317875,0.014942377379916329,0.0,0.0014988761237359487,0.0018981972830802655
2024-07-02,0.0027787719837443566,-0.012856453613524171,-0.01048630444710277,-0.008465967948798343,0.0062994401038981886,0.004288759144360938,0.020328198587484584,-0.0038091016255373754,-0.005409894508052886,0.030740437253857306,-0.002498401713955629,0.0018526529105666989,0.007936549595736342,0.00025624599755838946,0.011209897112027878,0.0,0.03174869831458027,-0.00030004500900199243,-0.0005001250416823539,-0.0005001250416823539
2024-07-08,-0.005645015984226935,0.025371212319971706,-0.0018349831480904996,-0.006765726646700665,-0.02547296604663499,-0.007270070835429328,-0.011807840311130424,-0.0017975513210036812,0.023522773762315263,-0.1010514771932773,0.07745805903900374,-0.0038326065335038623,0.00669689325789105,-0.009007910607430026,0.0026113862051015033,-0.019174995130973246,0.010007231476245396,-0.0008003201707691552,-0.0016012813669738792,-0.0015011261262670914
2024-07-09,0.013070010601568172,0.0005354115360360668,-0.004009338572646012,0.013777148884504665,-0.008829037976339021,-0.002600459641407046,0.013483350337287207,0.014290742256998551,0.013959208737372828,0.06866121485907031,0.03800379788293521,0.027609865203432296,0.003762054754464281,0.007726023494321186,0.003653639431579032,0.019666903252457086,0.0014214643473774466,0.00029995500899794244,9.999500033329732e-05,0.0001999800026662447
2024-07-10,0.029084216816623622,0.010471919390516518,-0.03922071315328127,0.010905864980577466,0.008594158351066665,-0.012333293618884794,0.039928738543039986,0.024203119773573093,0.0034064329298937293,0.010777625493829115,-0.011041380277807352,0.0365569778031178,0.00911114818174167,0.06529182891543507,0.017578003942604215,0.015227234190429175,0.018297484441578037,-0.00010000500033334732,0.0,-0.0002000200026670447
2024-07-11,0.010720498035664754,0.0021752558622842306,0.0053282454085803194,0.0003838771640230955,0.04154256440544713,0.0025432545857307413,0.012786535423593776,0.002377608382564766,0.010991444412801483,-0.0008170769528216105,-0.0018154316635085382,0.0201260315155517,0.012747857060188316,0.009487812850949885,-0.0006272963732898786,0.007815932102952016,-0.019718948788955394,-0.0010005003335835344,-0.0011006054440330039,-0.0008003201707691552
2024-07-15,0.02855313434818329,-0.006362693787828769,0.030065343310966653,-0.014497209539417525,0.04522268902891601,0.013308772384633467,-0.06789689813411248,0.009775038895413398,0.02429773775287003,-0.0016361594814764868,-0.022609271341310317,0.04616803418275186,0.023524267598676884,0.0123813734197424,0.02295182717820227,-0.007041263719096779,0.01727524011955474,-0.0006001800720324606,0.0,0.00029995500899794244
2024-07-16,-0.01899448707661055,0.03524619491296177,-0.02178793666376832,0.01890123772029405,0.001844451798647732,-0.006108213710148027,-0.044014052559597006,0.0054368237968033814,-0.0029794032416263373,-0.027285265464258617,-0.107647304969823,-0.020207144849275542,0.010929476825429022,0.011610369250109281,-0.004654030177814534,0.012791710847534448,-0.03340751326318429,0.0,-0.00040008002133969133,-0.0006001800720324606
2024-07-17,-0.01152685381156611,-0.02384570709517601,-0.007596346891934763,-0.04503813655958049,0.007648805838670813,-0.011143569428753284,0.01118645754071495,0.0024422629606839783,-0.014509530120578807,-0.013447182354133553,-0.023224394080759433,-0.012502953674793971,-0.0144492887421421,-0.02161399723637452,-0.0064016465503054345,-0.0059426993639622025,-0.01713182049688298,0.0,-0.0002000200026670447,-0.00010000500033334732
2024-07-18,-0.0014407585430642289,0.0068712784181697625,0.0075287770415763235,0.019396946584849202,0.0033166517037614817,-0.010561094686194728,0.0011702751481904663,-0.014743856824364894,-0.007755226460362267,-0.018505100404583964,-0.02726702195463147,-0.011637891930238927,-0.013900129374801817,-0.008826042266530325,-0.01810064836849581,-0.0009618159825822498,-0.018928009885518796,9.999500033329732e-05,0.0003999200213268913,0.0003999200213268913
2024-07-22,-0.008611873519052347,0.004805057440352701,0.005122340511982557,0.018354484675130366,0.0034570631227918576,-0.009097518557412362,0.026545124698356234,0.015061973575894422,0.010569927302240305,-0.006645990578695287,0.01583906402974595,-0.0893387274994278,-0.026634323809405287,-0.030819080124972382,0.003826162080373977,0.007764237422710218,-0.0003747423690098073,0.0001999800026662447,0.0005998200719675495,0.0005998200719675495
2024-07-23,0.026511125548331863,0.017518194732208364,-0.03085779683032036,0.031634421192435036,-0.005007521730622293,-0.027799942623837677,-0.014339219018852673,-0.0019102202561192376,-0.008782992470305674,-0.006580414181739254,-0.06277384532798864,0.0035973492865954524,0.01627312159884238,-0.04929684056853395,-0.0035105126290124154,-0.014232377943912229,-0.00941449243122509,-0.00030004500900199243,-0.0002000200026670447,-0.00010000500033334732
2024-07-24,0.006093501800307017,0.03326385146209828,-0.029552562227733076,-0.012194129150910235,0.004371591661496295,0.002088056515388826,-0.004632318648279518,-0.00021247211383441537,0.0120049460968234,0.0013195515440088063,-0.044608915710605594,0.017430170010626887,-0.006013432661227213,0.003799987299965598,-0.015768395241241465,0.0013550137574595796,-0.039356931284125055,-0.00030004500900199243,-0.00030004500900199243,0.00029995500899794244
2024-07-25,0.01718734927423084,0.01627999912033218,0.0004997679752754983,-0.006818208231776984,-0.005041159815068733,0.019152075732691336,0.016691034968407084,0.0074097936148104235,0.006206702453258654,0.01958713327530478,0.012001150111698939,0.027839570907864306,0.009006642616923275,0.024774603842581504,0.01047941064525488,0.2069378904440002,0.0027510333718897976,9.999500033329732e-05,9.999500033329732e-05,-0.00010000500033334732
2024-07-29,0.015678945514652542,0.008711137518502096,-0.00795446524629457,0.0007598784560166406,0.002250403893499972,-0.006900087497828379,0.0017108644036296092,0.005678845843067475,0.009340586258016037,-0.003129893008927593,-0.011133972719590393,0.011179875198471812,0.012376159948423327,0.0008405480868089934,0.008529894886812226,-0.0032294935713093843,0.013642776403786479,-0.00040008002133969133,-0.0008003201707691552,-0.0010005003335835344
2024-07-30,0.0135998393583285,-0.007847393133124244,0.004092628221906553,0.005869561488271927,0.004304210821951298,0.02373639448439884,0.013582551765868912,0.00020970955303852256,0.004078309078507596,0.012461220437812033,0.042704070901531804,-0.004809675527907363,-0.0014391761308471154,-0.014642045683292257,0.01794868590605466,0.0062918021165278,0.021448543407483693,-0.00010000500033334732,-0.0002000200026670447,-0.0002000200026670447
2024-07-31,0.010272376264353978,0.023412529816006562,-0.032553393336983406,0.03897017713197153,-0.007712198541062355,-0.009544177506665487,0.0067227143948767375,0.0636666272042775,-0.02932276986331774,-0.005352185758705685,-0.08625660300859446,-0.029838709709256703,0.08573774711502807,-0.019543474247805673,-0.003448889163265922,-0.008503318695935364,-0.013735431508758703,-0.0005001250416822429,-0.0006001800720324606,-0.0006001800720324606
2024-08-01,-0.027103468209744647,-0.002216359746325911,-0.052115696510565655,0.010476028256782352,-0.015140869374899403,-0.03774525526149344,-0.04452790373659191,-0.023994381250755495,-0.009263224131872534,-0.06863261194288427,-0.00030184123380384137,-0.001697587409009778,-0.02013384713454425,-0.014537430903183143,-0.0019064092138614658,-0.009773229433680076,0.00038409833389451467,-0.0011006054440330039,-0.0013008457330480696,-0.0010005003335835344
2024-08-05,-0.020196836171559835,-0.019093913413166477,0.017317788806632275,-0.016394552248578997,-0.013929147196739078,-0.023012059606366878,-0.03625954424319656,-0.006469897215010585,-0.023973750897998747,-0.0896588605504054,-0.01766453728203561,-0.009021151023996385,-0.011351183812281906,0.016274748921811993,-0.0208060594733292,-0.002798546583211182,-0.055262678675049415,-0.0028039273327342593,-0.0022024235552000394,-0.0021022080918701985
2024-08-06,-0.017023577419518085,0.009645860116665406,-0.1436670049055973,0.004010213175958668,-0.0020731906279144383,-0.001128602404242567,-0.007900375337093604,0.006973599436913131,0.0034602110648956526,-0.00592725110050437,-0.011667120947342577,-0.017168333747944207,-0.00402878242770194,-0.02575853371978966,-0.0006798867117418544,-0.016632064323990753,-0.01266098186988784,0.001199280575482187,0.0010993954433010642,0.001199280575482187
2024-08-07,0.02068631684509662,0.015294945035637861,0.014320473147857078,-0.0016385984549391777,-0.00675187925487067,0.031846041810651524,0.015738823670714455,0.015688555603076457,-0.01161730670504442,0.03443686667075091,0.05775407588410692,0.002737000962157067,0.0063594932735516,0.008777819360962268,0.015566267164771223,0.01855191132596053,0.027565588094096517,-0.00010000500033334732,0.0005998200719675495,0.0005998200719675495
2024-08-08,0.0010231675233027737,-0.00247153913312008,0.0038307551634307628,-0.009612377761666246,-0.0001583004863130743,0.01136397175068136,0.00060042031224394,0.0034641495522304807,0.10305360867669915,-0.0022021051228161346,-0.015152364996388775,-0.002737000962157005,-0.0035160771011347285,0.003260920353142633,0.0024522383379071678,-0.0077016024482128,-0.00039992002132694667,0.00029995500899794244,0.0003999200213268913,0.00029995500899794244
2024-08-12,0.003791197308526524,0.006821308850737953,0.0156913297946756,-0.004332802353376403,0.011020956691841877,-0.002015828665299361,0.013711094081012056,0.005124678604847165,-0.004838798756433268,-0.05578332858038386,0.04982875334129873,-0.008758814754042022,-0.006056473323906937,8.798557042304028e-05,0.01546582017558527,0.009458230175551592,0.01666044089310739,-0.00010000500033334732,-0.0008003201707691552,-0.0009004052431641551
2024-08-13,-0.010166479957591205,0.009213296830002719,-0.005661849215995367,0.015128881596300218,0.0015645537955844635,0.008502297708956968,0.002955958404199718,0.006271456126022429,-0.012851982626129908,-0.05825595819487655,-0.0026961844061158375,0.002384988264139542,-0.00021698249759655275,-0.0037020756252766477,-0.008189188547192307,0.006520379335347551,-0.011473914205807243,-0.0007002451143934259,-0.0007002451143934259,-0.0005001250416822429
2024-08-14,0.027980949843000393,0.002070394114308495,0.022457561707421674,0.009509649168255661,0.016435497720570992,0.026273278681812545,0.01929320293467885,0.001659265423875022,0.011266882234802612,0.08281590331606452,0.045893305487197056,0.006124636356542236,-0.009484599690228322,0.01577043372903786,0.0031338994111584037,0.007815932102952016,0.028635021788210646,0.0001999800026662447,-0.00010000500033334732,-0.0002000200026670447
2024-08-15,0.001071696598125745,0.002581979229412173,-0.021855540618501493,0.0005406866852456777,0.005490390296864694,-0.0012639715664120215,-0.0005792065033052152,0.021419053283956577,-0.003575689149448764,0.002902027145505894,0.008110344537453643,-0.007504725654067693,0.007855728499539019,-0.003047057596305548,0.022140804195875302,-0.0008654262764288219,0.02180235527248635,0.0009995003330834232,0.001199280575482187,0.0008995952428359939
2024-08-19,-0.0020729840512563663,0.011537110406955549,0.009157494779240919,-0.0020742217834927557,0.01049774584493543,0.015757108691487682,0.0069284341819639194,0.00038175224743049196,0.011869575555383947,0.05931195963099741,0.05142791106676037,0.014334929170992093,-0.009536708248554867,0.00104575172928961,0.0020238999265080764,0.005103053272320615,0.01651069401120199,-0.00040008002133969133,-0.00040008002133969133,-0.0006001800720324606
2024-08-20,0.0017158794515253679,0.0019354187563331135,0.0025525411629936257,0.005581577328256938,0.009729431991727324,0.006276393782068744,0.016548166494359258,0.005139442168301614,0.00402336051293224,0.05069943487725348,0.008974949648830619,0.013277795266039097,0.0076511467355197295,0.00867232909056563,-0.0013344527496311667,0.01190999949860627,0.002972874727606291,-0.0005001250416823539,-0.0005001250416822429,-0.00040008002133969133
2024-08-21,0.0016416262920876073,-0.0008144566497557455,-0.019131540492677755,0.006353773221015679,-0.009124233316796501,-0.014868110397410447,0.005643355834954768,0.011984101907140336,-0.005203998194347647,-0.019604001425409932,-0.03948689140555486,-0.00920195438611517,-0.003964001917599893,0.02177991033572259,-0.01204729425980647,-0.0048869507335809505,-0.02099814683977347,-0.0007002451143934259,-0.0006001800720324606,-0.00030004500900199243
2024-08-22,0.004624861493393856,0.0059910820952610005,0.012053525184362618,0.005249355886143745,0.008134535093945362,0.0015415780922312945,0.017294712797470396,0.006824050786299025,0.0024580908104751414,0.0408219945202552,0.02139118998131756,0.017230217917462223,0.005197271325607887,0.023711246103205103,0.011487154641136374,0.01504948334161897,0.030231822786718873,0.0006997551142732649,0.0007996801705642441,0.0006997551142732649
2024-08-26,0.001631379586552692,-0.008285304213487516,-0.0009418212092219588,0.0036316971578166943,0.02110966830479016,0.016908014772523693,-0.04006177471101669,0.0034410636139959767,-0.005119633117988026,-0.016938225327984672,-0.029332992146873602,-0.00949489786904149,0.007403829620636144,-0.005294519316974099,0.0058872991858690505,0.006489810905372162,0.005865119452398058,-0.0005001250416822429,-0.0006001800720324606,-0.00040008002133969133
2024-08-27,-0.0002835270787351459,-0.0026576730352298196,0.00674438036911787,-0.0017699119664583583,-0.008823109305270443,-0.012903862270163905,-0.00983519643360633,0.010344601345291391,-0.012215256906930408,-0.011074810899689314,-0.027893744037924283,0.0009779951879767099,-0.0040382243447274185,-0.012100118425430505,-0.007051669587165338,0.0015968977957222213,-0.024793129337916858,-0.00040008002133969133,0.0,9.999500033329732e-05
2024-08-28,0.01036717208690643,-0.0011265298953672695,-0.00794434622837077,-0.0012408049097045611,0.008323542742330733,0.016086422431478536,0.0034823018358747116,0.007324027978478407,0.015073668985725796,0.04064015980750757,-0.005961984423708819,0.0031718948150114934,0.001119355945650112,-0.01088939979926832,0.005164633816841171,0.00982920358700896,0.0044859888314350135,0.0001999800026662447,-0.00030004500900199243,9.999500033329732e-05
2024-08-29,0.0027325292882693104,0.005772832706626948,0.006070729601236999,0.0045126829667102636,0.005101453540513922,0.008356399803070466,-0.007560373319253492,0.0066366896626367765,0.0023594191047697356,-0.015393377072723794,0.020881561317152943,0.01953988111941658,0.006295550966630065,0.014743937837947368,-0.0071515038553980415,0.013303634177482104,-0.017306677260496457,0.0001999800026662447,0.00029995500899794244,0.00029995500899794244
2024-09-03,-0.033872599316785844,0.003559446451048864,-0.018063453467666787,0.009926729733075443,0.005948059639317659,0.0014613018622518803,-0.011153623112120072,0.001177269775998143,-0.01693361252943974,-0.06287785095243063,-0.053151437772234904,-0.0410858053942775,-0.015103625745510352,-0.01669797609616414,-0.0037252057287073636,-0.019038200560425263,-0.025755796165610988,-0.00030004500900199243,-0.00010000500033334732,-0.00030004500900199243
2024-09-04,0.0014465502305449774,-0.021289951788752537,0.008212001026523717,-0.011428695823622857,-0.008935409564815344,-0.01280655722554708,0.0,-0.0072668137018408584,-0.010138104398824323,-0.02569606573362733,-0.010203078060450073,-0.03147975000121184,-0.004085956580217442,-0.0017874627051360679,0.008297726852287052,-0.005691534999788097,0.021191315057022004,-0.001200720576518877,-0.0009004052431641551,-0.0007002451143934259
2024-09-05,-0.008419268777183343,0.002796045936955494,-0.01631697371391359,0.006697240400861173,-0.003202259005088077,-0.00799056702640269,-0.04528392153436455,-0.007320007065273111,-0.02637380708854016,-0.0715038040153339,-0.03718606615026529,-0.012276435113347223,-0.01785168935462144,-0.009329463825236455,-0.007430160754406002,-0.021539294246991237,-0.029009963174819693,-0.0002000200026670447,-0.0002000200026670447,-0.00040008002133969133
2024-09-09,0.0060313375437022285,0.030301490808170007,0.007323485216540058,0.02814404053111019,0.022865120400296434,0.01945767913853667,0.015323621938489995,-0.00414117372750489,-0.019032259096651363,0.022120243482115907,0.0612767876647476,0.022753086451896113,0.02397438059054641,0.02940266880642108,0.008591526134311559,0.011519706809948708,0.01789234818433529,-0.0009004052431641551,-0.0005001250416822429,-0.00030004500900199243
2024-09-10,0.004842274485298921,-0.024167292857299537,0.0072702414743422575,-0.004364390137653927,0.007478437741917465,0.010217777620448608,0.08284618582031898,-0.010009351407093126,0.0202744952812424,0.12737536788873896,0.047976402209917085,-0.00280005273945199,0.008970292001469541,0.0068236929498866426,-0.0015918432169448528,0.0010755993661441224,0.00691512551993252,-0.0005001250416822429,-0.0006001800720324606,-0.0005001250416823539
2024-09-11,-0.016794898382002134,-0.002933534436926927,0.012000829781271666,0.001970612812665105,-0.0011996573846650553,0.010574854529218553,0.014452725166480355,0.0056657375356773,0.006599322775021286,-0.008998935868569473,0.006053971854662484,0.011909427471683623,0.008283625442549677,0.01096963451579534,0.017414755698246832,0.013727051511497898,0.04308589244926676,0.0004998750416509929,0.0001999800026662447,0.0
2024-09-12,0.0067227143948767375,0.0009788013042225797,0.0033175990618008154,-0.0036873514317194494,-0.0008863854641277805,-0.08850193641140834,0.022914259522875832,0.005725911469760145,0.012562081142423935,-0.012049708145600708,0.010162420836585374,0.007153196090708319,0.014570850716340426,0.020379871509818966,0.009894609261686225,0.008672427191366594,0.02713134405136386,-0.00030004500900199243,0.0001999800026662447,0.00029995500899794244
2024-09-16,0.0075455628992744045,-0.003920966690838189,0.036440434970150044,0.014753177663091062,-0.036530816236179216,-0.041530828146007136,0.037060885099851296,0.008893022166068368,-0.006721002896655063,0.026854823791308765,-0.009830844852911738,0.030783026501465485,0.02433802290401403,-0.0033007315721927163,-0.005630030416888177,0.002924088306537556,-0.002143623543251342,-0.0013008457330480696,-0.0006001800720324606,-0.0005001250416823539
2024-09-17,0.004759166756066271,-0.002639821404114421,0.0024535875562466465,-0.027897607660514547,-0.0025548868655130086,-0.013487831042251276,0.0010389611324192604,-0.005491501993675232,-0.004711192654863983,-0.03662333219988207,-0.016917256787523295,0.005079836758170836,-0.013242936824889695,-0.0012103120047661587,-0.007740336837031154,-0.0015734465464752388,-0.026088436084297967,0.00029995500899794244,0.00029995500899794244,0.0001999800026662447
2024-09-18,0.02092900992997892,0.0035182155495179527,0.0504147841209217,-0.006374732324109393,-0.0028000375745427047,0.03540004461406038,-0.018868484304382916,-0.010054044013864416,0.020625572419591443,0.031153042254037904,0.05541856563774098,0.016748806405956013,0.001460819013911748,-0.013329196043145383,0.015421220750811466,0.003592818236029805,0.030727159834840756,-0.00040008002133969133,0.00029995500899794244,0.0004998750416509929
2024-09-19,-0.013189809710957533,-0.0007750136015297705,0.01869788632174396,-0.003949972219314156,0.002919014374207245,-0.007895229523870036,0.0,0.00046341351216268366,0.0007539393687282104,-0.03764130508049093,-0.005052938570906374,-0.016748806405955996,0.0009032482809689379,-0.007968169649176845,0.012630522307461735,0.006924565102499301,0.011327554749944322,-0.0002000200026670447,0.0001999800026662447,0.00029995500899794244
2024-09-23,0.012626072115871613,0.000206729030660309,0.0022843229304291696,-0.003171250015017193,0.01006163791324241,0.0033831277429951993,0.011049836186584935,0.010874680939524546,0.0230945676779672,0.05021169141644021,0.01508285824049795,0.03380503356639619,0.026082325722368304,0.025728033108807065,0.015810929842173665,0.018015855481676918,0.0335729748796347,-0.0002000200026670447,0.0001999800026662447,0.0001999800026662447
2024-09-24,-0.017276744112128695,-0.011695431799659416,-0.005873619998558095,-0.00646162903253898,-0.007596058218707209,-0.011843089755402315,0.02173998663640604,0.005393312584217654,-0.02183926385517145,-0.04383892203586256,0.023101483108034913,0.0011656371526121835,0.00043970168640659424,-0.0012064182908517584,-0.001382676104788478,-0.004528530126055146,-0.010951512603594435,-0.00030004500900199243,-0.00040008002133969133,-0.00010000500033334732
2024-09-25,0.05102791207408289,0.003340644092257727,-0.011232615408922031,0.0010650573475057823,0.05416559321467655,-0.004877680776303947,0.005616558037732301,0.003458321612057612,0.004705891037412714,0.0945959240704175,0.033203863588033615,0.039628365373351654,0.012567792020673508,-0.02172141532722088,0.005073989494055976,0.020577454075075722,0.0068587374498415305,9.999500033329732e-05,0.0004998750416509929,0.0004998750416509929
2024-09-26,0.00895528372910399,0.014947652174850723,-0.007767029337659547,-0.002664773294771703,-0.017321236444794313,0.00019401276664862783,0.021657859881926877,0.004713142051968255,0.014478634520017408,0.009204123130313557,-0.01892534788015043,0.014230367985401707,0.0030009025221103412,-0.004698908114151541,-0.007967521823651787,-0.015466088437840019,-0.013764842246253477,0.0006997551142732649,0.00029995500899794244,0.0
2024-09-30,-0.010182696089132208,0.011078607247638478,-0.021914797879270562,0.010000525843102083,0.006498711732734894,-0.024906028704098103,0.008434681611018022,0.01996395922456127,-0.01737965190994662,-0.01817563298545018,-0.028388206852584176,-0.018381846598646147,-0.030181915499964664,-0.032842157140129495,0.0024050721904419377,-0.0017495266162478298,-0.009749380844003503,0.0001999800026662447,0.00029995500899794244,0.0001999800026662447
2024-10-01,-0.0001364721940023799,-0.0007110569653039601,0.005642772771055148,0.0007042253812168317,0.012170650179543628,0.005968627984675426,-0.017443751553383804,0.012420331434025857,0.009571359210989039,-0.002654070245255366,0.00018777579625170758,-0.010284319609735566,-0.00491891675119878,-0.007456644792018436,0.00020355405448172127,-0.011963884490397635,0.01458865748475269,-0.0002000200026670447,-0.0007002451143934259,-0.0007002451143934259
2024-10-02,-0.013672960269462566,-0.006985013231875681,-0.007078408685202148,-0.012485219957822735,0.013797551400989466,-0.003981740782258075,-0.03895930941371941,-0.0061468405694135005,-0.0032798319915085515,0.0025480425719333804,0.019031662668346633,-0.005924592925074971,-0.015358722978370558,-0.007425990433284102,-0.0006922529035481703,-0.004811082149209104,0.007899749136680482,9.999500033329732e-05,0.0003999200213268913,0.0004998750416509929
2024-10-03,0.002901356000451016,-0.005952703983942287,0.035748887851296,0.003646555381567717,0.0027644181921654544,0.006765470603734609,-0.01156690078179529,0.015123326832078132,0.01020164347013774,0.07926754862513065,0.04824905839930281,-0.0012577898862499164,-0.0002801709060842057,-0.0041688439740332735,-0.0019980026626731087,0.0036289615830315675,0.004437624623160303,0.0004998750416509929,0.0006997551142732649,0.0005998200719675495
2024-10-07,-0.0024863608361052505,-0.006609887220904908,0.02020270731751947,0.017512657717185923,-0.005147945276095283,-0.021885153857382447,-0.0410203219595064,-0.024503926592590024,-0.0014792172708549512,-0.018087965345566736,0.011056266248410147,-0.010929070532190317,0.08349088492968366,-0.009619663162479537,-0.010792726385000034,-0.004296939490379068,-0.04707161447429762,0.0021975835434872013,0.0023971245997214514,0.0017983819413793973
2024-10-08,0.0013130163249152615,0.008974683716741056,0.02231519143206299,0.011449513574622512,0.012957477350008443,-0.004362233268505486,-0.025671052539165778,-0.012615923602469136,0.01741386206962612,0.016421379988495924,-0.010354347642146001,0.01412761107040602,0.01156452591686063,0.005345966020621915,-0.005461103308095624,0.0023730081584312315,-0.005369620920357617,-0.00030004500900199243,0.0,9.999500033329732e-05
2024-10-09,-0.014328686408694682,-0.0020560274526254655,-0.01997830144618042,-0.002850112047210585,-0.011044662295924206,0.01902528191124249,-0.020560404444179368,0.004940055854162471,0.0030019874382232964,0.010152371464017908,-0.040817121807689136,-0.016327831980008325,0.0020363365718144132,0.006012828014984422,0.007316047264197916,-0.011547042293694153,0.018492703380236977,0.00029995500899794244,0.0004998750416509929,0.0001999800026662447
2024-10-10,0.007537724131426673,-0.0008235960727036514,0.011900892676889806,0.00431518750209915,-0.0009143681106991268,-0.016316841650206877,-0.0005772005932254875,0.014675409018035492,0.007705682512993147,-0.009171690793090706,0.022345616128186453,-0.06452306411196632,0.006494866558864773,0.021487719736689503,0.010854312059099489,0.009619402313645895,0.01469071541000381,-0.0002000200026670447,0.0,0.00029995500899794244
2024-10-15,-0.033297530602868705,-0.01939486245962848,0.005564844633407506,0.014533896937111983,0.03143505762813389,0.01426935109781812,0.03237999438633865,0.009840177801511136,-0.006159788485323116,-0.03765362174540987,-0.07262000949487782,-0.007945417342166184,0.03121367553373631,0.04220878758013418,0.006820699578039714,0.011803899502490937,0.0038121688863543782,-0.00040008002133969133,-0.0005001250416823539,-0.0006001800720324606
2024-10-16,-0.01222305746854947,-0.00997290802706873,0.006416661025036,0.0005939502104948393,0.007733411121550592,-0.01142732348570108,-0.036429754043259044,0.005318929573403308,0.011041348789309102,-0.037118090608570714,0.000768295063082093,-0.018619232059822282,0.006316099536386068,-0.011643293227068044,0.005970407827298252,-0.004925937248004491,-0.0006920415501108047,-0.00010000500033334732,-0.0002000200026670447,-0.00010000500033334732
2024-10-17,0.010208233443781384,0.0015367090960920354,0.003156313406854704,0.012643459053260872,0.004547819702606727,-0.003892193311668929,0.01267298066859642,-0.004270345066279072,0.018354346852337004,0.00495233086333552,-0.0017936075527768007,0.0,0.010077710239290482,0.004443720281426564,0.010562210614998452,-0.0039878939195645445,0.058810830394246595,0.0003999200213268913,0.0005998200719675495,0.0006997551142732649
2024-10-21,-0.03944835557125053,-0.0005296329767364702,-0.006322620680129611,-0.027771306200867783,-0.013544586949451848,-0.0036234490712965845,-0.027271780089749037,-0.020648399708014433,-0.01140822253506778,0.013778923636690416,-0.012126833769972024,-0.0068807610922224285,-0.005222889889836545,-0.03186789524526811,0.010530580290036057,-0.025556904882292696,0.035271370225872505,0.00029995500899794244,0.0007996801705642441,0.000999500333083645
2024-10-22,-0.0032271407796461613,-0.00467290569939237,-0.027439948222874436,0.007635262074437421,-0.003124918358775287,-0.016521528191940624,0.0046948443042076635,-0.00017833259075348225,-0.026324894160672605,-0.026259254850113826,-0.007687334273702031,-0.01170356102014373,-0.011415822844267209,0.01622770717971741,-0.012123761811554322,-0.029427481630433933,-0.03298938064553191,0.0,0.0001999800026662447,9.999500033329732e-05
2024-10-23,-0.017746560086869863,0.00937680697611371,0.00627198187070495,-0.004024839515938388,-0.017418724162123703,-0.004463278408415179,-0.005872007477222442,-0.0011599376718782776,0.0007785130794136617,0.012585433951446547,0.00346009811506813,0.0005173305857747941,-0.013935359311444016,-0.03005517228516793,0.007663785598955681,-0.01132176571941672,-0.0006514658210862151,0.00029995500899794244,0.0004998750416509929,0.0003999200213268913
2024-10-24,-0.003833184699638792,-0.009536496114930154,0.013691157638123886,-0.020108148478211334,-0.009461748035525023,0.0017587606308867361,-0.0011785505194442526,-0.020383101068367413,-0.008106700644930374,-0.017386211294803142,0.01801966928868367,-0.006095602818110412,-0.012747782452902326,-0.029038095546603488,0.0020548493755270947,-0.013693391260256985,-0.001956947786961035,-0.0002000200026670447,-0.0002000200026670447,-0.00030004500900199243
2024-10-28,0.007956586998889561,0.008481365444631796,0.02349939240487773,-0.007205021943065067,0.006189232843063131,0.0034464645974921246,-0.026285862270925085,0.0022753138371356054,0.00966191091173689,0.0330278232069844,0.06216339911215179,-0.006787651696399339,-0.008589707333235686,-0.012195815915530333,0.01087543354771717,0.03559150566422832,0.024509450009178424,0.00029995500899794244,0.0007996801705642441,0.0006997551142732649
2024-10-29,0.00197929419063229,0.06166424392212797,-0.009333595540035334,0.009216655104924048,-0.046428202602886715,0.0026541314046815323,-0.006071664068549683,0.0008178472898955659,-0.01083942061505638,-0.011760556010048084,-0.11223454725230472,-0.005779603635964552,-0.008056470407707371,0.015640592541072154,0.005490774907844028,-0.013316398153999539,-0.01865005824528568,9.999500033329732e-05,0.0,0.0
2024-10-30,-0.009014575942012947,0.011693154422309818,-0.012606602874836174,-0.009481240369068429,-0.005062276680939866,-0.017828740414850525,0.004254032547225256,-0.04933986559546144,-0.007588860152821322,-0.008304909756848774,-0.03095883971027718,-0.010727869258587838,-0.007187581079539311,-0.0165366499486976,-0.015616450118838925,0.0071085719016613196,-0.032995404918596524,-0.00010000500033334732,0.00029995500899794244,9.999500033329732e-05
2024-10-31,0.04911534306636038,-0.0015708608600597384,0.012313519637099458,0.0450996805341176,0.002462020968760188,0.009824406718978763,-0.1142266019581612,-0.0007637231874797628,-0.0050582800636045245,0.0363827245113892,-0.015458636799440737,0.003986716243821383,-0.004259857346957452,-0.00620477688688287,-0.004110840209416198,-0.009777542792860076,-0.009098630586746271,-0.00010000500033334732,9.999500033329732e-05,-0.00010000500033334732
2024-11-04,0.025535143903375936,-0.009229392069323515,0.009916954541784293,-0.007362619473519594,-0.0005208634876714044,0.007469959004294457,0.052957442575101196,0.008084887335752628,0.0038703963365138996,0.01555429803405901,-0.0014108354484643137,0.0068728792877620504,-0.009227135871145847,0.02652580978993833,0.0036768381115030585,-0.0055174728132100824,0.007083854888405042,-0.0002000200026670447,0.0001999800026662447,0.00029995500899794244
2024-11-05,-0.01890850396150106,-0.002382844654080373,0.022172902777951614,-0.007930796695978806,0.030332133504758378,0.03714929071049178,-0.08824301258123249,0.028023503891490373,0.036470225506467724,-0.03259608198749547,0.02399333956466568,0.0038125333763535875,0.0011743599457630768,-0.007052215405324947,-0.030857988359905338,0.056842208303716994,-0.04538420632873039,0.0001999800026662447,-0.00010000500033334732,-0.0005001250416822429
2024-11-06,0.013337856789053413,-0.0034353174109716133,0.04482504251815821,-0.012925643119113308,0.012778478661893895,-0.007775331242330806,-0.039502442976246256,-0.010370463311631573,-0.002964948850832272,0.03409826042830219,0.03201141362959474,-0.00236468843768067,0.01966006345466738,0.005997548406526995,0.01594865741948495,-0.006367301185514042,0.023636832094623365,0.0003999200213268913,0.0010993954433010642,0.0015987213636970735
2024-11-07,-0.021353639707012224,-0.0050498844846943594,-0.09056472256916986,0.011126079670186775,-0.014464677526979237,-0.012535318821975444,-0.003669728888962513,0.00769555510782485,-0.1554446200552377,0.009065161446020983,-0.01256019467351818,-0.015508296764062355,0.0005432959018922162,0.0028099772616721743,-0.006792494112899646,0.009498594283067542,-0.021879671213756814,-0.00030004500900199243,-0.0010005003335835344,-0.0011006054440330039
2024-11-12,-0.017715255135256985,-0.15795909222294263,-0.013838721804227946,-0.007317210799507352,0.0404877896630723,0.07367180870972385,0.001469507979359978,0.019844279739146892,-0.006961627037775517,0.070353838379763,-0.060244498060458465,-0.02365454617105839,-0.00031955007621579007,-0.04492619032618087,-0.04255260068942068,-0.021747348662828382,-0.031024060601711995,0.0009995003330834232,0.0014988761237359487,0.001199280575482187
2024-11-13,-0.030701844303118196,-0.004235549599344142,0.013467209372864056,-0.006153332237773768,-0.022259860233622936,-0.004951204143080251,0.0275180288938923,-0.006905351807894612,-0.004517229589819812,-0.057936215528862266,-0.0033076897921745715,-0.0015057151568334012,0.009510703557608153,-0.00699496639548358,-0.0026125078064855047,0.00659668009949094,0.007217642303810408,-0.0007002451143934259,-0.0002000200026670447,9.999500033329732e-05
2024-11-14,-0.024487212092273107,-0.027734728504278397,-0.015427550798361049,0.007534786437787082,-0.02375607776264167,-0.05130620727078397,-0.0021451563463881357,0.01484190140363093,-0.010467725572905621,0.013908700607401904,-0.028788427779875357,-0.010603969085635647,0.0038547869149215446,-0.025159147927336704,-0.0017736491136152094,-0.019305471575713582,-0.008667443210168076,0.0004998750416509929,0.0001999800026662447,-0.00010000500033334732
2024-11-18,-0.010919557779696866,0.009530775485663341,-0.008032171697264267,0.010556678736077255,0.001074174684923657,-0.007497692105800813,-0.015873349156290233,-0.0017082494601349332,-0.0008009611962047956,0.027813965561466734,0.032741996528084766,-0.011417556501736916,0.033796426839842075,-0.010377586349450718,0.02776103584191713,-0.012404221375624278,0.03317586223889936,-0.00030004500900199243,-0.00040008002133969133,-0.00010000500033334732
2024-11-19,0.022654945159411286,0.007118745104648151,0.028574443997578313,-0.010297868399473133,0.008776180769950317,-0.00022019597530695625,-0.03477968006429253,-0.008040879932206653,0.006844653689965499,0.02870567470198707,-0.012924834242551718,0.004749939078711962,-0.000457421674515225,-0.001724138358139693,0.005616264993102691,-0.0027340563060786723,-0.014134510934904693,9.999500033329732e-05,-0.00030004500900199243,-0.00030004500900199243
2024-11-20,0.026782861670267985,0.023389089402106263,-0.014822810592199863,0.011407130853759018,0.011084611907042156,0.009841304999065452,-0.0022615916160564947,0.01342543929389811,0.0348560755089785,-0.00521668688652318,-0.0007997383101007908,0.016860543137798292,0.003136755879994478,0.01503358475448335,0.008304884078625025,-0.004075879604072559,-0.0021375141733108666,0.00029995500899794244,0.00029995500899794244,0.0001999800026662447
2024-11-21,0.013388691912143156,0.029943730795701784,0.03015749605813935,0.004254963444497081,-0.006641588376912525,0.015168647794869771,-0.015975995933724407,0.005889718970929229,0.01978540462425397,-0.005520809016984243,0.0062355190437924975,0.006420348534706173,0.008929846992649431,0.02250433456458172,0.012809842836981155,0.00860253995201021,0.01521883912355685,0.0001999800026662447,0.0001999800026662447,0.0001999800026662447
2024-11-25,0.0039521322087498895,0.023403006155329933,0.016822894125149455,0.0016969289665092902,0.0125237146113728,0.025351977077372117,-0.03591330522621233,0.01439890607326002,0.0021505384632283433,-0.014779280954514203,-0.004564067762611916,0.006244081641921191,0.008850810092201344,0.03135907948673331,-0.02796505212291116,0.03466697532312659,-0.02381488059335474,-0.0002000200026670447,-0.0013008457330480696,-0.0016012813669738792
2024-11-26,0.027670474773508296,0.010653002838639108,-0.010001882264256107,0.00835765280189119,-0.0028124760039476794,-0.022369024474122985,0.03207157941021361,0.0007013852645941804,0.008130126083250309,0.011081735606687036,-0.010804602115890077,0.0027027043478848514,-0.0046706671735510805,-0.011067733438462473,0.0022202130656220212,-0.00354142705207923,-0.012669852741051778,0.0,0.0,0.00029995500899794244
2024-12-02,0.00821863179910697,-0.008667562080535887,-0.005947649359964598,-0.022616165444014787,-0.026922012135895772,0.005010011061893225,0.004608303086194181,-0.06649193233170651,0.038355712617652124,0.010043853150510526,0.04126816625680686,-0.00108020534403123,-0.0077727622974459246,-0.022880104890470734,0.0018054249703219599,-0.010089984324066718,0.02978867307283246,-0.0007002451143934259,-0.0009004052431641551,-0.0011006054440330039
2024-12-03,0.0065836791405560055,-0.028161431910946725,0.011644437797060278,-0.0027555343363399763,0.021023270319652194,0.038437408020368616,0.028702876766443727,0.002152047614191801,0.007864004169197143,-0.061054484066533764,0.014057650108939498,-0.005690301223179418,-0.009603185695229423,-0.02902293399492527,0.003029064943946001,-0.005351694730145407,0.008801324197036567,-0.00030004500900199243,0.00029995500899794244,0.0003999200213268913
2024-12-04,-0.01675876241695192,-0.001644783854909849,-0.01997234040951393,-0.003282089662435983,-0.005291312334333251,0.0032194759410275682,-0.010479137809992262,0.007078356833342073,-0.009197816504631352,-0.014825267847692043,-0.01843402470873806,-0.017544309650909508,-0.016968611006082327,0.004753764419038742,-0.007425218206128968,0.021837246544629787,0.0010509722459750015,-0.00040008002133969133,-0.00040008002133969133,-0.00040008002133969133
2024-12-05,0.01946550956422172,0.00011352026348898024,0.004391750580979002,8.650893210118196e-05,0.01267999731173041,0.027018267666554054,-0.018223738956451383,-0.004091887044821055,0.006753325574597717,0.037469199169353117,-0.01978989393072992,0.0040019373082343474,-0.005793686776887975,-0.015099675266737103,0.0003705152262390151,-0.0016514040684392957,-0.010913679878933649,0.0,0.0,-0.0002000200026670447
2024-12-09,0.009557256563407156,-0.0029557231772462944,0.010028425008728043,-0.0008654262764288219,0.0005512679301679733,-0.010745460252837314,0.044218518646613525,-0.029217792457967535,0.007315618889391664,-0.009380752240209143,-0.08152298594726813,0.00508277761614624,-0.015425603356483597,0.006239521082744351,0.022949292154177178,-0.02541220130978874,0.025857485341114053,-0.00030004500900199243,0.0,0.00029995500899794244
2024-12-10,-0.005227477289732807,-0.0074277566958891655,0.003896952322872966,-0.011844764853286201,0.0025868963431465893,0.005250791476584208,-0.003672424252263694,-9.595547673246022e-05,0.012475010878278816,-0.0013473199997898857,0.018690683307131348,-0.00137117805659879,-0.009082714574319138,-0.010678825806263944,0.00948861087633373,0.0,0.001723247023031201,0.0001999800026662447,0.0001999800026662447,0.0001999800026662447
2024-12-11,-0.0019851123144202965,-0.006790220588450476,-0.00991647951025689,-0.0024561415856261927,-0.010110304070364453,-0.1472554442703007,-0.0051641575482343745,0.00162999221093097,-0.00019998000266624517,-0.005213876830187069,0.00345158540175612,-0.0034361933336260995,-0.00471721693023865,-0.006988284287728366,-0.014772266058561858,-0.00015413070314125566,-0.02935221201252745,-0.00010000500033334732,0.0003999200213268913,0.0003999200213268913
2024-12-12,-0.01364745557632169,0.0010387812568443677,-0.048590140529607875,-0.004224614626778177,-0.004173280407959924,-0.019015376422620522,-0.012653685768559476,0.001340354437144472,-0.007629027164491163,-0.038686489951418414,-0.02866104302025772,-0.0019294383052904562,0.004525112424797169,-9.740417871635414e-05,-0.012165253676711313,0.0013093543673696713,-0.01608613775162438,9.999500033329732e-05,0.0004998750416509929,0.0005998200719675495
2024-12-16,-0.018442401743414077,0.011527009353413156,0.00980288255904802,-0.0007941060107602941,-0.0038548610544826938,-0.02271739096932513,-0.03661736323822331,-0.017079587276067724,-0.0191257101443285,-0.01858581910505429,-0.015004449318406748,-0.023448387649103723,-0.024603759669513548,-0.003415137241308482,-0.0014337507320574558,-0.014498063767833433,0.002159828053429938,0.0001999800026662447,0.0006997551142732649,0.0006997551142732649
2024-12-17,-0.025607218022072813,-0.01354785359898128,-0.036188412625643145,-0.012077226984221055,-0.02749460335228348,-0.031055209396599615,-0.029170377299779844,-0.02343549555063503,-0.03384488482010997,-0.07457332506130754,-0.029300476947782414,-0.027198928294566143,-0.031334852575756626,-0.04375448215814549,-0.019371466672334144,-0.019876038815417347,-0.03512984729099967,9.999500033329732e-05,9.999500033329732e-05,9.999500033329732e-05
2024-12-18,0.0013523668477344005,-0.008707316869791117,0.014091867744912476,0.0043681816727528,0.06824270765321892,-0.008922330727758712,-0.004811556997222082,0.008729348160939494,0.00487547335656786,-0.018054652911816706,-0.021058666586434866,-0.006843856345123834,-0.007273006502252889,-0.0065567287453668025,0.001420039498536246,0.012665411131913948,-0.012366655637211978,0.0004998750416509929,0.0013990209137074087,0.0009995003330834232
2024-12-19,0.009861865507550915,0.023394901615625577,0.03688382877767654,0.01597210217192693,-0.015680117611746404,0.022113589899161807,0.044032270150503344,0.014122035223555048,0.013755663949860037,-0.0030410565757789344,0.0027720627604611117,0.004082828652007207,0.00618881191866463,0.019139340210697287,0.01037999770271859,0.016770409810754113,0.014970339458865462,-0.0002000200026670447,0.00029995500899794244,0.0006997551142732649
2024-12-23,0.011751363936930152,0.024862071392147647,0.005794964211021141,0.004629031367308363,-0.01302216204013421,0.0017204593623846795,0.0015372793188863979,0.0053416336402093405,0.010581011580868849,0.015002520525640148,0.05769420592816856,0.0024707519291046385,0.0034855621488679715,0.002718898004421866,-0.0027298689244740167,0.00831925919657558,0.00370782775552573,-0.0002000200026670447,9.999500033329732e-05,0.0001999800026662447
2024-12-26,-0.004123109949453535,-0.011117122400868843,-0.011961018239598976,0.0020021769474092106,-0.015185368630559411,-0.003264688394146491,-0.020955365175987995,0.0013551449174801146,0.0006189395699961677,-0.019071702132365958,-0.00874826638650781,-0.006699704640698022,-0.010903085099622185,-0.011021902367387586,-0.0001656863561075593,-0.0013817458251195853,-0.009669097272025052,-0.00030004500900199243,-0.0002000200026670447,-0.00010000500033334732
2024-12-30,-0.00889289986924836,-0.0017429933287359317,-0.014917476725590153,-0.016484371517283686,-0.012401814390021117,-0.004039684114763898,0.00936775000360002,0.0005802146957087529,-0.013705956430192874,-0.025349754500016863,-0.03577908265438384,-0.003220143297778621,-0.009505090006028333,-0.008167477765947848,0.0030194633409594386,-0.008408272625623278,-0.016199261751809847,-0.0006001800720324606,-0.0005001250416822429,-0.00030004500900199243
2025-01-02,0.00999897231914295,0.01961502763330906,0.03219804943773281,0.006345310793835578,0.00583868786395533,-0.032245010089824076,0.02758795651882918,-0.002710553450457999,-0.022092754170283613,0.01967050252464328,0.037215864510746745,0.005701353065211676,-0.02136155797449894,0.016369640097869557,0.005601101913143294,0.006024114603380876,0.024386877271391768,0.0,9.999500033329732e-05,0.0001999800026662447
2025-01-06,0.01259628518582147,-0.009369437911177031,-0.03311163914726052,-0.0037847160434734727,0.007152542319825604,-0.018612820498239466,-0.02139118998131767,-0.003106798615455239,-0.010961958237124756,0.02463982447490873,0.015512776457410445,-0.0043827681550950865,0.008487705275951364,-0.018319258487717986,0.00438480366504519,0.022084357785811918,0.012889149160366655,0.0,0.0003999200213268913,0.0004998750416509929
2025-01-07,-0.0029882315155580702,-0.0057537236630437185,-0.003739177922920513,0.0074676384806622595,0.0037528750706351697,-0.00724288083352028,-0.043399315534555484,0.00707333020309868,0.008822004499446846,-0.02932099988973655,-0.04407343299843776,0.005548269452530529,-0.00377900306265948,0.00030808729383609474,0.005301590656615876,0.013168914589640732,0.002558013454047863,0.0001999800026662447,0.0003999200213268913,0.0004998750416509929
2025-01-09,0.0034247856552037164,-0.018831670256137904,-0.008985200411147011,-0.017126124799369306,-0.022445537500827336,-0.03309811509285861,-0.03112454350392977,-0.025226210562321907,-0.04861344456675173,-0.00977524890464233,-0.04877374933370304,-0.016145954743130988,0.027079620549577983,-0.024951913071016837,0.009512893808326189,-0.02498812937982709,0.007635012548038551,-0.00030004500900199243,0.0,9.999500033329732e-05
2025-01-13,0.04244139982279314,0.0021669716508854447,-0.015783867701262,0.006301889226752504,-0.0022897059146422326,0.016589071290041973,-0.014244061525921316,0.025998336843323155,0.01838389471651912,0.06812188864728863,0.00043079309674111046,0.05288273786261609,0.04952429511808568,0.02925519840031056,-0.004765375305029283,0.0447135058154595,-0.014961052640111414,0.0007996801705642441,0.0014988761237359487,0.0010993954433010642
2025-01-14,-0.008401645723985197,-0.024215654293823535,0.03783320652100577,-0.017134097556112917,0.0021181597111108847,0.011012292157219617,-0.006773946308954805,0.010938508605061724,-0.0006626173627312506,0.026841530476222557,0.03279260153086375,-0.004219415542708211,-0.0034479427841583635,0.006318814338718488,0.007461065846889524,0.004145611231965962,0.027557944063657993,-0.0002000200026670447,-0.0002000200026670447,-0.00010000500033334732
2025-01-15,0.017355375504903167,0.013621424926441436,-0.002720267659027277,0.024977966266236398,0.002370447639260782,0.022862606065444924,0.01935272851581499,0.010820151121554418,-0.0002209700594561821,-0.008761337513043144,-0.012751850647417828,0.006322465739487108,0.01667351538734564,0.01672414558980739,0.006887189872586412,0.010109849251654273,0.002857144800779744,-0.00030004500900199243,-0.0014009809156281003,-0.001200720576518877
2025-01-16,0.018077731419957048,-0.012396613598379446,0.022149962726876766,-0.003782052971169947,0.00577403296571607,0.007141887239555623,-0.015113637810048184,0.005272585418887558,0.005619539883383878,0.0330565524120647,0.02517848723603882,0.00572587277668744,0.01822677708957948,0.016842086233321094,-0.0053213961169682415,0.013204574287444721,-0.015454036224326282,-0.00010000500033334732,-0.0006001800720324606,-0.0005001250416822429
2025-01-21,0.034941546343359824,-0.013851612476556833,-0.019580627073267718,0.0371918675757741,0.0183228394277018,0.016903239963050005,-0.060148846690498685,-0.020779722020565616,0.04406472590502983,-0.07716621142818986,0.01867841097937036,-0.01176648958533465,-0.002552026464237242,-0.011461443519006765,0.0204891026967187,0.05577871723313223,0.015810606026642245,0.00029995500899794244,9.999500033329732e-05,-0.00040008002133969133
2025-01-22,-0.000983445416092861,0.008650420258542863,0.005569367899202038,0.045152898069999954,0.011490083080723345,-9.147038652622217e-05,0.035308168993514154,0.0016285868426899536,0.008167584671295745,-0.004998621904836469,-0.005753895691465808,0.004218228976887703,0.02187328815395102,-0.0017903326842983395,-0.0014159294401010314,0.00341422925804683,-0.010032330649997168,-0.00010000500033334732,0.00029995500899794244,0.00029995500899794244
2025-01-23,-0.0066471665331963355,-0.002170279762023027,-0.04725651643149992,0.014582332920483781,-0.0023426637141908424,-0.004354509206967657,0.006052763831351252,0.004202890893977508,0.01869985788314724,-0.011648877243760698,-0.0016268101847122256,-0.009870356501040487,0.01610419642754634,0.011678675888731553,0.006199501924390868,-0.0013375244420262443,0.005028746229522579,-0.0002000200026670447,0.0001999800026662447,0.0004998750416509929
2025-01-27,-0.007290111151744562,0.026138082154449956,0.03068343287543634,0.018699538614787237,0.04314924216010507,0.016989318018475814,-0.052201147377730385,0.02233939923002898,0.028654099215692164,-0.03275226907418346,-0.07319412988438583,-0.009968752448379407,-0.006887541322622257,-0.0440537846511193,-0.0018401430324110752,0.013097285250046761,-0.010082908612905669,-0.0005001250416822429,-0.0013008457330480696,-0.001200720576518877
2025-01-28,-0.021854751418071302,0.0025709158046119886,0.011607307043830223,0.0036826682168851882,-0.010547247787089101,-0.002622893015476799,0.012635547171539136,0.0031642650878504763,-0.0012938543730843734,0.004413992530745914,0.02747235660879672,-0.009346534357161252,0.0009475631526191956,-0.015126687103755218,-0.00384781973824355,0.0009242754998787671,0.013302371239878761,9.999500033329732e-05,9.999500033329732e-05,0.0001999800026662447
2025-01-29,0.028748587549769836,0.002222793084131622,-0.0059764901574478075,0.0074025350694157,0.016764829795148806,0.00973331404427484,0.010704830145557155,0.00583686282132555,0.010599930839736335,-0.007328596750826612,0.012785407641482189,-0.02798102418457643,0.023521260693392203,0.0006261740968530258,0.015032005839382473,0.01869702108744864,0.025389234004819378,0.00029995500899794244,0.0001999800026662447,0.0
2025-01-30,0.0009243975567468653,0.04589875289843929,-0.004715554828743649,-0.006855211079052857,0.010970463948787394,-0.019356538467790504,-0.024249055253314385,-0.00806942188817586,-0.015692049076573254,-0.01719307542055643,-0.024787266236973887,-0.00014857737193969375,0.0004773554598669626,0.015528262326555194,0.0019744107379944266,-0.014351192163090498,-0.007338841255442698,-0.00010000500033334732,-0.00040008002133969133,-0.00030004500900199243
2025-02-03,-0.030012970830391363,0.032368748023359165,-0.0032835736424706627,0.009104058523653114,0.01717852615112243,0.006334904058451728,-0.03609832017247884,-0.005790620458099899,-0.0003003453994645281,-0.02052030964086811,0.030157307670024593,-0.024670324577235534,0.0012221842846077992,-0.03003040803716573,0.015123306698947885,-0.0034224069208737156,0.024598503397972805,0.0003999200213268913,0.0003999200213268913,0.0001999800026662447
2025-02-04,0.006440045306379837,0.009431560613730945,-0.008757834266409251,0.02266906691382854,0.01678796691497682,-0.005923513094108836,-0.012328273732995623,0.004952124112331464,0.010161474165244724,-0.03203033116109007,-0.06472821834791716,-0.0003046458515563759,-0.007535695479193503,0.02663481903602754,0.006190324156031368,0.00506363492755191,0.004439139951552088,-0.0002000200026670447,-0.00040008002133969133,-0.0002000200026670447
2025-02-05,-0.002367825751958933,0.006342296160898985,0.022658023892583996,-0.0295088262073141,-0.027777088490572078,-0.005108655716169477,0.03192759452543928,-0.04003006286449065,-0.012768253263213599,-0.011077656080592939,-0.016654298603248744,-0.0019824634781050944,-0.015182967683518383,-0.004131383690809829,-0.0026537281476958115,-0.0008531023912085429,0.0010216244716257697,-0.00010000500033334732,-0.0007002451143934259,-0.0009004052431641551
2025-02-06,-0.01659590761915162,-0.012357745188162796,0.0180158115045021,0.006607354287985019,-0.0035173056486217224,-0.005365771046430343,-0.023376473536189154,0.004838875211581069,0.0003011292369054171,-0.0208487439056583,-0.023885023019735413,-0.0053570190099407255,-0.055419225339089606,-0.006854321154766875,0.0017825654692643273,-0.016215319386150364,-0.011984392709192654,0.0001999800026662447,0.0003999200213268913,0.0001999800026662447
2025-02-10,-0.02411602793478472,0.006432571928144861,-0.0034137324431914137,0.018195580881916286,0.010386825169643548,0.05775859853017213,-0.03269521991861112,-0.005712364858035031,0.01731214265022363,-0.021820948117960027,0.032381865244920316,0.012354309500935178,-0.0030648645609782934,-0.01047568767008125,0.013138023301457203,0.001333600250993488,-0.0010339480500645224,0.0004998750416509929,0.0005998200719675495,0.0005998200719675495
2025-02-11,-0.02623171527274356,0.006080625756639062,0.04363694052555736,-0.007253878254857054,-0.0030301497172143194,0.008550584876499295,-0.013779745598017624,-0.00048560191310184197,-0.0031614331804407456,0.011818916303142385,0.005565044431391827,-0.010974047031976675,0.0027749114347020505,0.0028392679045421165,0.0010466116904993448,-0.008028410018932224,0.011655942728361589,9.999500033329732e-05,0.00029995500899794244,0.00029995500899794244
2025-02-12,-0.011874980180770557,0.002328892241636249,0.0036937106919884342,0.009913151181642176,0.0017986540642311337,-0.007679163096810963,0.004943163797519509,0.011013539979641308,-0.013950007010504095,0.03401033601084436,0.0008052610823008339,0.01142869582362285,0.015379753517825667,0.00617641324902138,0.009814570027282202,-0.0010080984757773778,0.004081638319648678,0.0004998750416509929,0.0010993954433010642,0.0007996801705642441
2025-02-13,-0.013130905692397023,-0.003002694324816845,0.13496612580661152,-0.008993963066367933,-0.003935544544350927,0.002044857028750089,-0.02092752010595599,-0.007135311345211284,0.0035057881351663596,0.0244309795369295,0.011471380962797928,0.0033277900926747457,0.0030414419592872492,-0.010174735073952822,-0.014983508047206742,-0.000672630683865344,-0.005104656311683173,-0.00030004500900199243,-0.0009004052431641551,-0.0010005003335835344
2025-02-18,0.018247875921661976,0.0229624152871511,-0.021541221159953258,0.011570502836695565,0.005705343018479353,-0.006912746275907767,0.04624532809024577,0.01125823774737371,0.002496630846932641,0.029842098013187882,0.013960453254356431,0.017068837814971014,0.0029376018092660354,0.004838040568511291,0.01697922162259755,0.010575026600711182,0.01691515296717906,-0.00030004500900199243,9.999500033329732e-05,0.00029995500899794244
2025-02-19,-0.002628314282259421,0.01772891274047335,-0.01704532315435325,0.007840221087928107,-0.013883019148688875,-0.005045640750135922,0.025630259166334927,-0.0022031715411113656,-0.022493257561722615,-0.013960992191255383,-0.004544270688195327,-0.008498001196526559,-0.008775181838419912,0.0022009126947574354,0.0005167577259539476,-0.007484664718976599,0.004685416871478296,-0.0002000200026670447,-0.00030004500900199243,-0.0002000200026670447
2025-02-20,-0.010435132903657978,0.005955943752851426,-0.061337160719200506,0.013055502679396034,-0.054959765122666156,-0.023070844508094074,-0.007525905700346911,-0.020539377341017205,-0.24498078808406087,-0.01600425094861964,-0.02960084569345811,-0.012201702937109303,-0.014066912508257852,0.0005233136337962587,-0.0009229690722217182,-0.027887272738326162,-0.012092858149340047,-0.0002000200026670447,-0.00030004500900199243,-0.00030004500900199243
2025-02-24,-0.008829588062952778,0.010142374373171274,-0.03143294730481047,0.006648469492195985,-0.0036028146395480614,-0.002050173631044398,0.025176154892474188,0.04376206920158983,0.01705688077186703,-0.034836250303446684,-0.06408151022148828,0.01519168871974072,0.02381938040671177,0.054568243972679946,-0.007861209276710975,0.010702626859086073,-0.02601995476180747,-0.0005001250416822429,-0.0011006054440330039,-0.0010005003335835344
2025-02-25,0.0021589437010365725,-0.0055507940631085145,0.017368599653049977,0.0010302451422701234,-0.01275492129092135,-0.004316829883430332,0.0055096558109697,-0.008657248009803283,0.019413158037341602,-0.011414038633317919,0.007474879078052178,-0.0124673038047403,-0.011121611442533923,-0.018499602629609417,0.0015251560661215015,0.006055058129910763,0.0038082095530271908,-0.00030004500900199243,-0.0011006054440330039,-0.0010005003335835344
2025-02-26,-0.05652431643446319,0.00985229644301164,-0.03231549713746084,-0.0006621785916830839,-0.0041385926356825795,-0.009810136830299751,-0.05071509257901634,0.015194439762380803,-0.021722035409887805,0.01840307527862182,-0.05122294722427083,-0.00333081307185085,-0.004598737067048932,0.018598676290957617,-0.015357257398230021,0.020742478863508256,-0.01883557603617753,0.0,-0.0006001800720324606,-0.0005001250416822429
2025-02-27,0.00658825912438347,0.01937024697843571,-0.004167870362208966,0.015627600063716253,-0.02373333960366715,0.00312874934076067,0.11026177961391762,0.018811066438014844,0.03544994349711643,-0.024873077144615112,0.0035110634453924,0.00815591290360788,0.011900356808130291,0.012992308739736917,-0.006285518611262263,0.030103045209159723,-0.003174046043352063,9.999500033329732e-05,0.00029995500899794244,0.0003999200213268913
2025-03-03,-0.038733027213354566,-0.006094214979198309,0.01819594246480572,-0.003120580202080402,-0.00783549552394872,0.016889581777419335,-0.0687463839333248,-0.017229891388782,0.018421250369252733,-0.06530908061050629,0.008872995754329215,-0.013173027190406665,-0.0347581248354783,-0.017460369590985916,0.021754281519838527,-0.06155175337830928,0.0240807308626658,-0.0007002451143934259,-0.001200720576518877,-0.0013008457330480696
2025-03-04,0.027649315114233866,0.01803053854541377,0.008169059513387941,0.0009444586411665028,0.007146592574606752,0.011613134404824546,0.012856008101533955,0.00519096456696987,0.007757614662157319,0.028013036227673888,0.009090073460277258,0.01347382430502226,0.0201974674151388,0.0167756055632503,0.002079157205521103,0.011926402992818327,0.0262053450412109,-0.0002000200026670447,0.0003999200213268913,0.0005998200719675495
2025-03-05,0.0003161305645547194,-0.003741509017941977,-0.0563336239084145,-0.019282829221667578,-0.01860653591546712,-0.014419570840036235,-0.008245580386751545,-0.0019434553338375724,-0.00012075107181237092,0.030130356761103736,-0.028128724670443864,0.025682403165523778,-0.0019918405403148948,-0.02366564230669946,-0.005094178752110212,-0.004549320356774139,-0.00269088625201658,0.0001999800026662447,0.0006997551142732649,0.0005998200719675495
2025-03-06,0.001184600335960279,0.016657640953025844,-0.002823601222095242,0.015135106338851241,0.000994123060733105,0.010333581854545398,0.03436142751731108,0.00425217871238394,0.055318511628062304,-0.01276417092781163,0.014661841278767868,0.017146598524160055,0.017374554412664937,0.02659704952605336,0.0005217650684857146,-0.0043650321660527016,-0.0033738223635501607,-0.00040008002133969133,-0.0002000200026670447,9.999500033329732e-05
2025-03-10,-0.04578363857658094,-0.003271948324277336,-0.06891846395687502,-0.033212837758808324,-0.04296375495844836,-0.03565254281515711,0.06370484038899368,-0.0199373102885966,-0.08174853410245306,-0.0383364531867897,-0.03603170515356725,-0.03369788518134439,-0.059676934103354416,-0.03192182224184111,0.0028648517408236093,0.008440017430077391,0.012426692236900476,-0.00040008002133969133,-0.0008003201707691552,-0.0007002451143934259
2025-03-11,-0.009797487870119132,-0.0071890360130612814,0.008809930389035329,-0.018103483689377104,-0.01061164346526447,0.011327019047716196,-0.013434291049127509,-0.01497942305334023,-0.01235122681771981,0.001924663778075104,0.04080545862495995,-0.022147797948257792,-0.01157369556935597,-0.007583837349293311,0.004337436594938308,0.018134690003796673,0.008640798195574664,0.0004998750416509929,0.0004998750416509929,0.0005998200719675495
2025-03-12,-0.021250483444860854,-0.002407876331575596,-0.058325804250629325,-0.002998041988840193,-0.022638946283424055,-0.1491170103959263,0.03733324472870103,0.003908675551641749,-0.012632810749834697,-0.005647009014948932,-0.026949846191487214,-0.0028987738659812293,-0.006127678748130895,-0.01916336759799721,0.017600278323906975,-0.027942696703299106,0.017060781265856223,0.0003999200213268913,0.0005998200719675495,0.0003999200213268913
2025-03-13,0.03228656608131054,0.0010394029094139387,0.028733812995277674,-0.024786927608375697,0.005504110516134819,0.04375649473809998,0.0024400174773658496,0.02025027992522104,0.025975486403260736,0.0383437881804594,0.028734144840930224,0.021164811192043116,-0.0031807404075990795,0.025638501512649858,0.0003997310953165971,0.029073579910468203,-0.0009764036577187796,-0.00040008002133969133,-0.0007002451143934259,-0.0005001250416823539
2025-03-17,0.01571998967356472,0.009774054597427112,0.013742031789961518,-0.003240981454371502,0.01633286163423786,-0.008573916232094237,0.04836455815809366,0.0010251154152453505,0.016340433607115915,0.04254853721623245,0.024844783379429282,0.012043859804610193,-0.0003426182923159562,-0.007795534289315651,0.017003291487059615,0.003384996428987733,0.00454841589866574,0.0007996801705642441,0.0008995952428359939,0.0003999200213268913
2025-03-18,-0.007256156740498609,-0.0075100094814608866,0.011494379425734991,0.008828687331896795,0.001233540107690219,-0.00893160982041656,0.0046332129214881985,0.010193768189542804,0.004256101761252193,0.012532602796658455,0.02593832839626318,-0.0008871803036440924,0.007442593502805258,-0.007139973212822953,0.00409931598702626,0.01505963423155271,-0.003246756098869981,0.0001999800026662447,-0.00040008002133969133,-0.0002000200026670447
2025-03-19,-0.01591851832958079,-0.0013672475668953703,0.0011897681355887508,-0.005035415832321823,-0.07538186523121809,0.004424444516657976,0.01377221462122709,0.002210352714249282,-0.010490459708269352,-0.03143627122014674,0.008529835660892196,-0.013253116327494319,-0.0036802331458125324,-0.007294427987644902,-0.0012814581898126394,-0.012743209753554297,-0.008163310639160981,-0.00030004500900199243,-0.00040008002133969133,-0.00040008002133969133
2025-03-20,0.0038999344123538215,-0.009242428993224493,0.020789138583186467,-0.003476615385466026,0.01454919021405893,-0.0060499367148564255,-0.008393792128468735,-0.004240810264631255,-0.006273469126594783,0.006856874009576573,-0.0065549443433258955,-0.0031529190596155305,-0.004345080993222564,-0.007348027887331108,-0.008082441538601666,-0.006033900878130682,-0.015862857408050095,-0.00040008002133969133,-0.0002000200026670447,-0.00010000500033334732
2025-03-24,-0.001989555493381542,-0.042160127330059534,0.008350133564391743,-0.005874431436456087,0.011657192994266347,0.04142708952107593,-0.030340717052672387,0.013671819140175295,0.009945443876715889,0.0014172520571049563,0.07569714199623213,0.003452679253706755,0.005164081858003005,-0.003016907359775651,-7.181844300694323e-05,0.02066814833127442,0.018482374295600318,0.0004998750416509929,0.0007996801705642441,0.0009995003330834232
2025-03-25,-0.005074675005831964,-0.00019868865553141838,-0.009593141803988998,0.008009241498063585,0.00728964941403735,-0.01454888723198458,-0.01351909257854383,0.006449584059245846,-0.004653449494593471,-0.02542675609043386,-0.04107243960603504,0.009248275940857678,0.007137789048292307,0.0015616056476251898,-0.0008262830309710109,-0.005356339150222757,-0.0016363937541296748,-0.0002000200026670447,-0.0002000200026670447,-0.00030004500900199243
2025-03-26,-0.00778670154503401,0.007029383927083141,-0.023517541441054852,0.036754020599387045,-0.0084881659885165,-0.004181576953092616,-0.0048154186148665745,0.0030738655430041575,0.0011040913837040277,-0.012893114070326223,-0.03265370358232604,-0.006703935722190106,-0.0004742708175216342,-0.004378655869909732,0.013316631694347013,-0.02816339168463216,0.02554706437581593,9.999500033329732e-05,9.999500033329732e-05,0.0003999200213268913
2025-03-27,-0.0193505146704187,0.01259789705968715,-0.040274989359794754,-0.004043183598482181,-0.013706444385700817,-0.026707135646983696,-0.0016103063061039058,-0.008885723529527576,-0.018687506263530763,-0.034847680119726214,-0.032689812196778543,-0.019470843777396683,-0.009704020718327643,-0.0011499661504594564,0.007384801152662217,-0.02455115129495641,-0.010269666637456156,0.0,9.999500033329732e-05,0.00029995500899794244
2025-03-31,-0.022883897087618874,0.0047623765779869496,0.0040517688870365,0.006628343189062175,0.029941871967948324,-0.006528745667561719,-0.003228412812119434,0.023848149329894475,0.006847210069858962,-0.005138543353132956,-0.004271851156497486,-0.00015242740674285016,0.004029234434250801,-0.04766631893268339,0.012280825409271195,0.01935036958824208,-0.012007283640462392,-0.0007002451143934259,-0.0013008457330480696,-0.0015011261262670914
2025-04-01,0.016867031763387812,-0.005249611044846755,0.013279972196199124,0.0018208031735566642,0.008731461546197304,0.006710212699388718,0.008853176536885101,-0.0016019939346366798,0.012698191950682036,0.005969338194604898,0.0017497817237875507,0.007895577002780188,0.005132486921545468,0.012862614659864427,0.0020495725653926337,0.0006092814053019146,0.004235223792759466,-0.0002000200026670447,-0.0005001250416822429,-0.0006001800720324606
2025-04-02,-0.05602812372166732,-0.017452449951226166,-0.07462175984539822,-0.002276522458368978,-0.04814863509611848,-0.04922444374210741,-0.047588962823797966,-0.004642450977009847,-0.03553768392050474,-0.08293037933073308,-0.0931757072756922,-0.03791485109887681,-0.04068639210632436,-0.06811905987306734,-0.006056616377089449,-0.05580578276667972,-0.0627196301592994,0.00029995500899794244,0.0003999200213268913,0.00029995500899794244
2025-04-03,-0.06274686854248177,-0.07558923898382747,-0.06628905069518774,-0.056171284407880016,-0.055937652955498074,-0.0507703398977451,-0.09884583463663273,-0.09148751786666853,-0.06679205276385189,-0.12800426786166377,-0.08961215868968704,-0.026583340140118674,-0.07221385231218751,-0.05935007208129733,-0.023670162214890423,-0.09630537930223174,-0.06470006643406971,-0.001200720576518877,-0.0020020026706730793,-0.0014009809156281003
2025-04-07,-0.036684127184133,-0.06228745520531103,-0.00913592415120023,-0.003945413548236703,-0.012958076980737128,-0.026326857546034504,-0.052367985517315925,-0.021909178701593972,-0.07727592311227997,-0.1420890369539578,-0.09215518070897191,-0.03881427857881352,-0.0580541059783163,-0.054874086506022775,-0.016290996776477593,0.0019679622205289464,0.002213206362648883,-0.0006001800720324606,0.0006997551142732649,0.0008995952428359939
2025-04-08,0.07525115399018895,0.023460331680034658,0.13792140179912435,0.024623739017626007,0.06384084720738614,0.069964947887167,0.08521765453560277,0.053945882214513984,0.11273684999801355,0.17503873143893459,0.21366261545633775,0.047967293102041175,0.08327702199703765,0.049198562326178495,0.036323519443240616,0.08412370533243307,0.03333642026759171,-0.00030004500900199243,0.0005998200719675495,0.0010993954433010642
2025-04-09,-0.0686259540892827,-0.031863502286923966,-0.0630230199085597,-0.020196281594063375,-0.050321642344912924,-0.04083456407416744,-0.07839833926354789,-0.005905341477984664,-0.05091422585776013,-0.1001008662093869,-0.0878002427543239,0.004943006157914032,-0.030665261662422755,-0.08048617809462419,0.02413008911925052,-0.03944630250642049,0.00780976635405724,0.001998002662673058,0.0017983819413793973,0.0007996801705642441
2025-04-10,0.027239422231303902,0.004867582982272415,0.0055154440538906615,0.01893604198177546,-0.00309010710106922,0.006889510824384465,0.0,0.020330708295850798,0.020326734906926637,0.03519846210579334,0.05163145591926309,0.025596121406757096,0.026251389768390258,0.031027639164875668,0.018906844961697342,0.022163632209865135,0.031671343837651404,-0.0006001800720324606,-0.0002000200026670447,0.0005998200719675495
2025-04-14,0.00398387545321897,0.00994750280286839,0.0008726765542051645,-0.005215341730444337,0.015078819731865641,-0.005947232439915118,-0.002916871295123357,0.011170180371097585,0.006192803851828384,-0.048075755576728205,0.020033528125299963,-0.010128641323178459,-0.013887292488371884,0.028199766593877722,-0.0005036007559725621,-0.005088318931685836,0.007508567699880321,0.0001999800026662447,-0.0002000200026670447,-0.0002000200026670447
2025-04-15,-0.004081241696419418,-0.029386871321154726,-0.01759989111018418,0.027197675166304704,-0.011918593779314517,-0.017824449328514617,-0.030649952343959844,-0.006407599580210772,-0.009439120783675172,-0.027023599773443072,-0.07629802244660576,-0.015626551109126825,-0.015115551171144496,-0.025603037012166468,0.03202256268417698,-0.03613218577884382,0.011830457398987538,0.0,-0.00040008002133969133,-0.00030004500900199243
2025-04-16,-0.002144459346033692,0.0076015104764976405,0.0005325286359983064,0.009820548467509262,-0.010183495041257082,0.013304861555663211,0.021847939525869654,0.0009311854662993251,-0.004753183390439818,0.006446742084683553,-0.00898805754992245,0.004444451760423976,0.006028021763285923,0.009292787575459415,-0.004400339569861008,-0.0019181346273130127,-0.007081466112783933,-0.00030004500900199243,-0.0007002451143934259,-0.0006001800720324606
2025-04-21,0.003214966966148436,0.004556342052173827,0.019419792223811756,0.005709733451828321,0.005685947052339393,0.0031772865245988193,-0.01984192079900406,0.008064933632663623,0.002854620303201077,0.034550241879589806,-0.014272802143871598,0.012903404835908001,0.009313662902961529,-0.02050688344833196,0.01616936545040665,0.04592988545740132,-0.0016934805063331428,-0.00010000500033334732,0.0005998200719675495,0.0012991557316201288
2025-04-22,0.02107772560289625,0.01864204714685294,0.028905481714734074,-0.014451450035399894,0.014682498256460954,0.005841554217936498,0.013930573535946783,0.001107317636444767,0.029425688655261368,0.01575976825961225,0.04676765059062246,-0.002347970085497979,-0.002339182353172266,0.00926718111680834,-0.02427082504854268,-0.0019824522811236803,0.035301700952545485,0.00029995500899794244,9.999500033329732e-05,-0.00010000500033334732
2025-04-23,0.01905538272563523,0.018578118124195096,0.02858647090218904,-0.003549112590496467,0.011215328834551471,0.025111086994020954,0.0,0.006526658273995362,0.04295494947039667,0.04446739086742802,0.044148681970723455,0.023082118402129828,0.015405390970062357,0.0037606216919093367,0.014451307534729065,0.0205142859951253,0.0,0.00029995500899794244,0.0001999800026662447,-0.00010000500033334732
2025-04-24,-0.006938611991545776,0.031058905658304718,0.0065514934196137095,-0.004104873517465324,0.006771571702922067,0.018693159224173195,-0.006941029354234576,-0.011055944567589177,0.00742188449980944,-0.007592788849828049,0.022762147477672415,-0.004758624376127898,-0.006493044679237074,-0.018023212171321964,-0.010900891234091869,-0.011296282322548748,-0.016829303317103094,-0.00040008002133969133,-0.0009004052431641551,-0.0008003201707691552
2025-04-28,0.011041564409062694,0.03925998838064327,0.024033414816137487,0.012724289664374073,0.017166643304258523,0.008826373802978356,0.03134438773635102,0.0060958903093383055,0.014804027283825561,0.029526848497109546,-0.006071475022037058,0.030757670402906914,0.014199926354366931,-0.044601531776767935,0.004355022518668613,0.007689555481173761,-0.007348062454559475,-0.0005001250416823539,-0.0010005003335835344,-0.0009004052431641551
2025-04-29,0.0013019624270087383,0.008183056908009531,-0.028860982183880557,0.0019138761822841976,0.002275694566662521,0.010724538416272305,-0.03633192924739021,0.0007363770583120142,-0.004951730840813909,-0.015422727526225389,0.013339735581530355,0.012455677046919864,0.0005903841358153813,0.001239413503010244,-0.0075103250543289025,0.0038227173386329175,-0.0077402371966423765,-0.00030004500900199243,-0.00040008002133969133,-0.00040008002133969133
2025-04-30,-0.010651319983072671,-0.009061950592606114,0.01699711557634494,0.0009937699094045363,0.004602462766827215,-0.0009338189870302526,-0.005012541823544398,-0.04864295380555671,0.006555778319052112,0.01306542722600508,-0.007216526163868661,-0.006653384490736659,0.003939259580919216,0.01040535127563235,-0.020991073944109467,-0.007297456610041696,-0.007119880899188714,-0.00040008002133969133,-0.0005001250416822429,-0.0002000200026670447
2025-05-01,0.020178284701048287,0.026187658167707777,0.010029369582585736,0.014713955258130613,0.015845576312993725,0.016519237325372894,0.022852459951875227,0.01923044193040854,0.017476766242182407,0.01638558646340844,0.02200139909948224,0.015310176869110487,0.01986314349941157,0.014199981653865879,0.0017466079947414254,0.029861494444603946,-0.009229257102340738,0.0006997551142732649,0.0008995952428359939,0.0007996801705642441
2025-05-05,-0.03170415627356758,-0.058727520853729225,-0.029079115297909144,0.0018053262011738902,-0.005023568754189149,0.005524658942873596,0.02521957133211589,0.0034999799243619753,0.00399009053651542,-0.047721084097940146,-0.0018235239578419905,-0.014420497095123923,-0.03668520827012053,-0.0397203679720481,0.057068918370597056,-0.028991677051404225,0.03707873351610816,0.0009995003330834232,0.0013990209137074087,0.0010993954433010642
2025-05-06,0.02143342060274746,0.005010137332275125,0.0118470277312661,0.006666441676876224,0.00750958619365094,0.005182640677758329,-0.013500687218902463,0.009959680186326838,-0.00012067821169542181,-0.025188473898557297,0.017489640702241346,-0.00803575752678308,-0.011311020015185058,0.004461181245274183,-0.015106558138969686,0.004482043214894596,-0.02445273401740869,-0.00040008002133969133,-0.0005001250416823539,-0.0006001800720324606
2025-05-07,0.010914917352324513,-0.013434515757679833,0.02621287512841094,0.0003732039602936774,0.009073675600657511,-0.0025488985918092955,0.04925237818274523,-0.006189647445785443,0.030661938562628978,0.024318379003326528,0.013263581556292826,0.016007456074996398,0.018830692123580302,0.02472993178312781,-0.019890804956844907,0.017729946851130707,-0.0010178117927006035,0.0001999800026662447,-0.00030004500900199243,-0.00040008002133969133
2025-05-08,-0.016417379358598463,-0.005294733856281594,0.005129632839790763,-0.005687786625432424,-0.0031777970255262816,-0.0018507180071035511,0.027349015404100764,-0.00310925016115762,-0.1137969597243637,0.00849446036856406,0.011147079343174424,0.00410858978545056,0.005510674669947328,0.005143487246289924,0.007228513657119799,0.010432915721714228,0.01147498247687448,0.0004998750416509929,0.0012991557316201288,0.0010993954433010642
2025-05-12,0.07640323451425513,0.018250640761197433,0.08311394087733781,-0.03195208716085599,0.04642110023479163,0.036177537542849796,0.12097537675535676,-0.008910011552060617,0.034670654747180035,0.06563838214839074,0.08942322046636683,0.02644471708003587,0.00921496323761176,-0.022804292633526922,-0.024345586381522677,0.05551299043512839,0.0043529283532487755,0.0005998200719675495,0.0008995952428359939,0.0007996801705642441
2025-05-13,-0.03437370227060671,-0.05780943922789231,-0.004355723764908937,-0.0038042047353657933,-0.006594729471827634,0.005195338401593204,-0.00239329990584049,-0.010817125529502244,-0.018281109941280873,-0.012689286906491916,0.045711320501216395,-0.025566496883075374,-0.00792490205723955,-0.019667277340376304,-0.02126231765192332,-0.019155364346892807,-0.02298174818674205,0.0,0.00029995500899794244,0.0003999200213268913
2025-05-14,0.007859990447377096,0.023614374195246205,-0.00481331150990171,0.03658152919876608,0.008700841068930727,0.012982673395743848,-0.009630893060961189,0.017932567532652,-0.012985509049659526,-0.01252075665073101,-0.023463755304698655,0.015533447263681695,0.010771307657471543,0.007997236589223992,0.0158378945068118,0.005798681206723135,0.012232568435634451,0.00029995500899794244,0.0004998750416509929,0.0003999200213268913
2025-05-15,0.01211492909203427,0.012797549556912117,0.008806782055851729,0.010814947850183573,-0.017226202217708275,0.03026459515648455,-0.01544118448837781,0.009783709273790296,0.01967191688490922,-0.0018252722233441385,0.018780703619490902,0.01572134709602921,0.016301074791307515,0.017866274000695216,-0.012160668708450437,0.028956802041849583,-0.010524626090478252,-0.00040008002133969133,-0.0010005003335835344,-0.0008003201707691552
2025-05-19,-0.00255225661097443,0.004500238028425679,-0.04346739873107919,0.002962965130656827,0.007807273105307351,0.0011620455703347365,-0.08277644365706835,-0.011297427632837006,-0.006944472352811158,-0.014891934206625115,-0.03173493291281611,-0.012844475146376525,-0.011756356103433388,-0.009239533426571191,0.031249406342702096,0.006769537015155602,0.02793383711918816,0.0001999800026662447,0.0,9.999500033329732e-05
2025-05-20,-0.04110475685305559,-0.016637503639262353,-0.035513071384220656,-0.016030166185165316,-0.007712845885016973,-0.00860954767381446,-0.10397752620495299,-0.019889735805031842,-0.013904453757104833,-0.049768390285118105,-0.012856496630109562,-0.036569820224342145,-0.02200550892748564,-0.051307877918369584,0.007351526381292216,-0.03129888163344243,0.012533145586368533,0.0,0.0,0.0001999800026662447
2025-05-21,0.007045182166464007,0.0040621453453527625,0.001018928645587929,-0.011718145805879028,-0.0040052405436170465,0.000724322789888648,-0.05061809245055786,-0.010583136788846557,0.008599401527411624,0.026229865356591064,-0.012120272265763146,0.003717752813617641,-0.0015958141109053202,0.000583175406526498,-0.008900917648740177,0.0025402781225040394,-0.015857616733339328,9.999500033329732e-05,0.0007996801705642441,0.0009995003330834232
2025-05-22,-0.01054040279613547,0.003936582448335932,-0.007312215621377136,-0.0015220703090686183,-0.02194871107558292,-0.016155676072649006,0.03670136685042796,0.0007805639970910635,-0.01621798559939925,-0.00571182859691254,-0.0036195858900849812,-0.00520873266340429,0.0022260156108822415,-0.011433721744811267,0.021669744577986667,-0.014526146479314765,0.013889112160667093,0.0,-0.00040008002133969133,-0.00040008002133969133
2025-05-27,0.021421902983669472,-0.0009280743125538598,0.015271059130783051,0.005468644951874175,0.02049402737082888,0.011074364326494758,-0.029458707151125137,-0.005280669419573105,0.007618584071987531,0.007608544399608708,0.022853528559703743,-0.042520691039463106,0.007090133098933674,0.026765234084039354,-0.019363014496948456,0.0070204149552411145,-0.015555501481454298,9.999500033329732e-05,-0.0007002451143934259,-0.0011006054440330039
2025-05-28,0.021414094503816573,0.013723737942733481,-0.0024121709552424493,0.006267245945197676,0.005491398007127318,0.0027374379671364284,0.03544674899574771,0.008007855292200505,-0.004327591830322448,-0.009693688508700823,0.0015051576616457664,0.007754381287717643,0.00517498815153385,0.022425010106732274,0.005907273257781336,0.00650376089818048,0.010617219840871855,0.0001999800026662447,9.999500033329732e-05,0.0003999200213268913
2025-05-29,-0.012078299588183938,0.002636323588625573,0.004973588120015925,0.0054798770916674455,-0.0028681762629830503,0.00417648020929823,0.003972199860432724,0.00707538691912815,-0.0021049869632889834,-0.030554253182931174,-0.02055846449262288,-0.006509632410647116,0.020794837132014157,-0.01498896840642981,-0.006598733748609759,-0.008591233458497183,-0.009950330853168092,-0.00030004500900199243,-0.0005001250416822429,-0.00040008002133969133
2025-06-02,0.007477335888686073,0.006106725641456535,0.029784561357527495,0.0009727263290842401,-0.012450138585868261,-0.006283401131586418,0.017682189574949204,0.005105738176012677,0.015161707246028411,0.022169924591222093,0.05772519780761216,-0.004832056787099999,0.015581958807211256,0.001565948074289138,0.01733892681529424,-0.0014840801428700693,0.04688358589885046,-0.00010000500033334732,9.999500033329732e-05,0.00029995500899794244
2025-06-03,0.0191485868336836,0.000480525383655655,0.004579415682803863,-0.0056249445194360885,0.011123585218662302,0.0034365958314108627,-0.00978481387999827,-0.011986610408668713,-0.006376493724625273,0.04610532935506595,0.010767834761592548,0.004676547883901803,-0.010931785883292109,0.003833326196119499,0.006421344727938764,-0.008951032842591805,-0.0031857306331310965,0.0,0.00029995500899794244,0.0
2025-06-04,-0.008738259027345919,0.0006936848281155001,0.027919095507509924,0.007343607374766102,-0.003228974916057988,0.003111772963626995,0.032884974828391055,-0.006047618900114376,-0.006023325792194273,-0.017914962820160377,-0.024673638238424105,-0.007806440892829529,-0.014341672410012798,-0.014559206643286896,-0.0050626488667461795,-0.0037533739085638777,0.034805206222224265,-0.0006001800720324606,-0.0011006054440330039,-0.0009004052431641551
2025-06-05,0.016192571086645315,0.012510102193350654,0.024107957027353327,-0.0026913891844140892,0.007171886735101301,0.0041340250194428175,0.0355177520560095,0.014279712262979723,0.011621205410523064,0.020090149823544394,0.004312582153973079,0.008428331460136279,0.012805930398501681,0.013992232850635899,-0.013506901734372287,-0.005209773231257857,0.007368777586020112,0.0001999800026662447,0.0005998200719675495,0.00029995500899794244
2025-06-09,0.039951149123205514,-0.001739910279969563,-0.014899989122741764,0.0041089296165089445,0.010241723172913157,-0.002064876240884897,0.036072441216701404,-0.013692857786043199,0.015969431451872355,0.07049600329397522,0.05890689153369674,0.021526046425193002,0.007477868410537251,0.03893165088562018,0.005000909276693806,-0.003028636676280891,0.016383861630383537,0.0004998750416509929,0.0009995003330834232,0.0008995952428359939
2025-06-10,-0.00666003127760227,0.01049878409821957,-0.0036150715387955126,0.008537225676325966,-0.005311350631042873,-0.007769371932504171,0.016689012729849816,-0.009036501919912426,-0.0010226256803240728,0.01361407165492143,-0.017186772175665947,-0.00472669935442584,0.0011700261931480225,-0.0019110024925723568,0.005397684952656982,0.014508877563186657,-0.008461821417986492,-0.00010000500033334732,-0.00010000500033334732,-0.0002000200026670447
2025-06-11,-0.0067887785350107055,0.004792674312417699,0.005417718311688485,0.008611542564022514,-0.003420415980799576,0.0020326193902336152,0.00521287018853299,0.01255041475961402,0.004084243073741538,-0.04077077681940652,-0.022033940977615286,-0.018199145106318353,0.0037843331516784475,-0.001777778245999272,0.012343647388391289,-0.016510051332500726,0.003332831444361935,-0.00040008002133969133,-0.0006001800720324606,-0.0006001800720324606
2025-06-12,-0.015509442625802365,-0.006988294411357364,-0.023839291879051035,-0.006101389898651261,-0.02038683588468864,-0.05464754820405952,-0.008703275128301588,-0.004394323754970964,-0.019031048845289757,-0.028573372444056,-0.019944409498699956,-0.0068718058950736636,-0.010325648381318348,-0.013088290438468379,0.013015506175636442,-0.01706823280837258,-0.002726035309238504,-0.0002000200026670447,-0.0005001250416822429,-0.0005001250416822429
2025-06-16,-0.008491709473740592,-0.0297451289985011,-0.01613957907366363,-0.024935969142104084,0.0010260686442271397,-0.02324604907393998,-0.08288765980576775,-0.0008811867217279278,0.021194037155984002,-0.01710863090681599,0.09000562711892235,-0.009131045809733774,-0.011912164108971219,-0.012419053079036534,-0.01384865263328863,-0.0007732049729746081,0.02308602003418255,0.0003999200213268913,0.0006997551142732649,0.0009995003330834232
2025-06-17,-0.004922077205428332,5.3912715326977565e-05,-0.009038247864587927,0.0009822812380734971,-0.018273175448601315,-0.01219912068311113,-0.000950118836320353,0.005275510476698833,0.0002541619024991975,-0.004870275811959233,-0.0024420036555516333,-0.0023751099756841353,-0.00604603329713235,-0.004785371552806201,-0.005400205987494332,0.0021073343005157327,-0.014027987087436834,0.0,-0.0005001250416822429,-0.0007002451143934259
2025-06-23,0.018185438541278198,0.00032341526801946173,-0.00015133171941699903,0.04193005798345246,-0.018646562328627384,0.011310254974016741,-0.004764182427118161,0.014797890802636044,0.01713319814107001,0.013045844833299894,0.08783260815978688,0.029060004579862252,0.02020270731751947,0.06142101155855308,-0.013204831339105744,0.05035607897178394,-0.020037100229157653,-0.0010005003335835344,-0.0008003201707691552,-0.0005001250416822429
2025-06-24,0.008295992724786256,-0.0008626732621057726,-0.018944879489505507,-0.004936847546868893,-0.020561095227392617,0.013534607626648336,0.002861232281032195,-0.01626052087178018,-0.006642044595383752,0.0033178530767935493,0.035273145465876274,0.0015386985648552947,0.0035524016043679218,-0.02267792590832714,0.0030327263954628043,-0.014246595370697208,0.01219155606387387,-0.00010000500033334732,-0.0005001250416823539,-0.00040008002133969133
2025-06-25,0.006721584708265715,0.007523276926710766,0.03075529999110497,-0.027522303804867393,0.005011184049370462,-0.006731417003461876,0.029096374487639208,0.013857482276076484,0.0008797838812933432,0.05431125975984265,0.0019506763883694826,-0.005705049781053796,0.003539826705123987,0.007167520034990505,-0.0011076723725795081,0.020167512112726976,0.009947331457546539,0.0,-0.00030004500900199243,-0.00010000500033334732
2025-06-26,-0.0020956460161315363,-0.02427645635583813,0.005964825320171028,0.005297531508622262,-0.002096224184438521,0.002283402222046513,-0.008360476008460944,0.011101654836128442,0.0,0.018648559078072995,0.0009043793443986685,0.015040185290303758,-0.0022994615243918507,-0.01138377925613913,-0.018289983536260154,0.008322922738959926,-0.021832280129780363,-0.00030004500900199243,-0.00040008002133969133,-0.00030004500900199243
2025-06-30,0.010683683958165678,0.04126290438107518,0.006594326122663778,0.013893217853518113,0.023944429129962676,0.016120051352180885,0.0046533355256411285,0.006734670937149949,0.00012562025014957936,-0.03207157941021374,-0.055029601554305946,0.031634449594993855,0.010989508646947546,0.015149755462281974,0.020796780870674707,0.01170598332582448,0.003366491320221224,0.0,0.0,-0.0002000200026670447
2025-07-01,0.001741943951735271,0.003992230968117689,-0.00014771048771322447,-0.015904466622673124,-0.0010910715072887313,-0.03538009979982177,0.032879674119156425,-0.021596634885243427,-0.001885962714034031,0.07781447183197347,0.017551337190238984,0.0048583091510763675,0.016777926264791004,0.023614787987962207,0.005512335618220026,0.0010397037781085603,0.015461881474158468,0.0001999800026662447,0.0004998750416509929,0.0001999800026662447
2025-07-02,0.005949447395093422,-0.007736269934489707,0.008091849361084692,0.0024576441340561114,0.008203383345578595,0.0022170032042470944,0.034440489980291554,0.010091872857906858,0.0002516672971633259,-0.01153858955649378,-0.004413421047975003,-0.002499817491783481,0.005290835855382299,0.008486244544431885,-0.006846341575050447,-0.006712090625748391,0.008089931761971484,9.999500033329732e-05,0.00029995500899794244,0.0003999200213268913
2025-07-07,-0.0030529335977478975,0.002585412335810926,0.003656578595194045,-0.008065764414366242,-0.004768883090297232,0.007694870874788136,-0.039845908547199556,-0.012800328760084308,0.014489386639442403,0.04381112475841175,-0.0006528125571844587,0.007919091098947232,0.001746007735713046,0.0012992076661838211,-0.009749790957427746,0.0052171763049068225,-0.006586850162285425,0.0008995952428359939,0.0008995952428359939,0.000999500333083645
2025-07-08,0.002393629140043334,0.004469104943592363,-0.0010224949766102426,-0.0010503414575052717,-0.019743287745362725,-0.02345201576831787,0.18051323803717081,-0.012966304009810874,-0.0001240156261279003,0.008084577045811772,0.00427180897954873,0.01507711946870732,0.006444046234331432,0.0006489714031390249,0.00446136417714168,0.014464929981365946,-0.008749490120453316,0.00029995500899794244,0.00029995500899794244,0.0001999800026662447
2025-07-09,0.023384778478746295,0.02271764105426697,0.0010954903414368672,0.0028483641175119884,-0.03086833448967667,-0.005236246708471607,-0.0662493855412006,0.0036240795823836774,-0.01486876896001354,0.047989353895106945,0.04070349895141715,0.01386033476818474,-0.00047591529606156213,0.028397917494405883,0.0022232403063227177,0.008554153661256886,0.022472855852058576,-0.00040008002133969133,-0.0007002451143934259,-0.0008003201707691552
2025-07-10,-0.007193403416890377,-0.013163178833991696,-0.012116909767814772,-0.011896834841920506,-0.0256415298637789,-0.021993864038064876,0.014400248839740015,-0.006965934471576113,-0.02627367046455032,-0.045308954462854524,0.015555410358468686,-0.019921834060453326,-0.007268788295782158,0.00327373749948821,0.009555765500589196,-0.00945210766938371,0.03722441989085661,0.0,9.999500033329732e-05,9.999500033329732e-05
2025-07-14,-0.08760148676716975,-0.03199512698604295,0.00875359592982405,-0.004022623161797245,-0.01791371292396695,0.0022816938410522925,0.042758165000208716,-0.009397170888237192,-0.007523709118740414,-0.013617231691830944,0.06087367281292215,-0.02699694473806306,-0.018389097909775647,-0.028433100443665767,-0.007826366932744347,0.004801084663126482,-0.022226344313421742,9.999500033329732e-05,0.0004998750416509929,0.0007996801705642441
2025-07-15,0.004329202326260629,0.02223080117633016,0.0012442819537668089,0.0018994801137194597,0.012955879930566672,-0.00663960012008649,-0.00917437627604138,0.0081164456257433,0.0031201273362436777,0.0055543830045221825,0.028320813244059547,0.011974420557060241,0.008130126083250309,0.010677402527355611,0.00497570092714555,0.006175413545353677,0.004368726913415168,0.0003999200213268913,0.0006997551142732649,0.0006997551142732649
2025-07-16,0.025502927056049608,0.0042934250988116976,0.01876798684185915,-0.0890975461732464,0.0107759280203459,0.012853435588248275,0.012972329948799972,-0.00019718032204273268,0.011486220365599485,0.07297112394260687,0.002059347353271924,0.03890980742587186,0.015758089091445236,0.00942442023951253,-0.002175855368464279,0.00934940480555866,0.006950505826523332,-0.00040008002133969133,-0.0006001800720324606,-0.00040008002133969133
2025-07-17,-0.020578108378313736,-0.011243747938767363,0.00028710881621271146,0.0258839907146651,-0.0009201260513985397,-0.0018026881315759522,0.013554424384628517,0.004034445816701066,0.009705094691422344,0.017407677316253024,-0.021550928576523656,-0.006380737706727876,0.0058754775146756585,-0.00916853487475918,0.0025974883918191377,-0.03721568231817908,-0.0011550679886593296,0.0001999800026662447,0.0001999800026662447,9.999500033329732e-05
2025-07-21,0.019116056946083402,-0.01142505187394563,0.0006456936049568661,0.016520022851124045,0.015876694575880895,0.01917043518524668,0.032379576307349035,0.008507360750938464,0.021498093638028872,0.07701390173553171,-0.01456507734724199,0.01131553799257602,0.009503980946672477,0.03172870962817603,0.024693403479643595,-0.013336596844652208,0.031568098361045495,-0.00040008002133969133,-0.0010005003335835344,-0.0009004052431641551
2025-07-22,0.027838511634362014,0.01821794811372817,0.002864715845829722,0.0007950389987866852,-0.0032111720438317685,-0.0011001839221701198,0.00936943791117695,0.0018483394532063627,0.003476536901090355,-0.054941916267836774,0.025083486324220493,0.003930381252819165,-0.0008053421461411606,0.02750280295782012,-0.01247867469130497,-0.0025163909709316158,-0.0008402185062293828,-0.00010000500033334732,-0.00030004500900199243,-0.00030004500900199243
2025-07-23,0.007338870399948608,0.0014683520389533414,0.01272001517086857,-0.0015111149334306661,-0.015253488170390976,-0.0020694759787906053,-0.010093813169218676,-0.004285581702810102,0.00037177025026976796,0.06617127808482781,0.021636283730903275,0.035236235446471705,-0.002251685513870789,-0.010788637282135362,-0.006137058381453017,-0.010129368229356157,-0.005619570843663712,0.00029995500899794244,0.0005998200719675495,0.0004998750416509929
2025-07-24,-0.0014135453232989614,-0.002886307794741899,-0.00219135562897315,0.007137789048292527,0.00509861955000965,-0.0025591652236258713,0.0,0.008939909895484566,0.0004954787664850492,-0.005240602751427454,0.026478311245811768,-0.02575484818853866,0.00677332167378084,0.0017048226243088,-0.009293055044318725,0.013108615028963221,-0.023664682370945284,0.0001999800026662447,0.0003999200213268913,0.00029995500899794244
2025-07-28,-0.00283309913687253,0.00492792609321926,-0.032143698485250914,0.01154992214927999,-0.015123497926370744,-0.00010789814425661471,-0.027177581628012832,-0.024978035925908675,-0.01572673451774471,-0.15662168662439738,0.06381741059613735,-0.005845528127436187,-0.013626710190422463,-0.033528222476792456,-0.003748069245558713,0.003431667064659698,0.0,-0.00010000500033334732,-0.0002000200026670447,-0.00010000500033334732
2025-07-29,-0.015049256237387464,-0.01003871463548139,-0.015391150320297408,0.004209547843880454,-0.017725188245372992,-0.01823924251994588,-0.026406664506093493,-0.02236691206753469,-0.018153465832552278,-0.03858404436149532,0.011598393080921839,-0.011370937426979809,-0.01729011841680029,-0.018412049554946255,-0.017424396306216585,-0.03465378084332726,-0.033742382538240974,-0.0002000200026670447,-0.0006001800720324606,-0.0008003201707691552
2025-07-30,-0.02782967542580131,-0.0015330534549085147,-0.01751804043744107,-0.018529226047079343,-0.025504986272154914,-0.017487178150590376,0.005337412594720975,0.007779781598218695,-0.0226737704509271,-0.015211643324226436,-0.017987107390309925,-0.0005648919794332699,-0.007785371757378062,-0.02071807887387708,0.006623418040819097,0.017577521247927722,-0.005686084450577002,0.0004998750416509929,0.0005998200719675495,0.0003999200213268913
2025-07-31,-0.011475751184263281,0.03227429817990889,-0.033716667637808034,0.00867924021752398,-0.044909646220217266,-0.02803908756596755,0.006065219503090722,-0.012864193608944361,-0.025616902804617966,0.000736648283772573,-0.026495041389239048,-0.00538244925505619,-0.021523573719717796,-0.005510378676843625,0.020096417010864325,-0.03276525090489451,0.008070586325559565,-0.0002000200026670447,0.0,-0.00010000500033334732
2025-08-04,0.012172311943816098,0.016913829830441488,0.015040209087042304,0.02636015872660131,-0.03304177660842806,-0.026394750457207492,-0.03852556555754919,0.00842601807699124,-0.009862945588284579,0.005141399500418652,0.015086555323344403,-0.0012790451541203833,0.037376135345899585,0.027637179048975388,0.006610048734169772,0.03857863802974965,0.022373615044156962,-0.0028039273327342593,-0.0021022080918701985,-0.0015011261262672026
2025-08-05,-0.014554000539325235,-0.011396856294845143,0.004146515961848397,0.0018347226307174724,0.0019004878246063972,0.02010705416287036,0.008603885692500023,0.03369597723763306,0.011206490060172348,-0.014017197414387056,-0.06634919696057438,0.0034071583216143558,-0.011796604737300131,-0.05646608064953586,-0.0021233479650399323,0.004851958606277443,0.0,0.0009995003330834232,0.0001999800026662447,0.0
2025-08-06,0.00660184608090527,0.012956958269512252,-0.08363151522549479,0.00859353552676325,-0.023792153618518514,-0.02149551245892568,0.0007785130794136617,-0.0002932694678627083,0.003752349618550372,0.04019178111865871,0.0553312319633929,0.0008499788017045162,-0.001696646933201524,0.009568161399947083,0.008402602274232673,0.006081457135427903,0.01186528172883292,-0.0002000200026670447,0.0,0.0
2025-08-07,0.00559931471673799,-0.0040815354840019035,0.008214109656921988,0.01667080734540879,-0.010480009416881115,0.008184700933808324,0.020793972174714105,0.012050680329604544,-0.058244831367274305,0.07451570273100877,0.0020859898629074993,0.002969249265290887,0.0006235926063849406,-0.004705258395293706,-0.00022358145644660825,0.010228255967839701,0.003446298643587649,0.0001999800026662447,0.0001999800026662447,9.999500033329732e-05
2025-08-11,0.023282934985658754,0.002974617131985288,0.004863381798732781,-0.02457718880810381,-0.005575716124059422,-0.007711817815789764,-0.016135578657391726,0.00028975708900269185,0.02021121429962514,0.03258466305410181,0.012596870721196578,0.007034356524415502,0.001833878820564981,-0.007031807203134141,-0.015386899850988995,0.02924842912623219,-0.013566379231390072,9.999500033329732e-05,0.0003999200213268913,0.0003999200213268913
2025-08-12,0.02500024989673101,0.014146345727906929,0.02388803871528126,-0.012441601236930193,0.0323055701801497,0.03666835749679874,0.010785928910151324,0.020550305034598843,0.0470882728054892,0.04623435381573306,0.05271554629729815,0.0318713600749304,0.016933290050104948,0.017354306528858134,0.003044635376480518,0.014777819630258066,0.017000841680024664,-0.00030004500900199243,0.0,0.0001999800026662447
2025-08-13,-0.011875035013448318,0.015807297009073164,0.0007223404142487719,-0.0009277872940149438,0.0019518548812195195,-0.007117874688201759,-0.008464844695948028,-0.003791473736262136,-0.015630536643997012,-0.0029429818911442763,-0.018995015101243726,-0.01532597047822682,-0.0069579734311209195,-0.0062880667421297935,-0.006358909270666837,-0.022409017236057992,-0.014388737452099556,-0.00040008002133969133,-0.0006001800720324606,-0.0005001250416822429
2025-08-14,0.002772295638716305,0.009772302286853484,0.003683835350427308,0.0189255926486864,0.003447090624621095,0.017827405877456494,0.02819234333426587,0.0007594456412098756,0.002017621237271404,0.009289884681368507,-0.01919380465303906,-0.004283845423560047,-0.005869951461559703,0.02098350562279529,0.0005856706095698108,-0.02757099309643149,0.0,0.0004998750416509929,0.0004998750416509929,0.0004998750416509929
2025-08-18,0.007605234935149448,-0.0024220124221209093,0.007168489478612497,-0.0038022859497385706,0.03527976294352919,0.017265892402142657,-0.00075159717931212,0.014227403504714598,0.02743529041529816,-0.020155530537425317,-0.06373138071702363,0.008412102284197141,-0.0008266171167109758,0.02824753762831524,-0.007050788145725572,0.012714936727687807,-0.018429657207633784,0.0001999800026662447,0.0003999200213268913,0.0004998750416509929
2025-08-19,-0.008360553673589413,0.014253624086583901,-0.0082882208601022,0.009025811207312287,-0.0032489802130012324,-0.021275611446997116,-0.007547205635382966,0.009404603978234647,-0.005637510833660961,-0.03063200361450511,-0.008138703552811138,-0.013410030222253387,0.007380867369814148,-0.010402713730140697,0.010071300681073148,0.0026529505352485576,0.0163986105207522,-0.0002000200026670447,-0.00040008002133969133,-0.00040008002133969133
2025-08-20,-0.01659227093900486,0.0016720414739850459,0.011695109232430593,-0.003327790092674691,-0.004164708204161055,0.0,-0.01757783126397257,0.0026840684353929014,0.003412524639917477,0.010441964226222818,-0.0090602912206273,-0.0013927578853033576,0.003925656614265467,-0.0006457028699840721,-0.003476004474508492,-0.002393816042997758,0.005214380296820459,-0.00010000500033334732,-0.00010000500033334732,-0.00010000500033334732
2025-08-21,0.037528484676540234,0.005236860337682571,0.027230081089561414,0.0044597375402564785,0.020382225830454632,0.024207353783635324,0.03930967189131199,0.002492500713432418,0.01714773116077847,0.029949830244377557,0.024437816727414085,0.02559303143088406,0.019500634811626713,0.044468612290988606,0.010649590024490023,0.027724548014854983,0.020872809244297564,0.0004998750416509929,0.0004998750416509929,0.0003999200213268913
2025-08-25,-0.02775987864600393,-0.010693246822884285,-0.02359830700454456,-0.007570631964578217,-0.014767872927113141,-0.020028563503031022,-0.011181629732186915,-0.002769829118260555,-0.00905686097666053,0.0023331501957409738,-0.006818616046901224,-0.0168508679350182,-0.01796869354281644,-0.0012363997618575907,0.004818048057358027,-0.013638449213131109,-0.00909614003384452,-0.0007002451143934259,-0.0006001800720324606,-0.0005001250416822429
2025-08-26,0.0032912810840727306,-0.001440853234241662,0.02305936869993424,-0.000988405326619012,0.006633652921086507,0.004049157741137985,0.0014981276210219918,-0.006958324684698289,0.01713849049259777,0.07272277252488611,0.0030561821540704905,0.0005524862018988328,0.002106837805274347,0.010950586203668289,0.0020166782871590475,-0.0002555094232999207,-0.0008570204781091922,-0.00030004500900199243,-0.0005001250416822429,-0.0002000200026670447
2025-08-27,0.05147863402296188,-0.0006731093095143893,0.004686728259192635,-0.0006848533540135079,-0.003701615401577891,-0.00672948154873045,0.008941937375661433,-0.012271241990018188,0.001531980383884222,-0.03198418636465013,0.008638461868502473,-0.011108139767208501,0.001458591530791702,0.001345154589868959,0.007391628900451511,0.006558653202573512,0.015033611744372621,-0.0002000200026670447,-0.0006001800720324606,-0.0002000200026670447
2025-08-28,0.005586160883425154,0.011857090530320157,0.0005364190327485146,0.009771694615993124,0.01472495315520184,0.007711179965696512,0.004441161999967836,0.007137520909687956,0.009395701420471117,0.0,-0.03593273262897965,-0.004618299440749569,-0.0030893036298873795,0.007426831482967953,0.009603611956202743,-0.012967699046236424,0.018686919451681498,0.0001999800026662447,0.0,-0.0002000200026670447
2025-09-02,-0.003507656657636554,0.006915198304795252,-0.044089668269166445,-0.0036248340551030436,-0.02264159584991488,-0.023256862164267235,-0.023161289357264553,-0.001123595623826566,-0.02004023924665085,-0.05830894660802994,-0.0030791993783787215,-0.0070383173434392056,-0.009668843154837663,-0.01073181031600378,0.031168862244522075,-0.02295811821019239,0.03128230053792573,-0.00030004500900199243,0.0004998750416509929,0.0005998200719675495
2025-09-03,0.025701059881287017,0.005366486541075042,0.0037559479964016686,0.004754905369852646,-0.0047723374410812616,-0.01209581583989184,-0.032260862218221435,0.01681492541850211,-0.0047819154126886474,-0.010540943377960937,-0.0020992845447324513,0.025797986506939985,-0.0045075345136620934,0.016175481897180318,-0.004428637569698801,0.022893819865852715,-0.011040909249104862,-0.0005001250416822429,-0.0005001250416823539,-0.0006001800720324606
2025-09-04,0.0020992893453939646,-0.0020678642578670376,-0.012521232695333586,0.0009783632012764832,0.007915141049334447,0.013443544261590962,0.009324076875123244,-0.015036481555735502,0.01759274908444792,0.028233950542043022,-0.06809263842467154,0.014215657654013607,-0.00037942155914543564,0.021601174054573787,0.013257712353817697,-0.0014156105574875013,0.00755331349405936,-0.00010000500033334732,-0.00040008002133969133,-0.0005001250416822429
2025-09-08,-0.019608471388376313,-0.010118768071416375,0.0,-0.007474835664102765,-0.011678043316796737,0.014480431674854601,-0.016374634871789955,-0.00609729387695256,-0.005104656311683173,-0.11640429560618318,0.0304949353101383,-0.02306527293099622,-0.009428146094822483,-0.011637704080209822,0.00905119619094633,-0.014398069597139877,-0.0008065600652331765,-0.001200720576518877,-0.0008003201707691552,-0.001200720576518877
2025-09-09,-0.01701522857528977,0.005781184655789328,-0.0032359869675080317,-0.019823847680481465,-0.03587538837307193,-0.01107619741449243,0.000785854657339038,0.00889893934044151,-0.018204621267220746,0.010144021186579895,0.02359317958027134,0.006782502296731038,0.0012529585378572418,0.0033389012655146303,0.0035857326413301907,0.0031958285800998947,0.006167066066756697,0.0003999200213268913,0.0003999200213268913,0.00029995500899794244
2025-09-10,0.020809999513793278,0.03974032864951412,-0.002921368628027275,0.025114865314897185,0.00426877469637336,0.001113156770336811,0.009382398771913518,0.013523733343041189,0.03142291235307361,0.023321135107966837,-0.024556292435225533,0.024662330410927177,0.02412405226311086,0.008770946355099557,-0.0014924930384585258,0.03769932762227937,0.010106469001342797,-0.0002000200026670447,-0.0002000200026670447,-0.00040008002133969133
2025-09-11,-0.027925165365505697,-0.00857356583332161,-0.004071666862943304,0.008108761300956398,-0.023245779357146404,-0.0034004404756711472,0.0023319093349787427,0.004040038549902911,-0.030250960920024297,0.01231558968000856,0.018457754153718208,-0.023559338433667927,-0.005788826735179967,0.0021218916366422163,0.0019696207388084867,-0.01008390721624531,0.014449220256101,-0.00030004500900199243,0.0,-0.00030004500900199243
2025-09-15,0.03154835773492606,-0.009572093334732456,-0.007288841081562353,-0.007279855032931311,-0.007278879302592526,0.009599982570514528,-0.014073727211662078,-0.013840412848791643,-0.006004456102985796,0.06323799168823982,0.011848554124033963,0.014229272780569043,-0.027244359484327567,0.009726449210993884,0.012355529692618232,-0.008715899563427642,0.006758538853286764,9.999500033329732e-05,0.0001999800026662447,0.0003999200213268913
2025-09-16,-0.0037021033972773464,0.020821215715067225,0.012578782206860185,0.010564665750606342,0.01853415673485559,0.026134671550096026,-0.015073668985725767,0.01475633157924492,-0.0070950238506036845,-0.009683502111164892,-0.008134704766782094,-0.006678958924719935,0.019737254213695297,-0.007139125646042947,-0.007745101977835473,-0.008599167408441459,-0.02120775910938761,-0.0002000200026670447,-0.0002000200026670447,-0.00010000500033334732
2025-09-17,0.007077170374085079,0.0053297325802178375,0.018257635072188822,0.0029768571510698006,-0.007030125253654926,0.014776905893672513,0.034567463666726916,-0.011324523731232062,0.016347712524404524,0.009559946171055893,-0.007821409873556482,-0.0006840413427682752,0.006242731394330947,0.026770241064604832,-0.004014338045248695,0.001545595361780765,0.005278449838136584,-0.0002000200026670447,0.00029995500899794244,0.0001999800026662447
2025-09-18,-0.01023872849281427,0.0021599252423662105,0.012435311327217263,0.010864450385544604,0.0006259781112073989,-0.004254397166427624,0.007692345623155865,0.0003703018001951151,-0.010562789738952584,0.011181538135760404,-0.003361774121661884,0.0002736726891740598,-0.007895681252417514,-0.014513039805303208,0.010551372342238628,0.007692345623155645,0.02726379434535744,9.999500033329732e-05,0.0004998750416509929,0.0004998750416509929
2025-09-22,-0.003012766886789962,0.000629100407195549,-0.028260841430793788,-0.001103225206588621,-0.017677227983866235,-0.011323779751672184,0.0068728792877620504,0.0017570633826401612,-0.013329131685777726,-0.02124061084575352,0.02205625243482815,-0.012667111408118473,-0.04789792060010492,0.00900906994236591,0.021236431935540326,-0.001981527702600517,0.02329219223546107,0.0,0.0003999200213268913,0.0003999200213268913
2025-09-23,-0.012464207384853467,-0.011839270688419855,-0.003406605614190792,-0.014827167623117888,0.015087310499580946,-0.023803655184860266,0.01660415505203516,0.009929289998689032,0.012673436953741925,0.01805862309179492,-0.00012430853394100204,-0.002914038001849646,-0.015669161456761716,-0.012495823823540446,-0.009104415000775589,-0.010872119700780586,-0.0035096551443025135,0.0,-0.00030004500900199243,-0.00030004500900199243
2025-09-24,-0.020222397007998133,-0.006613026631218626,-0.010864788491141857,-0.0043413241837025225,-0.02764996770543301,0.002516151335257171,-0.025010776971745877,0.0015540018667343205,-0.011213098161193171,0.039065119930230936,0.002421233528027824,-0.007812539736793512,-0.024162049676388953,-0.020347658788733684,0.004156559823392065,-0.01020715555037669,0.029934207818044463,0.0001999800026662447,0.0001999800026662447,0.0003999200213268913
2025-09-25,0.012231072242697231,0.00942737256507252,0.015889517435742982,0.0017986964303842953,0.027189764789665193,0.01738249300207879,0.0159881593721085,0.017026312413631214,0.008849030866312543,0.03782327912249049,-0.011286871918074926,0.014598799421152631,0.0037554498095363075,-0.0036902607201819426,0.005755702884330417,-0.0014386609857790227,0.02002721056375893,0.0004998750416509929,0.0004998750416509929,0.0001999800026662447
2025-09-29,0.039410836406707006,0.04835620806991065,-0.01860366969615423,0.002915998925934179,0.03142956968995822,-0.02137169069304102,-0.00606062461169107,0.00304850948904561,-0.003820569827478958,-0.08303621135833456,0.014506090942895828,0.013163497355998421,0.02202127911674988,-0.0061008622749103205,0.02486563793901678,0.015390413848637364,0.012109847620614154,-0.00030004500900199243,-0.00010000500033334732,-0.00030004500900199243
2025-09-30,0.07668686888208585,0.05397174611079381,0.0073849519185187245,-0.003515204995843967,-0.011788596882688946,-0.025932218287901026,0.15523563165333332,-0.008541297149910039,0.0010554090689434672,0.040960120155606024,0.013628203557772209,-0.004231799366957234,-0.01485011220820231,0.0014388491690990783,0.001574139467704785,0.0052702737837338,0.01266433436496544,0.00029995500899794244,0.0,9.999500033329732e-05
2025-10-01,0.0008655511215505244,-0.0325225153441544,-0.0068086067541560805,-0.0036027960609881994,0.0025817041283588455,0.02232543818262008,-0.07285756560872846,-0.0013553198370106188,0.02821116565345546,0.036498704938867206,0.034281537598422354,0.006001109117393266,0.007046200115242259,0.0028715023320231626,-0.0034889318191375835,0.01778954156349846,-0.008895189737891055,-0.0006001800720324606,-0.0006001800720324606,-0.00040008002133969133
2025-10-02,0.020975299922917044,-0.011265449554603475,-0.010508557255634758,0.011959182820552396,0.00400278278186915,-0.013577591069900799,0.020090734638736223,0.01543185118926652,-0.0057851932257707555,0.00693854799852125,-0.030265467943532548,-0.0025869712841353905,0.003209920294463863,0.0011940299926075468,0.00800082872179176,-0.0008820009391785352,0.02301089328214515,0.0,-0.00010000500033334732,-0.0002000200026670447
2025-10-06,-0.02198518242957779,-0.004627852455461048,-0.003082436730622624,-0.011733627389349124,0.02380537345704632,0.004517668283488417,-0.012422519998557096,0.00541621745807793,-0.01245475362790549,0.025847592810555296,0.2503288074625757,-0.026944635243451826,-0.0021388016118427614,-0.07057099981345356,0.023816569845685226,-0.02121166187404088,-0.0029916027374279125,0.0003999200213268913,0.0007996801705642441,0.0007996801705642441
2025-10-07,0.01610801911509529,-0.006852441319881857,0.001167445095904175,0.009353205228341526,0.006941580004566547,0.0013197913202813616,0.022658023892583996,-0.00916254241769941,0.0015653538286372396,0.0127320345744604,0.10769337938388687,-0.004632562506735124,-0.008564013266279688,-0.037444854632393415,0.016356517165868684,0.004304121249721145,0.026607595808769303,-0.00010000500033334732,-0.00040008002133969133,-0.00040008002133969133
2025-10-08,-0.004983635546080094,-0.0023813143112815295,0.0013325562061804535,-0.007175454959031158,-0.0037226291455409455,-0.003734348818646079,-0.010921610267425424,-0.006545054072356017,-0.01602977432020377,0.05112968628313081,-0.011399418990671458,-0.01903466560588431,-0.022098058950786464,-0.010558066670370892,-0.018625238498694022,-0.020202707317519466,0.0033605946268605693,9.999500033329732e-05,9.999500033329732e-05,-0.00010000500033334732
2025-10-09,-0.02522447907943687,-0.0008239554662906419,-0.01644746315832874,-0.005566435314827426,-0.04503986523514803,-0.029083190839600065,-0.03491974908081574,-0.0019809118669207332,-0.030390936448669126,-0.07129010470292638,-0.08039343543723378,-0.02880618147310913,-0.021663441699157314,-0.006875659038390654,0.010047052045466269,-0.027386255506278472,0.015975489525422725,0.0,0.0001999800026662447,9.999500033329732e-05
2025-10-14,0.021935943087482417,-0.01874288533346824,0.05008264561139853,-0.023816101613211633,-0.0051180804533879085,-0.020595214131705047,0.04719821165953118,-0.0103280497689811,0.005853940888412396,0.08834589676064214,0.10461570601535089,0.021320901093961554,0.0012828239431479443,0.03050926034459733,0.048310143101226395,0.031238063761264312,0.06187980608568075,-0.0008003201707691552,-0.0014009809156281003,-0.0011006054440330039
2025-10-15,0.010329566467582575,0.0028691891055344335,-0.011086498339041923,-0.01415925320294721,-0.024023277594506908,-0.004243330708582133,0.004734537082111923,-0.02844931868374826,-0.009684314928646357,-0.029673927042558997,-0.017077090965529066,0.0021649716185145706,-0.016569446237551022,-0.012942600105895718,0.02311799219173792,-0.01351371916672282,0.01723119556685529,0.00029995500899794244,0.00029995500899794244,0.0001999800026662447
2025-10-16,0.005794659702500972,0.011830827678710543,0.02427771971710324,0.00710468694854068,0.01850140621188691,0.01216637144749931,-0.01632689328742878,0.009140149436805148,-0.0013715541856581396,-0.027124994396782266,-0.006329676423413147,0.005033447026020805,7.899206133881213e-05,-0.003195316258832282,-0.018996293371264655,0.008090818679695593,-0.0453488683091236,-0.0007002451143934259,-0.0008003201707691552,-0.0006001800720324606
2025-10-20,0.02614891685808335,0.007896604726537542,0.020828355415647898,-0.007810099056014503,0.04959085188511284,0.07035224638392751,-0.017993565048012528,0.0043540760806022975,0.04390261373770349,-0.015211071206461755,0.021014973873082654,0.01833609754300815,0.005945952821380712,0.02371965202915426,-0.030672046671459154,0.08775358925274022,-0.07052933230141746,9.999500033329732e-05,0.00029995500899794244,9.999500033329732e-05
2025-10-21,0.0013033786787693387,-0.011780952218246907,-0.0082793568307763,0.003209521718672232,-0.005483852429865126,-0.009724094385317695,-0.002097169590723648,-0.003055133608115626,-0.01882845333041142,-0.000766661228067083,-0.03331790689167726,-0.04023531219189895,-0.006143444675483502,0.012681329364399696,0.0001060276733220477,0.0035343134403149116,0.0020531545937225804,9.999500033329732e-05,-0.0002000200026670447,-0.0002000200026670447
2025-10-22,0.010841138463382631,-0.0018821269206927593,-0.001177163173014863,-0.012662877135243502,0.00268564145789113,8.472063376113174e-05,-0.00631802733456098,-0.002785517121426312,-0.001339405504286804,0.06459330215048593,0.020464150790978138,0.012241481925756212,0.007006799253873445,-0.011119845637889541,0.003994344459226319,0.025796076660830534,0.006813562584941456,-0.00010000500033334732,0.0,-0.00010000500033334732
2025-10-23,0.003858003363896215,-0.0011397511316223892,0.00501293444223445,0.0040286005747365815,-0.008684169881590915,-0.001695777920363896,0.02434902901028655,-0.0034461916470347157,0.0058800115960478535,0.08162163874965966,0.07353027314315551,-0.002029868755559624,-7.84559862320152e-05,0.0064800641476597184,-0.0033584143901003796,-0.018230437261445406,-0.004309862631342622,0.0003999200213268913,0.0004998750416509929,0.0003999200213268913
2025-10-27,-0.014836259611670358,-0.001975721231885,0.0001562500003178178,-0.0018937905131290644,0.022755472887672126,0.017913939372461985,-0.00620477688688287,-0.004675964752890684,0.009283886310007658,-0.08863053159364911,0.019925110669990014,-0.03035447429241997,-0.0018847926418412162,-0.2069340795803612,-0.03542626828059301,-0.009960419924834067,-0.029763415126049454,0.0,0.0,0.0
2025-10-28,-0.018336441787185187,-0.010603616184912582,-0.01202419296680159,-0.017368186744621955,-0.02235175871182135,-0.06322239170036424,-0.006243516639685159,-0.00922880643762159,-0.036842026321484096,0.011518021205489375,0.024199978686345554,-0.01903093231069083,-0.024226974053022335,-0.06872054033058424,-0.0037944448726882295,-0.013274798207651975,0.012335778444961358,0.0,-0.00010000500033334732,-0.0002000200026670447
2025-10-29,0.0011166947000753762,0.013500006501317332,-0.0011075074306622396,0.0019269375693437203,0.0060362356318502414,0.004076212998917095,-0.024657818484489478,0.010727495365568173,0.012522281501014237,0.0009198222325674004,-0.03656242529846063,0.016934181505075814,-0.01492928336992578,-0.04152424921219295,0.019451461015338633,0.010994432361103385,0.025352505508625185,0.0010993954433010642,0.0009995003330834232,0.0008995952428359939
2025-10-30,0.020710390924385626,-0.045543905231895165,0.0015817782481838234,-0.008457902125756266,0.003404429041625672,0.0031491454176326016,-0.01075664727970386,0.0032705724616679675,0.01570185920108031,0.003467268413439359,0.0050101874023140164,-0.010701737526247862,-0.008496716073809118,0.0322918362239935,-0.005445323309533328,0.0003003453994645636,-0.007470323365165534,0.0,0.0001999800026662447,0.00029995500899794244
2025-11-03,-0.0019149233043477202,-0.009909513487712372,-0.03367267383005767,0.01748100003521284,-0.029211001875446476,-0.014682204365385549,-0.031492899231736676,0.015000281259492598,-0.042571193250376074,-0.10487424708098397,-0.023985186785688704,-0.012810911824475957,-0.007530654589223629,-0.0754300940872815,-0.01588117272269772,-0.03614077634709888,-0.02928163093199839,0.0,0.0,0.0001999800026662447
2025-11-04,0.004712318776449097,0.0040678648984645545,0.001225240096100983,-0.01006639482203418,0.02005284018022007,0.0005366086463128152,0.05641408928009145,0.022086787402843287,0.013936065488588714,0.038916279289186353,0.02480477898689956,0.013416880635625747,-0.013421897808078011,0.008851247165387406,0.011498006836119833,0.022961213106848514,0.021068032394609564,-0.00030004500900199243,-0.00030004500900199243,-0.00030004500900199243
2025-11-05,0.004893641248303469,0.010417477933306465,-0.01621234538452941,0.0032867078366555008,-0.02649594854289207,-0.024681436304958757,-0.002111933203143613,0.02187337139072642,0.00027401014008954076,-0.007641124395724132,-0.07545630248566422,-0.006838412789977849,0.08559669885619449,-0.024155763879335924,-0.0012012341393667768,-0.002864371035424504,-0.002293578987099401,0.0003999200213268913,0.0006997551142732649,0.0006997551142732649
2025-11-06,-0.005098063585562753,0.0005476951300761443,0.0028996333642318487,0.011221318652923046,0.01814872231385249,-0.0012226808798155777,-0.004237294475515155,0.0034242098517875295,0.13725731944260602,0.06285235347850043,-0.017656005718579438,0.010315625455247696,0.0036642086780903286,0.04486871368322539,0.006100402916146831,0.00602393132579304,0.008460093902763468,-0.0006001800720324606,-0.0007002451143934259,-0.0006001800720324606
2025-11-10,0.018098819261806884,0.02705361580135362,0.013557579996870985,0.005052110524706942,-0.013106347505300434,0.018995678493637938,0.0098592347923089,-0.0026329662393607457,0.078847821642972,0.06667145781679072,0.016898461807935625,-0.0071185457738433084,0.009540850578562004,-0.013760854478233355,0.03090411406506006,0.022968836799306464,0.05600666805857233,9.999500033329732e-05,0.00029995500899794244,0.0001999800026662447
2025-11-12,-0.0170771252043317,0.031130918595173213,-0.010996335980959197,0.017638793376157997,0.020444267849187358,0.00113973798366897,-0.042955780752886884,0.010664436735572802,-0.021642968842053623,0.09794960311098673,0.04301561237821423,0.004549598384454846,0.0030461128530128076,-0.048753701753063566,0.007866417049357139,0.011494718210625537,0.02066761537741188,-0.00010000500033334732,-0.00040008002133969133,-0.0005001250416822429
2025-11-13,-0.000476660660688173,0.00030130205759006443,0.006825403743310314,0.010236764397566597,-0.009578384038485394,-0.007492024031689394,0.010913167603665706,-0.005842615268664848,-0.017061378368430996,0.004962789342129097,-0.004648632984770073,-0.02063820098426326,-0.014128151992781028,0.0009566632318635572,-0.01821275122317497,-0.017978012295408203,-0.03127262765670448,0.00029995500899794244,0.00029995500899794244,0.00029995500899794244
2025-11-17,-0.02050577595932506,0.006477512299646585,-0.055607316440886,-0.004528193776733517,-0.021476062922717476,-0.020257564505473624,-0.0072621960417846715,-0.02282275088711881,0.006517660714583143,0.052859723662048747,-0.06927942558902386,-0.021230894235323462,-0.028076135451223817,-0.028908793615603123,-0.004291566075406327,-0.010738921933766703,0.003041497022047899,9.999500033329732e-05,9.999500033329732e-05,0.0001999800026662447
2025-11-18,0.003885655735415716,-0.004113292572662402,-0.008526981100910849,-0.030062775368515652,0.004489905272852001,-0.01979584703131174,0.003637690442824213,-0.0213428249608255,-0.01400229465320985,0.03473049103765349,-0.029704281579935068,0.0036223364279382333,0.004313336459278371,-0.0257216852111045,0.0016281649377564592,0.004753747255820634,0.007563515257244776,-0.0002000200026670447,-0.0002000200026670447,-0.00010000500033334732
2025-11-19,0.004560223476540548,-0.014966972010473634,-0.025667397220501775,-0.017432074237011274,-0.0012036442817012706,-0.018112816950586242,-0.019062160768456023,0.010457017315574475,0.009890822438431724,-0.07653465210377625,-0.08166185122444232,-0.005675563083083248,-0.008565702529288191,-0.01321560354373728,-0.00029340766537949985,-0.011896634768200694,-0.014529150735426944,9.999500033329732e-05,9.999500033329732e-05,9.999500033329732e-05
2025-11-20,0.041786646975684454,0.029332401598191966,0.02409328233490877,0.032849669018287,0.04490848785851746,0.03704534570301292,0.017608672140472778,0.003882097594300019,0.018482299447550463,0.003429946768573842,-0.010932270909408074,0.02882942160689378,0.024703297653479013,0.04070737477114692,-0.0015484838634499296,0.020920510506309106,-0.010540282035432382,-0.00030004500900199243,-0.00030004500900199243,-0.00030004500900199243
2025-11-24,0.03858478308415534,-0.019142611533383057,0.03694260825146035,-0.0004684572228080864,-0.010457507291337268,-0.01441600757225294,0.004354143308620434,0.005839826128885504,0.018918881656012493,0.06975728848510353,0.011466057164954918,0.004750602758597799,0.006043016646692394,0.03399979797924318,0.015404294793044712,0.020316925316972444,0.029794527472736032,-0.00040008002133969133,-0.0007002451143934259,-0.0006001800720324606
2025-11-25,-0.01816656180135613,-0.01802164300858082,-0.01546992177213189,0.0038193272976056983,-0.005552440433739317,-0.006372947621480929,0.007215038514150693,-0.009721923723185462,-0.013987794672124453,0.013086596724806158,0.03858984423176819,0.01396713156434331,0.00011585471831279941,0.017322971312884496,0.007966499155688188,-0.00432319420780589,0.03639825376086167,-0.00010000500033334732,-0.0006001800720324606,-0.00030004500900199243
2025-12-01,-0.03668199375179106,-0.014556813025384667,0.014963720799540961,-0.017421769995753462,0.0517733082727987,0.016523106375471264,0.0035880913988748475,-0.015680875595485005,-0.02972762588217442,0.009645242388802482,0.004656802678356458,-0.0055937858460665514,-0.008492867056360936,0.004841722679996926,0.0106963998175169,0.004439778294210071,0.09324192674026599,0.0001999800026662447,0.001199280575482187,0.0007996801705642441
2025-12-02,0.0030194272612824925,0.025825768267371763,0.013661529158097879,-0.00818731968992527,0.04432516089285947,0.012223246752396347,-0.018070603760003412,0.0019277556803069644,0.013043663192029398,-0.01296016255142499,0.010904830360568538,0.020408871631207033,0.013846137047280294,-0.10591798106295336,-0.0009300884254429126,0.008878630789627764,-0.0011299436230483369,-0.00030004500900199243,-0.00010000500033334732,0.0
2025-12-03,-0.00631764988569629,-0.00666741766178983,0.005727344977311497,0.0008775779413589422,-0.012947671610345362,0.00594958353678082,0.015919294217491144,0.0018325092172269825,-0.0156960316961938,-0.05986398145890896,-0.007472704177173884,-0.00178412179350122,0.004866189651172906,-0.03852702568120695,0.0006459865084268607,-0.022316617237301523,-0.024994146647158478,-0.0002000200026670447,-0.00040008002133969133,-0.00030004500900199243
2025-12-04,-0.01926474609024756,-0.011565906541050483,0.02855705190874206,-0.0025550956091798136,-0.010262624358126048,0.05195319281147178,-0.0007181328854407791,0.00036609921697567375,-0.03657295136248034,0.04953331107102948,0.009171627835807635,0.01227553682786545,-0.0035611073225284605,-0.024113256946370298,-0.0017839372855458168,-0.010631132050063432,0.0227304218547705,0.00029995500899794244,0.0005998200719675495,0.0004998750416509929
2025-12-08,-0.033903921790430565,-0.013761991530905512,0.00856999358310914,-0.0310990027720479,0.010967803744150713,-0.00561848041756515,0.0028694424279529607,-0.01159700065773488,0.025659107981315796,0.032225359994890825,0.01660676486775813,-0.0238000226798195,-0.1219537525488639,-0.004186411314212708,0.0024811343235865355,-0.01437316141116539,0.04107125523692385,9.999500033329732e-05,0.0006997551142732649,0.0005998200719675495
2025-12-09,0.01992252017343175,0.009773154969672617,0.017236353347752077,0.010664580156529054,0.009930861496007325,-0.0034620734267414425,-0.011527505171067383,-0.007713434461316961,0.009180239942074573,0.029868887096909734,-0.000902853076858675,0.022181780325942084,0.025457553809610792,0.0257206855287645,0.004250119090043615,0.0034467154303408007,0.016181582851241695,0.0001999800026662447,0.00029995500899794244,9.999500033329732e-05
2025-12-10,-0.004190828233231823,-0.005343320220437043,0.0033650303694184786,0.00593908103773886,-0.006819171635726181,0.02105158772909104,0.014388737452099452,0.01536782697712831,-0.011634802567699594,0.010306289882252755,4.516201875006354e-05,0.009670405031682261,0.02922529203121526,-0.01955733782109571,0.010712242435784478,0.017591550397637004,0.02726881952080127,-0.0005001250416822429,-0.0006001800720324606,-0.0005001250416822429
2025-12-11,-0.022581033785774585,-0.0029510417123878147,0.0030422426833749965,0.017528791656736778,0.004391718165244946,0.016976895302591215,-0.012217183938591752,0.01096402029191415,0.0050195634489803775,-0.013840792527845362,-0.04929157694427997,0.002039330641225549,-0.002999611888966159,0.02320893676644584,0.005578956499980332,0.0017777782459993572,-0.026733917127731748,-0.0002000200026670447,0.0,9.999500033329732e-05
2025-12-15,-0.0035141858519830023,0.001566030880019114,0.027805170689676036,0.011097133537154009,0.0017660048739917907,-0.024251529285446025,-0.015300844955300598,-0.005101587087137194,0.021426922727487644,-0.012660796086324838,-0.007667617039962177,-0.011415314943562054,-0.003091192569672858,0.007050557996666762,0.0011373258906059618,-0.03433038128374786,0.028641156544191575,-0.00040008002133969133,9.999500033329732e-05,0.0003999200213268913
2025-12-16,-0.018343816886676946,0.002857272357755173,0.013318982397593805,-0.0011831053949342121,0.00622963647568222,0.019273246211473343,-0.010332195237205188,0.009182300072474057,-0.002167837006206984,0.02739278807902251,-0.05432488647959323,0.00205852153268093,0.016904808762952507,0.012482971783677506,0.00855157503956733,-0.006331274798723646,0.04289156462931293,-0.00010000500033334732,-0.00040008002133969133,-0.00030004500900199243
2025-12-17,0.001754642941771087,-0.006664753048763389,0.0015685106102548024,-0.012627734013815898,-0.013904950907914618,0.0032372964497913107,0.014727806710243386,-0.00036205648476603887,0.010679492547397935,0.04194081017632983,0.014780938991038765,0.0016144422674428676,-0.01073194965587146,0.028807297153938354,-0.0018048284045931544,-0.002531412459121732,-0.01572201643242376,0.0,9.999500033329732e-05,9.999500033329732e-05
2025-12-18,0.0024804856958458086,0.01779248075601403,0.009581534289808099,0.002633996015430234,0.008446961937864225,0.00014051456456585766,-0.01102547001170771,-0.0009057151239560611,0.008215678420859853,0.03771923605367303,0.05970553907820264,-0.002643173345014109,-0.01567086709306419,-0.020849139970281223,0.0011283994226310985,0.0012356358917992502,0.026779146990671555,-0.0002000200026670447,-0.00040008002133969133,-0.00040008002133969133
2025-12-22,0.008127766078718958,0.00864780086960422,0.008904647277779423,-0.007280323368125385,-0.005451009777408344,-0.009713748938105626,0.0269793979539494,0.0032567425202740725,0.00011207621194149008,0.005605319208456572,0.006863893592987969,-0.0039779057979218236,0.019846751323926125,0.0027080528996310926,0.03598448936985911,-0.011238515108793284,0.06219703260707248,0.0003999200213268913,0.0004998750416509929,0.0004998750416509929
2025-12-23,-0.00028914269393305234,0.004796381393633927,0.0021224438018458106,0.00216563148605633,-0.0029218698549804264,0.0015877519638350045,0.00430725719758027,-0.0009035873028274766,-0.004605456048103934,0.012262610893917746,0.0006512536863199927,0.003242449414105618,0.004361923713410576,0.014252022707201413,-0.004142598315004114,0.001185684559638301,0.005843473493697563,-0.00010000500033334732,9.999500033329732e-05,9.999500033329732e-05
2025-12-29,-0.005073577600701227,-0.0006526989331644263,0.0009499799757146112,0.007741768184995017,7.407681769368311e-05,-0.0013324074601567507,0.03795255209230233,0.001625869746651473,-0.009616002599373005,-0.044754818385932156,0.0013941170527863034,-0.0032424494141056583,0.012048825664115694,0.014456120626546406,-0.03216774234422418,0.005163147919821107,0.05605043714752182,-0.00040008002133969133,-0.0005001250416823539,-0.0006001800720324606
2025-12-30,-0.011326804571566753,-0.005455789016805156,-0.008729835729635205,-0.003903298857895986,-0.006316201566796251,-0.007174407997545958,-0.011095814255054463,-0.004794870542596266,-0.008218286182046659,-0.004021878767588364,-0.005494775175473827,-0.012776878613179481,-0.007260438476476589,-0.010771367225091696,-0.0064889563704801385,-0.006661088531957654,-0.06839246360564215,-0.00010000500033334732,9.999500033329732e-05,0.0001999800026662447
2026-01-05,0.08133645296360513,-0.020158942683713096,0.01680466227642655,0.01967898491673575,0.028041452929365794,-0.04082318503116882,0.03830837777993926,0.015209760876665535,0.016933184868226748,0.11166835086232452,0.0008867938318891226,0.026121163437533956,0.04488465615440359,0.06792978106504043,0.04168660007641697,0.03745342908034985,0.13471433129814453,0.0,0.00029995500899794244,0.00029995500899794244
2026-01-06,0.001421753057609324,0.04150590296746761,-0.007125748176591387,-0.005808037675371617,-0.007092099337700746,0.006260312098292329,-0.030666798392972417,-0.015935516147567066,-0.006330566020971732,0.021394535537081222,-0.020407428766138762,-0.022539070055029344,0.013494236251095977,-0.0038255593709835252,-0.009605988190344073,-0.020054148004940858,-0.038022137199873414,9.999500033329732e-05,9.999500033329732e-05,9.999500033329732e-05
2026-01-07,-0.01396623171233326,-0.040613165328388,0.011752039498479834,-0.006792538556162126,0.02821345824371522,0.002776384806148623,-0.016044990183346257,0.000635064661852015,-0.028410675019000287,-0.020383349203052913,-0.025754980340956267,0.04771120100504605,-0.0024852332659928244,0.02067404122032548,0.005507373312130111,0.014201061450485815,-0.01777255850301666,0.0,-0.0002000200026670447,-0.00030004500900199243
2026-01-08,0.018758195797231203,-0.01823512403950044,0.004389601550656349,-0.0020626742735703222,-0.004088967278705923,-0.015126813348344002,0.0070077371574048,-0.009293916556033378,0.027730017023351206,0.018648850843404993,-0.0074047169273720286,0.001703094365672544,0.009524970095723737,0.01305501570164365,0.00721587711372946,0.0,0.03758623863728907,0.0,0.0003999200213268913,0.0003999200213268913
2026-01-12,-0.014923625226269163,0.00303972286775031,0.005727802585954544,-0.012948786152427755,-0.01388437824473826,-0.07464481564218116,-0.024744988263629104,-0.011786508455700352,0.008362575573619873,0.09226754962009963,0.08398387868749442,0.0007087674830692734,0.009284837413311098,0.012337878631983153,0.01712755659183615,0.024981876474840892,0.08244168129956439,0.0004998750416509929,0.00029995500899794244,0.0
2026-01-13,-0.0027374777565890803,0.005150924094255781,-0.053373364648719196,0.0056157387856357035,0.04153850077411177,-0.017872442130272954,0.002145156346388202,0.020354603894766638,0.019943839693097678,0.0037807228399061523,0.011831795583930558,0.008606755069308013,0.004011778246744413,0.0270823556712018,0.010170339088515206,0.003358772787273591,0.0730896421268215,-0.0002000200026670447,-0.0002000200026670447,-0.00010000500033334732
2026-01-14,-0.0074978855132561695,-0.0234371479176739,-0.0014318552504740034,-0.01182969575357876,-0.0026721745525260785,-0.0011503131763231367,0.03094480384942149,-0.005186780816938466,0.009660850195827955,-0.021462127978036982,0.019135948908708754,0.011315340399164748,-0.004763431920137384,0.01975372873623243,-0.0061464745415705305,0.0065085691074693265,-0.01477272516921109,-0.00010000500033334732,-0.00030004500900199243,-0.00030004500900199243
2026-01-15,-0.03649295857592982,-0.011134422616665187,-0.014738548339157794,-0.014432147435346643,-0.005435742852180055,-0.02655893264797012,-0.017464642292728882,-0.0009127419399641793,0.021187691306536232,-0.0637945619366453,0.017009654257149464,0.0067834412535124145,0.005810591595465524,0.010942358420944227,-0.004830584089580318,-0.019475386865041914,-0.027992578618226696,0.0003999200213268913,0.0004998750416509929,0.0001999800026662447
2026-01-20,0.0009305322599799929,0.008362418069654813,0.02217687858911652,-0.008495246769079711,-0.0193680758379605,-0.006403003158300512,0.003517414811878383,-0.008712853761054068,0.0024571349363707124,0.09929455920591619,0.07465625324467522,-0.003316752625994038,-0.01665951389469552,0.009627029827164202,0.05160182282801333,-0.07368631356259739,0.03564445717788771,-0.00010000500033334732,0.0008995952428359939,0.0012991557316201288
2026-01-21,-0.008189700946530447,0.009026911570120293,0.0015707396924074823,-0.10579316305235141,0.015447188616373644,0.018520294996439996,0.025651319778778266,-0.002397861519668845,0.03470859539761331,0.04485251483163577,0.01561011182424882,0.011697649383570569,0.003528411134782931,-0.006178155913636305,0.018294214625264853,0.030017103099166248,0.03706076129076332,0.0,-0.00030004500900199243,-0.00040008002133969133
2026-01-22,-0.02616343331166002,0.005258717562632679,-0.012408506643829961,-0.0110170998146314,-0.014201171260126915,0.004460726437921219,-0.0249493190479485,-0.01123555159416125,-0.02030156654521495,0.006299150066752144,0.02317939425055496,-0.00865687302536928,-0.010240101661639214,0.027170970176117217,0.01365171401270812,0.012681497469349119,0.06423002641002575,0.0,0.0001999800026662447,0.0
2026-01-26,0.006642090839854975,0.021075262770346145,0.0005295608551339157,0.007881722845493646,-0.018927783272005047,-0.01219751459042063,0.045945688060955316,0.011973967725184503,0.08253143695951001,0.024343770363280146,-0.029901975721415612,-0.025438129171226537,-0.008569230295857069,-0.026310607049828624,0.03875873208628823,-0.028873642377396976,0.08931382245023255,-0.00010000500033334732,-0.00030004500900199243,-0.00040008002133969133
2026-01-27,-0.01541799128067324,-0.023769758954508783,-0.00508019441913021,-0.020717426312115393,-0.019662680598965254,0.007236212480035296,0.017934721832066652,0.004970097667590677,-0.011297354280883283,-0.0520579344339165,0.0028131642856691636,-0.01641369896946865,-0.012543610225638449,-0.06263687896666759,0.038040562183333106,-0.013440120780172883,0.03871326616870738,-0.0002000200026670447,-0.00010000500033334732,0.0001999800026662447
