,date,ticker,open,high,low,close,volume
0,2024-01-28,MMM,80.2676,81.0117,79.7993,80.5853,4544779.668
1,2024-01-29,MMM,80.4097,80.694,79.2475,80.0585,3827745.376
2,2024-01-30,MMM,80.2174,80.2174,78.7291,78.888,8260567.484
3,2024-01-31,MMM,78.9214,80.2843,78.5452,80.1923,3943628.208
4,2024-02-01,MMM,79.6656,79.7659,78.8378,79.3227,4440318.636
5,2024-02-04,MMM,78.8043,78.8043,77.408,77.5334,5354356.852
6,2024-02-05,MMM,77.5418,78.4699,77.2575,78.3946,4458290.928
7,2024-02-06,MMM,79.097,79.189,78.1773,78.4615,4521909.756
8,2024-02-07,MMM,78.7207,78.913,77.5167,77.9264,4741296.82
9,2024-02-08,MMM,77.9264,78.01,77.2492,77.6756,4388230.444
10,2024-02-11,MMM,77.8595,79.4816,77.801,79.1221,4893667.22
11,2024-02-12,MMM,78.01,78.587,76.413,77.4749,5496294.544
12,2024-02-13,MMM,77.7592,77.9599,77.0652,77.2742,6024090.54
13,2024-02-14,MMM,76.505,77.3913,76.1789,77.2408,4559399.572
14,2024-02-15,MMM,76.806,76.9649,76.2584,76.296,5345569.84
15,2024-02-19,MMM,76.1706,77.3328,75.6856,76.7726,5174615.992
16,2024-02-20,MMM,76.6137,76.898,76.0702,76.6806,4065616.62
17,2024-02-21,MMM,76.5552,77.2742,76.204,77.1154,5011814.08
18,2024-02-22,MMM,77.2492,77.709,76.8478,77.408,3774440.852
19,2024-02-25,MMM,77.0736,77.3411,76.4548,76.7726,3914387.204
20,2024-02-26,MMM,76.9231,77.2157,76.4883,77.1739,2737056.764
21,2024-02-27,MMM,76.9231,77.4498,76.4339,76.4716,3543042.36
22,2024-02-28,MMM,76.9231,77.1649,76.388,77.0234,6169428.46
23,2024-02-29,MMM,76.9565,76.9565,75.995,76.806,4064086.936
24,2024-03-03,MMM,76.1706,76.7977,75.6492,76.4548,6678755.824
25,2024-03-04,MMM,76.6472,78.0853,76.5635,77.5,5251624.04
26,2024-03-05,MMM,78.1689,78.3361,76.8645,77.3579,3591383.484
27,2024-03-06,MMM,77.801,78.01,77.0109,77.4415,3751608.016
28,2024-03-07,MMM,78.1689,79.214,77.9097,78.5117,4925867.128
29,2024-03-10,MMM,78.5786,78.9758,78.1407,78.6371,4206593.924
30,2024-03-11,MMM,83.7793,84.3227,81.2308,82.5418,16737321.536
31,2024-03-12,MMM,83.3779,87.0318,82.9431,87.0151,12935349.96
32,2024-03-13,MMM,86.4214,87.408,85.4849,86.2207,8282543.984
33,2024-03-14,MMM,86.1204,88.2441,85.9365,87.7926,32098977.56
34,2024-03-17,MMM,87.3997,88.8712,87.3077,87.6254,6622524.688
35,2024-03-18,MMM,88.4532,89.4649,87.4189,88.0602,6987877.572
36,2024-03-19,MMM,87.7843,91.2207,87.3244,90.393,8390243.784
37,2024-03-20,MMM,90.4682,91.296,90.1254,90.1923,7886627.32
38,2024-03-21,MMM,89.9666,90.4013,89.2559,89.2809,5321297.02
39,2024-03-24,MMM,88.5452,89.306,87.6087,87.6589,6679992.488
40,2024-03-25,MMM,87.0067,87.5167,85.6187,85.811,7279736.256
41,2024-03-26,MMM,86.1204,87.5959,86.112,87.4498,4641703.508
42,2024-03-27,MMM,87.4666,88.8462,87.4498,88.6873,5245777.992
43,2024-03-31,MMM,91.05,94.34,88.23,94.02,13004810.0
44,2024-04-01,MMM,93.1,94.42,91.9,92.84,8911976.0
45,2024-04-02,MMM,93.34,94.7,92.5,93.19,6060218.0
46,2024-04-03,MMM,94.49,95.6667,90.23,90.54,5864178.0
47,2024-04-04,MMM,90.43,91.42,89.54,91.03,3514007.0
48,2024-04-07,MMM,91.2,92.89,91.2,91.93,3706736.0
49,2024-04-08,MMM,92.1,93.2,92.0,92.61,4237654.0
50,2024-04-09,MMM,91.78,92.71,90.57,92.63,3494855.0
51,2024-04-10,MMM,92.84,93.56,92.48,93.18,2993671.0
52,2024-04-11,MMM,92.76,92.81,91.145,91.31,3590782.0
53,2024-04-14,MMM,91.98,92.775,90.7465,91.3,3675020.0
54,2024-04-15,MMM,90.94,91.33,90.17,91.05,3036971.0
55,2024-04-16,MMM,91.73,92.105,90.3302,90.96,3421571.0
56,2024-04-17,MMM,91.4,92.43,90.87,91.48,3069409.0
57,2024-04-18,MMM,91.24,92.4,91.1,92.27,3588522.0
58,2024-04-21,MMM,92.54,92.7078,91.7,92.62,2992931.0
59,2024-04-22,MMM,92.98,94.04,92.785,93.0,3729824.0
60,2024-04-23,MMM,92.59,93.23,91.4185,92.02,3813358.0
61,2024-04-24,MMM,91.59,92.0,90.65,91.41,2954822.0
62,2024-04-25,MMM,91.5,92.19,91.08,91.83,4520901.0
63,2024-04-28,MMM,91.56,92.62,91.56,92.16,4957288.0
64,2024-04-29,MMM,95.73,97.8399,93.78,96.51,16731854.0
65,2024-04-30,MMM,98.1,99.7,97.28,98.44,11064300.0
66,2024-05-01,MMM,97.96,98.4,96.65,96.81,6317061.0
67,2024-05-02,MMM,97.58,98.19,96.84,97.15,4818713.0
68,2024-05-05,MMM,97.09,97.75,96.54,96.59,4329454.0
69,2024-05-06,MMM,96.59,97.18,95.52,95.54,4408969.0
70,2024-05-07,MMM,95.39,96.44,95.01,96.35,3489861.0
71,2024-05-08,MMM,96.09,97.375,95.9,97.33,2584177.0
72,2024-05-09,MMM,98.55,99.66,98.1701,98.93,4157896.0
73,2024-05-12,MMM,99.0,101.74,99.0,99.63,5578802.0
74,2024-05-13,MMM,99.93,101.2,99.8,100.08,2973067.0
75,2024-05-14,MMM,100.19,101.67,100.15,101.24,4203343.0
76,2024-05-15,MMM,101.72,105.22,101.59,104.86,8384504.0
77,2024-05-16,MMM,105.21,105.72,104.68,105.26,5396497.0
78,2024-05-19,MMM,105.22,106.04,104.63,105.21,3962667.0
79,2024-05-20,MMM,104.89,105.04,102.65,103.14,4602985.0
80,2024-05-21,MMM,102.64,103.11,100.95,101.49,3807843.0
81,2024-05-22,MMM,100.42,100.52,98.91,99.51,3845510.0
82,2024-05-23,MMM,99.81,100.52,99.3388,99.67,2602227.0
83,2024-05-27,MMM,99.56,100.11,97.82,98.68,4361056.0
84,2024-05-28,MMM,97.8,97.9,96.76,97.56,4826562.0
85,2024-05-29,MMM,97.69,98.23,96.89,98.2,4520612.0
86,2024-05-30,MMM,98.06,100.25,97.42,100.14,21754438.0
87,2024-06-02,MMM,100.37,100.79,98.97,99.76,4508226.0
88,2024-06-03,MMM,99.0,99.402,97.68,98.61,4988057.0
89,2024-06-04,MMM,98.82,99.65,97.87,99.06,3115445.0
90,2024-06-05,MMM,98.8,99.55,98.16,98.22,2509997.0
91,2024-06-06,MMM,99.51,101.96,98.4,100.86,5636659.0
92,2024-06-09,MMM,100.43,101.84,100.28,100.66,3507587.0
93,2024-06-10,MMM,100.1,101.47,99.225,101.32,2831634.0
94,2024-06-11,MMM,102.62,103.68,100.76,101.21,3704729.0
95,2024-06-12,MMM,102.02,102.8,100.74,101.54,5034653.0
96,2024-06-13,MMM,100.5,101.42,99.305,100.9,2685142.0
97,2024-06-16,MMM,99.98,101.44,99.92,100.53,3490032.0
98,2024-06-17,MMM,100.07,101.465,100.06,100.77,3446167.0
99,2024-06-19,MMM,100.26,102.34,100.19,101.66,3476766.0
100,2024-06-20,MMM,101.93,102.44,100.945,102.39,7866227.0
101,2024-06-23,MMM,102.18,103.5,101.68,102.99,2947967.0
102,2024-06-24,MMM,102.88,103.18,101.29,102.05,5164160.0
103,2024-06-25,MMM,101.62,101.8,100.57,101.45,2356088.0
104,2024-06-26,MMM,101.96,104.04,101.64,103.17,4338345.0
105,2024-06-27,MMM,103.01,103.97,101.66,102.19,6196466.0
106,2024-06-30,MMM,102.86,103.4494,100.205,100.61,2705605.0
107,2024-07-01,MMM,100.56,101.93,100.46,101.62,2291274.0
108,2024-07-02,MMM,101.29,102.15,100.68,101.62,1230776.0
109,2024-07-04,MMM,101.4,101.66,100.64,101.32,3059577.0
110,2024-07-07,MMM,101.51,102.74,100.62,101.1,2338695.0
111,2024-07-08,MMM,100.85,101.46,99.472,99.69,2809735.0
112,2024-07-09,MMM,99.81,101.83,98.26,101.67,4519547.0
113,2024-07-10,MMM,102.38,104.27,101.8002,103.23,4581327.0
114,2024-07-11,MMM,103.79,105.3,103.69,104.04,3381190.0
115,2024-07-14,MMM,104.9,104.9975,102.57,102.72,3316717.0
116,2024-07-15,MMM,100.87,103.69,100.87,103.31,3609174.0
117,2024-07-16,MMM,102.86,104.8,102.69,104.64,3567941.0
118,2024-07-17,MMM,104.22,105.52,103.44,104.02,3023902.0
119,2024-07-18,MMM,104.75,104.75,103.13,103.92,2884897.0
120,2024-07-21,MMM,104.06,105.04,102.4,104.97,2686587.0
121,2024-07-22,MMM,105.0,105.27,104.17,104.73,2172621.0
122,2024-07-23,MMM,104.56,105.1,103.08,103.25,3252198.0
123,2024-07-24,MMM,102.72,104.79,101.77,103.39,4598084.0
124,2024-07-25,MMM,112.685,128.025,112.685,127.16,32748920.0
125,2024-07-28,MMM,128.0,128.65,124.13,125.16,10816738.0
126,2024-07-29,MMM,125.85,127.69,124.1074,126.75,6746475.0
127,2024-07-30,MMM,126.63,128.6,125.33,127.55,6889922.0
128,2024-07-31,MMM,127.5,127.94,124.43,126.47,5563739.0
129,2024-08-01,MMM,125.81,127.745,124.78,125.24,4021383.0
130,2024-08-04,MMM,119.57,125.3154,119.31,124.61,6669666.0
131,2024-08-05,MMM,123.36,126.13,122.72,124.89,4334268.0
132,2024-08-06,MMM,125.39,126.57,122.69,122.83,3410105.0
133,2024-08-07,MMM,122.45,125.74,122.18,125.13,2932882.0
134,2024-08-08,MMM,124.64,124.64,123.335,124.17,3247914.0
135,2024-08-11,MMM,124.0,124.0899,122.54,123.36,2585947.0
136,2024-08-12,MMM,123.43,125.4,122.74,125.35,3056591.0
137,2024-08-13,MMM,124.97,127.04,124.6298,126.17,3252959.0
138,2024-08-14,MMM,127.32,127.9368,126.17,127.16,3359903.0
139,2024-08-15,MMM,126.74,127.34,126.02,127.05,3812693.0
140,2024-08-18,MMM,127.08,127.85,126.53,127.08,2243571.0
141,2024-08-19,MMM,126.99,128.0653,126.88,127.7,2792905.0
142,2024-08-20,MMM,127.84,129.99,127.66,129.23,3664550.0
143,2024-08-21,MMM,129.1,129.75,128.3,128.6,2300641.0
144,2024-08-22,MMM,129.23,130.65,128.85,130.55,2618842.0
145,2024-08-25,MMM,129.6,131.92,129.6,131.85,3915794.0
146,2024-08-26,MMM,131.32,132.62,130.95,131.4,2878736.0
147,2024-08-27,MMM,131.4,132.62,131.15,131.61,3274045.0
148,2024-08-28,MMM,131.65,133.18,131.34,132.91,2992832.0
149,2024-08-29,MMM,133.07,134.99,132.61,134.69,6092831.0
150,2024-09-02,MMM,133.01,133.78,130.21,130.85,4024084.0
151,2024-09-03,MMM,131.19,132.86,130.85,132.15,3300751.0
152,2024-09-04,MMM,131.92,132.95,130.7,131.4,2725955.0
153,2024-09-05,MMM,130.5,132.1,128.02,128.6,3562233.0
154,2024-09-08,MMM,129.39,130.98,128.19,128.46,3616263.0
155,2024-09-09,MMM,128.85,130.16,128.46,130.09,2732510.0
156,2024-09-10,MMM,129.5,130.38,127.12,130.23,3283879.0
157,2024-09-11,MMM,130.3,132.72,130.1,132.03,3978880.0
158,2024-09-12,MMM,131.88,133.37,131.35,133.18,2670119.0
159,2024-09-15,MMM,133.98,135.28,133.83,134.61,3069311.0
160,2024-09-16,MMM,134.09,134.43,132.31,133.57,3969018.0
161,2024-09-17,MMM,133.26,134.28,131.755,133.36,2960934.0
162,2024-09-18,MMM,134.4,135.32,133.32,133.84,2691488.0
163,2024-09-19,MMM,133.01,134.95,132.771,134.77,11579638.0
164,2024-09-22,MMM,134.7,136.09,134.69,135.64,2638392.0
165,2024-09-23,MMM,136.47,137.94,136.35,137.22,3145327.0
166,2024-09-24,MMM,137.23,137.89,136.04,136.6,3580080.0
167,2024-09-25,MMM,137.56,140.72,137.55,139.44,4111107.0
168,2024-09-26,MMM,139.0,139.29,137.05,137.3,2956081.0
169,2024-09-29,MMM,137.83,137.95,135.23,136.7,3814148.0
170,2024-09-30,MMM,136.0,137.34,134.9,137.06,3050502.0
171,2024-10-01,MMM,137.22,137.22,135.37,135.43,2624867.0
172,2024-10-02,MMM,135.0,135.6,133.8401,134.78,2504927.0
173,2024-10-03,MMM,135.84,135.93,134.0451,135.27,2387396.0
174,2024-10-06,MMM,134.72,135.27,133.83,134.85,2254425.0
175,2024-10-07,MMM,134.48,135.0399,133.3022,134.69,2882081.0
176,2024-10-08,MMM,134.59,135.545,134.23,135.01,2671470.0
177,2024-10-09,MMM,134.43,134.49,132.93,133.46,3060118.0
178,2024-10-10,MMM,133.4,134.859,133.1,134.75,3103642.0
179,2024-10-13,MMM,134.4,135.9,134.025,135.76,2207917.0
180,2024-10-14,MMM,136.0,136.95,135.0,135.73,2465932.0
181,2024-10-15,MMM,135.6,137.05,135.33,136.35,2021056.0
182,2024-10-16,MMM,136.61,136.66,135.115,135.68,2328475.0
183,2024-10-17,MMM,135.69,136.12,134.29,135.14,2791646.0
184,2024-10-20,MMM,135.28,135.84,133.75,134.84,5940581.0
185,2024-10-21,MMM,140.19,141.34,130.82,131.73,13082258.0
186,2024-10-22,MMM,131.22,132.15,125.9128,127.91,8116248.0
187,2024-10-23,MMM,128.035,128.94,125.87,126.47,5085135.0
188,2024-10-24,MMM,126.6,127.04,124.5,124.75,3774883.0
189,2024-10-27,MMM,126.65,130.8,126.06,130.29,5239178.0
190,2024-10-28,MMM,129.01,130.21,127.77,129.27,2820351.0
191,2024-10-29,MMM,129.0,129.45,127.42,127.56,2737150.0
192,2024-10-30,MMM,127.0,129.15,126.97,128.47,3408943.0
193,2024-10-31,MMM,128.47,128.52,126.85,127.22,3068858.0
194,2024-11-03,MMM,127.24,128.81,125.48,125.85,3643186.0
195,2024-11-04,MMM,125.5,127.9,124.83,126.52,3943782.0
196,2024-11-05,MMM,130.7,134.4,129.6,133.92,4803188.0
197,2024-11-06,MMM,133.36,134.8,132.48,133.07,3906572.0
198,2024-11-07,MMM,133.45,135.02,133.2002,134.34,3466066.0
199,2024-11-10,MMM,134.85,135.34,132.78,133.0,3791282.0
200,2024-11-11,MMM,132.8,133.2,128.47,130.35,3144974.0
201,2024-11-12,MMM,132.01,133.07,130.82,131.45,2675526.0
202,2024-11-13,MMM,131.87,133.31,131.7701,132.32,2284136.0
203,2024-11-14,MMM,130.11,131.25,129.71,129.79,1929226.0
204,2024-11-17,MMM,129.78,130.3826,128.57,130.17,2433351.0
205,2024-11-18,MMM,129.01,129.265,128.0,128.19,2600637.0
206,2024-11-19,MMM,128.0,128.19,127.1,127.84,1700740.0
207,2024-11-20,MMM,127.73,128.58,126.32,127.32,2544777.0
208,2024-11-21,MMM,127.69,128.48,126.37,128.42,3052490.0
209,2024-11-24,MMM,129.21,130.6,127.55,130.32,5075140.0
210,2024-11-25,MMM,129.99,133.23,129.65,132.95,3080298.0
211,2024-11-26,MMM,133.91,135.55,132.36,132.48,2579605.0
212,2024-11-28,MMM,132.86,133.74,132.04,133.53,1618282.0
213,2024-12-01,MMM,133.53,133.77,132.38,132.89,3002022.0
214,2024-12-02,MMM,132.89,133.23,130.74,131.15,2378362.0
215,2024-12-03,MMM,130.93,131.39,128.97,130.45,2503466.0
216,2024-12-04,MMM,130.82,135.58,130.45,133.33,4171989.0
217,2024-12-05,MMM,133.25,134.22,132.2,133.11,1912419.0
218,2024-12-08,MMM,133.1,133.85,131.27,131.49,3442505.0
219,2024-12-09,MMM,130.12,130.595,127.6,129.77,3225759.0
220,2024-12-10,MMM,130.27,130.67,129.26,129.77,4089900.0
221,2024-12-11,MMM,129.65,130.6699,128.77,129.75,2915471.0
222,2024-12-12,MMM,129.7,130.1625,128.9101,129.92,2382080.0
223,2024-12-15,MMM,129.9,130.2,128.86,129.47,3097874.0
224,2024-12-16,MMM,128.41,129.36,127.6502,128.05,2693196.0
225,2024-12-17,MMM,128.21,129.37,125.37,125.53,3748871.0
226,2024-12-18,MMM,126.65,127.738,125.71,127.13,3040663.0
227,2024-12-19,MMM,126.37,130.35,125.75,129.28,8351297.0
228,2024-12-22,MMM,128.5,129.19,127.75,128.98,2067478.0
229,2024-12-23,MMM,128.74,130.36,128.09,130.36,803216.0
230,2024-12-25,MMM,130.33,131.4,129.23,131.18,1485103.0
231,2024-12-26,MMM,129.91,131.18,129.21,130.18,1842823.0
232,2024-12-29,MMM,129.12,129.92,127.9234,129.13,2153994.0
233,2024-12-30,MMM,129.2,130.05,128.66,129.09,2220414.0
234,2025-01-01,MMM,130.29,131.62,128.98,129.7,3249067.0
235,2025-01-02,MMM,129.7,130.86,129.2974,129.87,2273763.0
236,2025-01-05,MMM,130.82,131.409,129.88,130.29,3067149.0
237,2025-01-06,MMM,130.09,132.8,130.01,132.77,3414840.0
238,2025-01-07,MMM,132.03,134.68,131.66,134.53,4675990.0
239,2025-01-09,MMM,133.83,133.9,130.63,131.21,4661931.0
240,2025-01-12,MMM,130.73,134.73,129.54,134.6,4207293.0
241,2025-01-13,MMM,134.62,137.7,134.47,137.21,4629047.0
242,2025-01-14,MMM,138.21,138.85,137.12,137.78,4114327.0
243,2025-01-15,MMM,138.025,139.5,136.44,139.18,4122742.0
244,2025-01-16,MMM,139.65,141.66,139.5,141.03,5724458.0
245,2025-01-20,MMM,145.5,150.0,145.0,146.89,11368492.0
246,2025-01-21,MMM,147.88,152.08,147.41,149.12,7077793.0
247,2025-01-22,MMM,149.45,150.46,148.4103,149.63,4439380.0
248,2025-01-23,MMM,148.9,150.1,148.4012,149.43,4858639.0
249,2025-01-26,MMM,149.0,152.0,148.91,151.52,4929615.0
250,2025-01-27,MMM,151.32,152.96,149.7901,151.4,4286762.0
251,2025-01-28,MMM,151.5,152.78,150.64,151.54,3996082.0
252,2025-01-29,MMM,152.0,154.65,151.83,154.4,3962501.0
253,2025-01-30,MMM,154.99,155.0,152.13,152.2,4164492.0
254,2025-02-02,MMM,149.18,151.63,148.15,150.04,3556258.0
255,2025-02-03,MMM,149.46,152.76,149.32,151.68,3110352.0
256,2025-02-04,MMM,152.46,153.62,150.74,152.45,2841574.0
257,2025-02-05,MMM,152.7,153.47,151.57,152.32,2760375.0
258,2025-02-06,MMM,152.5,152.9,149.54,149.87,3356757.0
259,2025-02-09,MMM,150.16,150.6,148.13,149.69,3531493.0
260,2025-02-10,MMM,149.31,150.38,148.5671,150.07,2187764.0
261,2025-02-11,MMM,148.7,150.07,148.16,148.87,2103079.0
262,2025-02-12,MMM,149.11,149.72,147.53,148.72,2047063.0
263,2025-02-13,MMM,147.89,149.55,147.74,148.62,2388382.0
264,2025-02-17,MMM,148.175,149.485,147.995,148.99,2601531.0
265,2025-02-18,MMM,148.07,150.36,148.07,150.2,3216915.0
266,2025-02-19,MMM,149.99,150.09,148.04,149.08,2231527.0
267,2025-02-20,MMM,149.08,149.535,144.56,144.98,4278667.0
268,2025-02-23,MMM,144.98,146.4,143.87,145.48,3447463.0
269,2025-02-24,MMM,145.425,147.56,145.34,146.54,4358789.0
270,2025-02-25,MMM,144.385,149.26,141.76,147.43,5783358.0
271,2025-02-26,MMM,148.77,152.56,148.21,150.52,6576004.0
272,2025-02-27,MMM,151.5,155.5,151.0,155.12,8323108.0
273,2025-03-02,MMM,155.5,156.35,151.9,153.42,5672857.0
274,2025-03-03,MMM,150.5,151.0399,145.62,145.86,6787379.0
275,2025-03-04,MMM,146.76,149.04,145.9991,147.61,3909783.0
276,2025-03-05,MMM,146.39,148.13,145.7487,146.94,4492429.0
277,2025-03-06,MMM,144.69,147.215,140.78,146.3,5891090.0
278,2025-03-09,MMM,143.47,149.18,143.12,147.62,4966456.0
279,2025-03-10,MMM,145.73,149.49,145.63,147.54,5818437.0
280,2025-03-11,MMM,148.31,151.24,147.2,150.24,4196724.0
281,2025-03-12,MMM,150.275,151.24,145.91,146.1,3295006.0
282,2025-03-13,MMM,147.92,150.79,147.0557,150.41,4094429.0
283,2025-03-16,MMM,150.37,153.98,150.0,153.21,4562191.0
284,2025-03-17,MMM,152.57,153.21,150.5,150.92,3038475.0
285,2025-03-18,MMM,151.19,153.97,150.92,153.21,2344346.0
286,2025-03-19,MMM,151.65,153.65,151.09,151.27,2579066.0
287,2025-03-20,MMM,149.9,150.76,148.0701,150.36,5538606.0
288,2025-03-23,MMM,151.7,154.025,150.7,153.15,3207912.0
289,2025-03-24,MMM,153.13,155.0,152.68,153.5,4118863.0
290,2025-03-25,MMM,153.45,154.43,152.055,152.68,3836902.0
291,2025-03-26,MMM,152.67,152.67,148.12,148.44,2825553.0
292,2025-03-27,MMM,147.86,148.85,144.33,144.84,2581677.0
293,2025-03-30,MMM,143.99,147.735,142.18,146.86,4508634.0
294,2025-03-31,MMM,145.7,148.6899,144.18,147.67,3641401.0
295,2025-04-01,MMM,145.71,148.17,145.59,147.76,4411125.0
296,2025-04-02,MMM,142.84,144.49,138.855,139.74,6712325.0
297,2025-04-03,MMM,134.19,135.3122,126.43,126.91,9609106.0
298,2025-04-06,MMM,124.73,134.37,121.9771,128.55,7174970.0
299,2025-04-07,MMM,132.24,133.87,124.82,127.16,5497234.0
300,2025-04-08,MMM,125.0,139.23,123.4443,138.32,6428141.0
301,2025-04-09,MMM,135.75,135.785,128.68,132.97,4757145.0
302,2025-04-10,MMM,133.13,136.485,131.6608,135.95,3337840.0
303,2025-04-13,MMM,138.11,138.29,134.43,136.01,3815806.0
304,2025-04-14,MMM,136.01,137.4708,135.14,135.26,2541840.0
305,2025-04-15,MMM,133.51,134.4799,129.8675,130.46,5635829.0
306,2025-04-16,MMM,130.34,132.95,130.08,130.21,4952015.0
307,2025-04-20,MMM,129.0,129.84,124.65,126.09,5971823.0
308,2025-04-21,MMM,133.285,137.272,130.36,136.33,7943810.0
309,2025-04-22,MMM,139.38,142.15,135.2031,136.06,4655834.0
310,2025-04-23,MMM,135.64,139.765,135.1176,138.88,2921145.0
311,2025-04-24,MMM,139.0,139.0,137.105,137.32,2141381.0
312,2025-04-27,MMM,137.32,138.41,136.04,137.93,2500025.0
313,2025-04-28,MMM,137.5,139.22,136.84,138.38,1917297.0
314,2025-04-29,MMM,137.63,139.31,134.85,138.91,3062996.0
315,2025-04-30,MMM,138.28,140.25,137.6661,137.9,2236251.0
316,2025-05-01,MMM,140.0,143.04,139.2942,142.08,2734157.0
317,2025-05-04,MMM,140.62,141.87,139.8701,140.8,2623610.0
318,2025-05-05,MMM,139.13,139.71,137.6304,138.02,2850177.0
319,2025-05-06,MMM,138.27,139.79,137.7,138.64,2555638.0
320,2025-05-07,MMM,140.0,142.36,139.205,141.12,2899639.0
321,2025-05-08,MMM,141.265,142.62,140.955,142.6,2634204.0
322,2025-05-11,MMM,146.09,150.82,145.27,150.33,4974974.0
323,2025-05-12,MMM,150.81,151.75,150.17,150.74,3455821.0
324,2025-05-13,MMM,150.75,150.77,146.96,147.88,3778749.0
325,2025-05-14,MMM,146.33,149.175,145.3644,148.74,4472277.0
326,2025-05-15,MMM,149.43,153.28,148.95,153.11,4204464.0
327,2025-05-18,MMM,151.95,154.26,151.1127,154.14,2613827.0
328,2025-05-19,MMM,153.255,154.73,153.25,154.15,2529654.0
329,2025-05-20,MMM,152.32,153.1663,149.33,149.4,2661991.0
330,2025-05-21,MMM,149.72,150.57,147.675,149.78,2862958.0
331,2025-05-22,MMM,147.45,148.69,147.01,147.62,2369839.0
332,2025-05-26,MMM,150.0,150.0,146.66,149.49,3155330.0
333,2025-05-27,MMM,149.65,150.0,148.19,148.66,2297543.0
334,2025-05-28,MMM,149.87,150.36,148.18,149.63,2621435.0
335,2025-05-29,MMM,148.73,149.45,147.6,148.35,5339916.0
336,2025-06-01,MMM,147.87,148.3,143.91,146.4,2825788.0
337,2025-06-02,MMM,146.31,148.36,145.21,148.13,2343553.0
338,2025-06-03,MMM,148.91,148.95,146.71,146.81,2347013.0
339,2025-06-04,MMM,147.04,147.265,144.89,146.26,3568399.0
340,2025-06-05,MMM,148.0,148.46,145.44,145.5,2297132.0
341,2025-06-08,MMM,145.55,146.03,142.67,144.23,3402198.0
342,2025-06-09,MMM,144.24,145.31,143.15,145.06,3129377.0
343,2025-06-10,MMM,145.045,148.05,144.42,147.18,2904370.0
344,2025-06-11,MMM,146.42,147.27,144.49,144.77,2069727.0
345,2025-06-12,MMM,143.13,144.45,141.73,142.32,2450815.0
346,2025-06-15,MMM,143.68,145.39,143.505,145.07,1681261.0
347,2025-06-16,MMM,144.06,144.88,141.97,142.21,1740276.0
348,2025-06-17,MMM,142.13,143.67,141.57,142.51,2629280.0
349,2025-06-19,MMM,143.305,144.05,141.8227,144.03,5566663.0
350,2025-06-22,MMM,144.39,147.72,143.35,147.6,2904945.0
351,2025-06-23,MMM,148.64,150.29,148.01,149.87,2700714.0
352,2025-06-24,MMM,149.7,149.86,147.12,147.75,2378028.0
353,2025-06-25,MMM,147.69,151.11,147.31,150.76,2740127.0
354,2025-06-26,MMM,151.14,152.87,150.56,152.02,3938243.0
355,2025-06-29,MMM,152.28,152.46,151.0,152.24,2302814.0
356,2025-06-30,MMM,152.0,156.09,151.42,153.81,3781853.0
357,2025-07-01,MMM,154.21,155.45,153.205,153.97,2864794.0
358,2025-07-02,MMM,154.25,155.0,149.5,152.94,3182854.0
359,2025-07-06,MMM,152.8,154.47,150.95,151.84,3877072.0
360,2025-07-07,MMM,151.73,154.615,151.53,153.74,3252326.0
361,2025-07-08,MMM,154.38,156.65,153.84,155.98,2855896.0
362,2025-07-09,MMM,156.11,159.47,155.96,157.32,4043673.0
363,2025-07-10,MMM,156.05,156.55,154.82,155.84,2401730.0
364,2025-07-13,MMM,155.59,158.11,154.92,157.91,2961358.0
365,2025-07-14,MMM,157.91,158.28,156.03,156.59,3059003.0
366,2025-07-15,MMM,157.62,157.68,154.85,157.56,3194822.0
367,2025-07-16,MMM,157.26,159.47,156.788,159.04,5024180.0
368,2025-07-17,MMM,162.54,164.15,150.25,153.23,11701861.0
369,2025-07-20,MMM,152.25,153.65,149.34,152.82,5194358.0
370,2025-07-21,MMM,152.98,154.0614,150.315,151.2,4927882.0
371,2025-07-22,MMM,151.92,152.65,149.8001,150.82,4976704.0
372,2025-07-23,MMM,150.0,151.295,147.81,149.3,4860918.0
373,2025-07-24,MMM,150.0,151.4,149.2,151.27,2818226.0
374,2025-07-27,MMM,150.605,153.88,150.1492,152.05,3970272.0
375,2025-07-28,MMM,152.4,153.1,151.1501,151.79,3918461.0
376,2025-07-29,MMM,152.48,152.5,146.5,146.62,3529547.0
377,2025-07-30,MMM,146.19,149.555,145.56,149.22,4390365.0
378,2025-07-31,MMM,146.5,146.715,144.25,144.41,4074812.0
379,2025-08-03,MMM,145.39,148.18,145.0,147.87,3641307.0
380,2025-08-04,MMM,148.46,151.22,148.0,150.09,3743918.0
381,2025-08-05,MMM,150.27,151.385,148.64,150.82,2636959.0
382,2025-08-06,MMM,151.98,152.48,149.975,151.74,2293938.0
383,2025-08-07,MMM,152.4,153.685,151.42,153.3,2376382.0
384,2025-08-10,MMM,153.75,155.61,153.1601,155.31,3354606.0
385,2025-08-11,MMM,155.79,158.46,155.61,157.85,2748432.0
386,2025-08-12,MMM,158.39,160.47,156.62,160.2,3132091.0
387,2025-08-13,MMM,159.6,160.07,156.63,156.65,6344865.0
388,2025-08-14,MMM,157.37,157.37,151.6101,152.39,3921288.0
389,2025-08-17,MMM,152.36,155.43,152.19,152.86,2585596.0
390,2025-08-18,MMM,152.84,155.72,152.05,154.34,2146354.0
391,2025-08-19,MMM,154.12,155.34,153.172,154.75,3258357.0
392,2025-08-20,MMM,154.37,155.21,153.15,154.38,2237024.0
393,2025-08-21,MMM,155.75,159.11,155.0,158.72,1958280.0
394,2025-08-24,MMM,157.59,157.92,155.8,155.85,1606448.0
395,2025-08-25,MMM,155.76,156.72,154.58,156.57,2960618.0
396,2025-08-26,MMM,156.04,157.22,155.75,156.53,2155078.0
397,2025-08-27,MMM,157.76,158.47,156.58,157.56,2982306.0
398,2025-08-28,MMM,157.6,158.24,155.315,155.53,3279345.0
399,2025-09-01,MMM,153.95,154.49,151.7,154.27,2745252.0
400,2025-09-02,MMM,153.5,154.085,150.43,152.0,3964392.0
401,2025-09-03,MMM,152.2,155.6,152.02,155.52,2741207.0
402,2025-09-04,MMM,155.8,157.56,154.28,155.3,2053261.0
403,2025-09-07,MMM,154.61,154.98,152.0,154.0,2715877.0
404,2025-09-08,MMM,154.15,154.15,151.55,153.08,1669316.0
405,2025-09-09,MMM,153.16,155.21,152.4601,153.57,2811664.0
406,2025-09-10,MMM,153.79,159.5,153.4,159.47,3663942.0
407,2025-09-11,MMM,159.11,162.1,157.81,157.87,2865130.0
408,2025-09-14,MMM,158.0,158.38,155.25,156.66,3219697.0
409,2025-09-15,MMM,156.895,157.48,153.63,156.5,2208605.0
410,2025-09-16,MMM,156.495,158.54,153.54,155.16,2757388.0
411,2025-09-17,MMM,155.15,156.92,154.31,155.4,1795288.0
412,2025-09-18,MMM,155.91,157.41,154.69,156.6,6507181.0
413,2025-09-21,MMM,155.6,155.71,153.64,153.86,2484860.0
414,2025-09-22,MMM,153.84,158.14,153.84,156.29,2254053.0
415,2025-09-23,MMM,156.0,156.5,154.46,154.6,1739323.0
416,2025-09-24,MMM,154.0,154.0,151.821,153.03,2949463.0
417,2025-09-25,MMM,154.02,154.5,152.37,152.81,2103977.0
418,2025-09-28,MMM,153.5,154.4,152.54,154.08,2043475.0
419,2025-09-29,MMM,153.85,155.22,152.43,155.18,2177105.0
420,2025-09-30,MMM,154.45,156.54,154.2595,156.0,2298007.0
421,2025-10-01,MMM,157.26,159.5799,156.535,158.8,2167531.0
422,2025-10-02,MMM,158.92,160.3899,157.71,158.66,3411657.0
423,2025-10-05,MMM,158.7,159.21,154.63,155.93,2421544.0
424,2025-10-06,MMM,156.83,157.9356,155.18,155.33,1696736.0
425,2025-10-07,MMM,155.71,156.09,152.78,156.0,2084240.0
426,2025-10-08,MMM,156.1,156.6,151.37,152.88,2512543.0
427,2025-10-09,MMM,153.24,154.25,148.455,148.75,3504585.0
428,2025-10-12,MMM,150.57,152.43,150.415,151.1,2724952.0
429,2025-10-13,MMM,149.27,153.71,149.27,152.53,2604831.0
430,2025-10-14,MMM,153.69,155.66,152.71,153.47,2381669.0
431,2025-10-15,MMM,154.47,154.47,150.61,151.41,4279373.0
432,2025-10-16,MMM,151.45,153.07,151.27,152.64,4493997.0
433,2025-10-19,MMM,153.23,156.07,153.03,154.78,4230387.0
434,2025-10-20,MMM,158.0,166.82,152.8,166.64,7302219.0
435,2025-10-21,MMM,167.16,169.18,165.53,167.23,5276083.0
436,2025-10-22,MMM,167.22,171.63,166.71,171.6,4779102.0
437,2025-10-23,MMM,172.0,172.85,167.75,168.5,3612557.0
438,2025-10-26,MMM,169.98,170.63,167.4,168.4,2922636.0
439,2025-10-27,MMM,168.32,168.5,166.35,166.83,2448274.0
440,2025-10-28,MMM,167.15,168.0,163.61,164.63,3163430.0
441,2025-10-29,MMM,165.01,169.255,164.6,166.45,2143743.0
442,2025-10-30,MMM,165.49,167.34,165.21,166.5,2096607.0
443,2025-11-02,MMM,166.01,166.275,161.485,162.19,3141267.0
444,2025-11-03,MMM,161.82,162.225,159.35,160.59,3520969.0
445,2025-11-04,MMM,160.69,164.825,160.14,164.32,2656328.0
446,2025-11-05,MMM,164.2,165.49,159.57,163.85,5193127.0
447,2025-11-06,MMM,163.91,165.28,162.66,164.84,2506370.0
448,2025-11-09,MMM,165.0,169.17,163.97,167.67,2755069.0
449,2025-11-10,MMM,167.67,170.18,166.0,168.67,2365839.0
450,2025-11-11,MMM,168.66,171.78,168.66,171.08,2694423.0
451,2025-11-12,MMM,170.42,172.56,169.25,170.62,3879287.0
452,2025-11-13,MMM,168.91,169.34,166.99,167.58,2748828.0
453,2025-11-16,MMM,166.91,167.8195,164.9704,165.39,2908373.0
454,2025-11-17,MMM,163.99,166.59,163.31,165.79,2325703.0
455,2025-11-18,MMM,165.59,167.31,164.555,166.58,2219374.0
456,2025-11-19,MMM,168.73,169.75,163.955,164.61,3303613.0
457,2025-11-20,MMM,165.36,169.3799,165.17,168.09,3183547.0
458,2025-11-23,MMM,168.24,170.76,166.64,169.56,7138057.0
459,2025-11-24,MMM,170.29,172.16,170.22,171.54,2605826.0
460,2025-11-25,MMM,171.11,172.365,170.675,170.8,2032000.0
461,2025-11-27,MMM,170.655,172.24,170.01,172.05,1596274.0
462,2025-11-30,MMM,170.68,171.98,169.6101,170.48,2244666.0
463,2025-12-01,MMM,170.88,171.925,169.65,171.56,1928773.0
464,2025-12-02,MMM,172.05,174.69,171.16,173.09,2883544.0
465,2025-12-03,MMM,171.9,172.01,168.7403,169.27,2860792.0
466,2025-12-04,MMM,169.2,169.34,165.655,167.48,3021437.0
467,2025-12-07,MMM,165.77,165.82,162.29,163.96,3254025.0
468,2025-12-08,MMM,163.4,165.74,163.4,165.09,2335040.0
469,2025-12-09,MMM,164.58,166.7263,163.41,165.66,3382148.0
470,2025-12-10,MMM,166.56,170.0,166.22,168.6,2525384.0
471,2025-12-11,MMM,168.47,169.84,167.8,168.9,2423570.0
472,2025-12-14,MMM,169.56,170.36,165.19,165.7,2576436.0
473,2025-12-15,MMM,166.0,167.0,162.84,163.2,2786531.0
474,2025-12-16,MMM,162.19,164.23,161.0114,162.17,2638563.0
475,2025-12-17,MMM,163.37,164.23,161.43,161.76,2605982.0
476,2025-12-18,MMM,161.68,163.935,161.68,161.96,3716111.0
477,2025-12-21,MMM,162.18,162.6399,159.07,160.0,2334602.0
478,2025-12-22,MMM,159.98,160.49,158.45,160.15,1828970.0
479,2025-12-23,MMM,160.11,160.68,159.07,160.34,854422.0
480,2025-12-25,MMM,160.32,162.175,160.0,162.08,1245725.0
481,2025-12-28,MMM,161.87,162.7,160.82,161.72,2185159.0
482,2025-12-29,MMM,161.48,161.68,160.64,161.17,1293576.0
483,2025-12-30,MMM,161.17,161.3399,160.04,160.1,1201817.0
484,2026-01-01,MMM,160.1,161.89,159.06,161.82,1961223.0
485,2026-01-04,MMM,160.98,164.3999,160.8,163.55,2894564.0
486,2026-01-05,MMM,162.88,166.53,161.8224,166.21,2854814.0
487,2026-01-06,MMM,165.85,165.865,161.77,162.91,2734582.0
488,2026-01-07,MMM,161.77,165.79,161.05,165.24,2526909.0
489,2026-01-08,MMM,165.49,166.25,163.95,165.24,2306849.0
490,2026-01-11,MMM,164.3,168.27,163.11,167.94,3247797.0
491,2026-01-12,MMM,168.0,170.4,167.79,169.42,2828238.0
492,2026-01-13,MMM,169.4,170.85,168.13,169.99,3121984.0
493,2026-01-14,MMM,170.5,173.06,169.928,171.1,2909304.0
494,2026-01-15,MMM,168.81,171.4325,167.0,167.8,7328123.0
495,2026-01-19,MMM,159.45,163.73,153.07,156.12,11902051.0
496,2026-01-20,MMM,157.12,158.64,154.34,155.88,6969518.0
497,2026-01-21,MMM,156.56,162.5,156.2,160.63,5559599.0
498,2026-01-22,MMM,159.88,164.27,159.88,162.68,4461495.0
499,2024-01-28,AOS,80.95,81.8,80.6054,81.65,962730.0
500,2024-01-29,AOS,78.76,80.35,76.93,79.72,2496515.0
501,2024-01-30,AOS,79.86,79.86,77.09,77.61,2569372.0
502,2024-01-31,AOS,78.3,79.7,77.9501,79.57,1199969.0
503,2024-02-01,AOS,79.01,79.095,77.25,78.33,1058092.0
504,2024-02-04,AOS,78.04,78.04,76.89,77.09,999950.0
505,2024-02-05,AOS,77.17,78.4591,77.095,78.22,974224.0
506,2024-02-06,AOS,79.02,80.41,78.92,79.84,878175.0
507,2024-02-07,AOS,80.22,80.82,79.73,80.25,835457.0
508,2024-02-08,AOS,80.29,80.8,79.98,80.54,707610.0
509,2024-02-11,AOS,80.76,81.6133,80.43,81.28,654047.0
510,2024-02-12,AOS,79.63,80.3,78.76,79.25,1136023.0
511,2024-02-13,AOS,80.0,81.47,79.73,81.17,1050615.0
512,2024-02-14,AOS,81.8,82.16,80.05,81.0,906736.0
513,2024-02-15,AOS,80.74,81.36,80.0,80.09,752019.0
514,2024-02-19,AOS,79.55,80.37,79.055,79.64,1040523.0
515,2024-02-20,AOS,79.91,80.48,79.6,80.23,781395.0
516,2024-02-21,AOS,80.82,80.95,79.91,80.61,843011.0
517,2024-02-22,AOS,80.96,81.51,80.61,81.4,788480.0
518,2024-02-25,AOS,81.4,81.9,81.1,81.59,681303.0
519,2024-02-26,AOS,81.92,82.4,81.45,82.3,751252.0
520,2024-02-27,AOS,82.34,83.425,82.03,82.89,870782.0
521,2024-02-28,AOS,83.47,83.48,82.51,82.9,1464836.0
522,2024-02-29,AOS,82.54,84.0825,82.51,83.94,1221833.0
523,2024-03-03,AOS,84.0,85.64,83.97,85.1,1016477.0
524,2024-03-04,AOS,84.86,84.98,83.15,83.69,989970.0
525,2024-03-05,AOS,84.15,85.18,84.1,84.5,674659.0
526,2024-03-06,AOS,85.15,86.81,84.88,86.65,914317.0
527,2024-03-07,AOS,87.04,87.6,85.66,85.82,627436.0
528,2024-03-10,AOS,85.64,85.83,84.622,85.31,699401.0
529,2024-03-11,AOS,85.4,86.07,85.02,85.93,658704.0
530,2024-03-12,AOS,85.97,86.55,85.54,86.16,810347.0
531,2024-03-13,AOS,86.26,86.89,85.985,86.62,941323.0
532,2024-03-14,AOS,86.04,87.905,86.04,87.09,2636374.0
533,2024-03-17,AOS,87.11,87.4785,85.675,85.86,1064332.0
534,2024-03-18,AOS,85.97,86.82,85.7001,86.78,773189.0
535,2024-03-19,AOS,86.93,87.72,86.4201,87.64,563958.0
536,2024-03-20,AOS,87.83,89.96,87.83,89.88,758264.0
537,2024-03-21,AOS,89.54,89.82,88.94,89.28,1008449.0
538,2024-03-24,AOS,89.38,89.86,88.01,88.04,747935.0
539,2024-03-25,AOS,88.02,88.7,87.61,87.88,892414.0
540,2024-03-26,AOS,88.42,88.87,88.0,88.85,776326.0
541,2024-03-27,AOS,89.07,89.62,88.725,89.46,1003654.0
542,2024-03-31,AOS,89.33,89.77,88.68,89.08,676209.0
543,2024-04-01,AOS,88.71,88.8999,87.89,88.55,921105.0
544,2024-04-02,AOS,88.55,89.415,88.29,88.65,899036.0
545,2024-04-03,AOS,89.39,89.69,86.96,87.14,1036566.0
546,2024-04-04,AOS,87.39,88.025,86.79,87.54,921497.0
547,2024-04-07,AOS,88.05,88.05,86.95,86.97,902744.0
548,2024-04-08,AOS,87.1,87.1,85.18,86.47,1251576.0
549,2024-04-09,AOS,84.8,86.07,83.87,85.53,1002803.0
550,2024-04-10,AOS,85.96,86.38,85.09,86.15,901751.0
551,2024-04-11,AOS,85.33,86.58,85.33,86.5,1178432.0
552,2024-04-14,AOS,87.94,87.9905,84.99,85.15,770873.0
553,2024-04-15,AOS,84.98,85.75,84.61,85.4,886859.0
554,2024-04-16,AOS,85.83,86.8,85.21,86.46,1686718.0
555,2024-04-17,AOS,87.0,87.93,86.505,86.69,1199520.0
556,2024-04-18,AOS,86.81,87.44,85.851,86.07,1134607.0
557,2024-04-21,AOS,86.25,87.9,85.7801,86.9,1268037.0
558,2024-04-22,AOS,87.24,88.23,86.92,87.92,695190.0
559,2024-04-23,AOS,87.77,88.77,86.3,87.0,1267335.0
560,2024-04-24,AOS,83.9,83.91,80.64,82.82,2381007.0
561,2024-04-25,AOS,82.33,84.11,82.33,83.21,1316242.0
562,2024-04-28,AOS,82.9,84.34,82.9,84.31,1479331.0
563,2024-04-29,AOS,84.01,84.94,82.67,82.84,1545546.0
564,2024-04-30,AOS,82.83,83.98,82.56,82.79,973934.0
565,2024-05-01,AOS,83.09,83.925,82.82,83.55,734365.0
566,2024-05-02,AOS,84.48,84.88,84.03,84.31,558240.0
567,2024-05-05,AOS,84.98,85.465,84.78,85.15,567937.0
568,2024-05-06,AOS,85.44,85.83,84.9,85.22,559291.0
569,2024-05-07,AOS,85.23,85.71,85.027,85.58,500169.0
570,2024-05-08,AOS,85.69,86.52,85.5,86.39,674080.0
571,2024-05-09,AOS,86.65,87.36,86.28,86.38,459833.0
572,2024-05-12,AOS,86.7,86.92,85.99,86.06,514633.0
573,2024-05-13,AOS,86.54,86.78,86.13,86.4,508846.0
574,2024-05-14,AOS,87.09,87.83,86.42,86.77,691284.0
575,2024-05-15,AOS,86.5,87.21,85.36,85.36,770783.0
576,2024-05-16,AOS,85.49,85.72,84.84,85.68,634854.0
577,2024-05-19,AOS,85.83,86.44,85.62,85.81,664667.0
578,2024-05-20,AOS,85.43,85.9,85.04,85.74,717077.0
579,2024-05-21,AOS,85.57,86.76,84.85,85.07,791008.0
580,2024-05-22,AOS,85.27,85.375,83.88,84.07,635018.0
581,2024-05-23,AOS,84.35,85.0,84.19,84.78,590060.0
582,2024-05-27,AOS,84.69,84.815,82.44,82.54,872522.0
583,2024-05-28,AOS,81.76,82.33,80.93,81.11,1391147.0
584,2024-05-29,AOS,81.26,82.44,81.17,82.06,864603.0
585,2024-05-30,AOS,82.21,83.77,82.075,83.64,2391474.0
586,2024-06-02,AOS,83.52,83.745,81.23,82.2,755387.0
587,2024-06-03,AOS,81.94,82.18,81.07,81.25,814169.0
588,2024-06-04,AOS,81.37,82.35,80.66,82.08,520336.0
589,2024-06-05,AOS,81.92,82.41,80.38,80.88,568192.0
590,2024-06-06,AOS,80.51,81.37,80.23,81.08,526251.0
591,2024-06-09,AOS,80.71,81.53,80.59,81.48,450330.0
592,2024-06-10,AOS,81.2,81.635,80.37,81.59,466619.0
593,2024-06-11,AOS,83.63,84.3,83.11,83.59,712021.0
594,2024-06-12,AOS,83.34,83.83,82.32,83.67,688047.0
595,2024-06-13,AOS,82.6,82.885,80.99,82.46,699616.0
596,2024-06-16,AOS,82.16,83.7,82.16,83.68,714824.0
597,2024-06-17,AOS,83.54,84.65,83.2005,84.22,782078.0
598,2024-06-19,AOS,83.89,84.54,83.49,83.92,643949.0
599,2024-06-20,AOS,83.96,84.26,82.75,84.14,1486354.0
600,2024-06-23,AOS,84.33,85.59,83.92,84.43,928639.0
601,2024-06-24,AOS,83.93,84.22,82.02,82.93,922525.0
602,2024-06-25,AOS,82.5,82.56,81.77,82.38,876947.0
603,2024-06-26,AOS,81.69,82.67,81.67,82.02,868469.0
604,2024-06-27,AOS,82.14,83.37,81.2625,81.78,1378405.0
605,2024-06-30,AOS,82.19,82.24,80.17,80.18,623231.0
606,2024-07-01,AOS,80.0,81.1,79.68,80.89,1028846.0
607,2024-07-02,AOS,80.77,81.675,80.53,81.04,539803.0
608,2024-07-04,AOS,80.37,80.6599,79.17,80.48,1190093.0
609,2024-07-07,AOS,80.72,81.35,80.43,81.06,726781.0
610,2024-07-08,AOS,80.84,81.32,80.2,80.73,969114.0
611,2024-07-09,AOS,81.18,83.13,81.08,82.99,1014075.0
612,2024-07-10,AOS,84.19,86.38,83.77,86.08,1004786.0
613,2024-07-11,AOS,86.94,88.64,86.65,87.83,999053.0
614,2024-07-14,AOS,88.22,89.19,87.695,87.8,1154657.0
615,2024-07-15,AOS,88.77,92.135,88.495,91.98,1338297.0
616,2024-07-16,AOS,91.47,92.13,90.14,90.14,850860.0
617,2024-07-17,AOS,89.8,92.445,88.84,89.02,1025949.0
618,2024-07-18,AOS,89.36,89.675,87.57,87.99,1038641.0
619,2024-07-21,AOS,88.15,89.08,86.67,88.81,1138827.0
620,2024-07-22,AOS,80.92,85.07,79.83,80.47,2721296.0
621,2024-07-23,AOS,80.88,82.4992,80.65,80.76,2167104.0
622,2024-07-24,AOS,81.17,83.33,81.11,82.18,1505649.0
623,2024-07-25,AOS,83.55,84.91,83.3,84.5,1149759.0
624,2024-07-28,AOS,84.5,85.29,83.82,84.5,1059036.0
625,2024-07-29,AOS,85.22,85.98,84.99,85.45,881068.0
626,2024-07-30,AOS,85.62,85.85,84.76,85.04,1746435.0
627,2024-07-31,AOS,85.02,85.865,81.36,82.54,874865.0
628,2024-08-01,AOS,81.7,82.46,80.27,82.4,1106038.0
629,2024-08-04,AOS,80.73,82.56,79.67,81.65,1243260.0
630,2024-08-05,AOS,81.8,83.43,81.29,81.66,860020.0
631,2024-08-06,AOS,81.99,83.62,79.96,80.27,1291718.0
632,2024-08-07,AOS,80.8,81.49,79.79,80.49,1075079.0
633,2024-08-08,AOS,80.53,81.27,79.61,80.27,628008.0
634,2024-08-11,AOS,80.21,80.41,78.755,78.87,698781.0
635,2024-08-12,AOS,79.51,79.79,78.63,79.57,679883.0
636,2024-08-13,AOS,79.95,80.35,79.168,79.76,652151.0
637,2024-08-14,AOS,80.86,81.25,79.86,80.25,735077.0
638,2024-08-15,AOS,80.16,80.515,79.43,79.65,834207.0
639,2024-08-18,AOS,79.91,80.705,79.59,80.7,584891.0
640,2024-08-19,AOS,80.63,81.11,80.38,80.8,605337.0
641,2024-08-20,AOS,81.19,81.94,81.02,81.88,573128.0
642,2024-08-21,AOS,81.82,82.1,80.88,81.13,627664.0
643,2024-08-22,AOS,81.82,83.09,81.18,82.54,562529.0
644,2024-08-25,AOS,82.96,83.22,82.12,82.36,562113.0
645,2024-08-26,AOS,81.85,82.3937,80.985,81.76,702370.0
646,2024-08-27,AOS,81.72,82.645,81.59,81.84,577041.0
647,2024-08-28,AOS,82.4,82.94,81.13,82.1,603667.0
648,2024-08-29,AOS,82.48,83.86,82.43,83.72,1007080.0
649,2024-09-02,AOS,83.53,83.665,80.65,81.26,740814.0
650,2024-09-03,AOS,81.09,81.26,79.76,80.35,625124.0
651,2024-09-04,AOS,79.87,79.95,76.94,77.86,1561841.0
652,2024-09-05,AOS,78.04,78.63,76.78,76.91,864869.0
653,2024-09-08,AOS,77.33,77.99,76.795,77.89,830877.0
654,2024-09-09,AOS,78.14,78.8108,77.71,78.68,556700.0
655,2024-09-10,AOS,78.48,78.57,76.63,78.46,593141.0
656,2024-09-11,AOS,78.4,79.42,77.875,79.4,982230.0
657,2024-09-12,AOS,79.75,80.59,79.42,79.97,986156.0
658,2024-09-15,AOS,80.82,81.93,80.4523,81.7,820998.0
659,2024-09-16,AOS,82.09,83.245,81.925,82.47,583569.0
660,2024-09-17,AOS,82.9,84.29,82.295,82.89,904176.0
661,2024-09-18,AOS,84.5,84.5,83.361,84.29,679470.0
662,2024-09-19,AOS,84.02,84.19,82.62,82.89,2338885.0
663,2024-09-22,AOS,83.3,84.2,83.08,83.98,668399.0
664,2024-09-23,AOS,84.04,85.77,83.84,85.74,940674.0
665,2024-09-24,AOS,85.97,86.12,85.16,85.84,805800.0
666,2024-09-25,AOS,86.93,89.905,86.75,89.31,1799416.0
667,2024-09-26,AOS,89.97,92.06,89.82,90.59,1631341.0
668,2024-09-29,AOS,90.6,90.84,89.48,89.83,1065824.0
669,2024-09-30,AOS,89.96,90.15,88.23,88.94,847551.0
670,2024-10-01,AOS,88.42,88.54,87.13,88.03,981910.0
671,2024-10-02,AOS,87.64,88.02,86.56,87.51,886082.0
672,2024-10-03,AOS,88.08,88.14,86.74,87.4,653661.0
673,2024-10-06,AOS,86.88,88.41,86.29,88.15,629945.0
674,2024-10-07,AOS,87.75,87.865,85.93,86.45,1536752.0
675,2024-10-08,AOS,86.98,87.88,86.85,87.68,635455.0
676,2024-10-09,AOS,87.0,87.385,86.16,86.26,808410.0
677,2024-10-10,AOS,80.34,83.2,79.5,80.87,2379229.0
678,2024-10-13,AOS,81.03,82.71,80.65,82.62,1345450.0
679,2024-10-14,AOS,82.5,83.005,80.9,80.95,1379175.0
680,2024-10-15,AOS,81.36,81.92,80.2,80.23,1158070.0
681,2024-10-16,AOS,79.87,80.23,78.22,78.75,1772852.0
682,2024-10-17,AOS,79.0,79.17,78.28,78.75,1032245.0
683,2024-10-20,AOS,78.83,79.6,78.1099,78.6,1196640.0
684,2024-10-21,AOS,79.66,80.26,78.0,78.21,1549884.0
685,2024-10-22,AOS,77.99,80.24,77.23,77.3,1396354.0
686,2024-10-23,AOS,77.2,78.0,76.53,77.34,851448.0
687,2024-10-24,AOS,77.37,78.11,76.66,76.87,822041.0
688,2024-10-27,AOS,77.33,78.25,76.94,77.0,710278.0
689,2024-10-28,AOS,76.06,77.04,75.51,76.35,877567.0
690,2024-10-29,AOS,76.07,76.91,75.71,75.91,917526.0
691,2024-10-30,AOS,75.41,75.83,74.81,75.1,1977483.0
692,2024-10-31,AOS,75.41,76.31,75.03,75.4,811313.0
693,2024-11-03,AOS,75.4,76.28,74.8,75.14,716366.0
694,2024-11-04,AOS,75.0,75.99,74.8,75.92,709103.0
695,2024-11-05,AOS,77.0,77.92,75.47,76.21,1422227.0
696,2024-11-06,AOS,76.26,76.66,75.66,76.03,1299029.0
697,2024-11-07,AOS,76.01,76.28,74.81,74.86,1289404.0
698,2024-11-10,AOS,75.08,75.705,74.69,75.1,1215098.0
699,2024-11-11,AOS,74.71,75.08,73.05,73.14,1323823.0
700,2024-11-12,AOS,73.38,73.495,72.6202,73.11,1066369.0
701,2024-11-13,AOS,73.0,73.8,72.91,73.0,1002355.0
702,2024-11-14,AOS,72.78,73.28,72.15,72.23,1214367.0
703,2024-11-17,AOS,72.0,72.63,71.635,72.15,801761.0
704,2024-11-18,AOS,71.52,72.0,71.04,71.41,914209.0
705,2024-11-19,AOS,71.5,71.93,70.73,71.75,849580.0
706,2024-11-20,AOS,71.75,73.57,71.69,72.97,975888.0
707,2024-11-21,AOS,73.1,73.8,73.0,73.44,716572.0
708,2024-11-24,AOS,74.11,75.91,74.01,75.43,1303108.0
709,2024-11-25,AOS,74.53,74.59,73.75,73.9,850787.0
710,2024-11-26,AOS,74.23,74.93,74.01,74.1,609169.0
711,2024-11-28,AOS,74.2,74.67,74.05,74.49,381326.0
712,2024-12-01,AOS,74.63,74.86,73.745,74.65,841195.0
713,2024-12-02,AOS,74.65,74.65,73.24,74.02,1134148.0
714,2024-12-03,AOS,73.79,74.14,73.23,73.6,865215.0
715,2024-12-04,AOS,73.53,73.585,71.98,72.32,939146.0
716,2024-12-05,AOS,73.24,73.24,72.31,72.61,1066678.0
717,2024-12-08,AOS,72.78,74.42,72.78,73.89,1313984.0
718,2024-12-09,AOS,73.6,73.85,72.08,72.98,954625.0
719,2024-12-10,AOS,73.4,73.6915,72.46,72.88,1084758.0
720,2024-12-11,AOS,72.67,73.15,72.19,72.63,864823.0
721,2024-12-12,AOS,72.28,72.82,72.08,72.49,981477.0
722,2024-12-15,AOS,72.13,73.4,71.8,71.89,767913.0
723,2024-12-16,AOS,71.66,72.21,70.76,70.81,1148944.0
724,2024-12-17,AOS,71.08,71.7,68.89,68.91,812773.0
725,2024-12-18,AOS,68.94,69.92,68.38,68.44,1300040.0
726,2024-12-19,AOS,68.24,69.41,68.07,68.72,2859727.0
727,2024-12-22,AOS,68.22,68.68,68.1,68.56,574409.0
728,2024-12-23,AOS,68.48,68.89,68.15,68.89,381784.0
729,2024-12-25,AOS,68.64,69.24,68.4675,68.89,670762.0
730,2024-12-26,AOS,68.6,69.07,68.23,68.43,517907.0
731,2024-12-29,AOS,68.15,68.23,67.385,68.02,838903.0
732,2024-12-30,AOS,68.35,68.675,67.675,68.21,791954.0
733,2025-01-01,AOS,68.51,69.315,67.29,67.33,815292.0
734,2025-01-02,AOS,67.46,68.78,67.165,68.6,932791.0
735,2025-01-05,AOS,68.87,69.54,68.39,68.9,1531321.0
736,2025-01-06,AOS,68.72,69.3275,67.96,68.3,943923.0
737,2025-01-07,AOS,67.87,68.7594,67.285,68.68,977734.0
738,2025-01-09,AOS,67.88,68.88,67.2,67.58,1343716.0
739,2025-01-12,AOS,67.58,68.78,67.38,68.63,1039823.0
740,2025-01-13,AOS,69.42,71.35,69.42,71.25,1716815.0
741,2025-01-14,AOS,72.62,73.0899,70.895,70.95,1702448.0
742,2025-01-15,AOS,71.31,71.47,70.68,71.4,969125.0
743,2025-01-16,AOS,71.94,72.27,71.28,71.81,1285711.0
744,2025-01-20,AOS,72.5,73.16,72.29,72.69,973682.0
745,2025-01-21,AOS,71.93,72.035,70.36,70.97,1701535.0
746,2025-01-22,AOS,71.14,71.85,70.29,71.27,1932605.0
747,2025-01-23,AOS,71.08,71.34,70.4,70.57,1458460.0
748,2025-01-26,AOS,70.93,71.835,70.68,71.43,1112217.0
749,2025-01-27,AOS,71.0,71.89,69.58,69.87,1397019.0
750,2025-01-28,AOS,69.74,69.865,68.84,69.22,1513081.0
751,2025-01-29,AOS,66.51,67.655,65.53,67.31,3225289.0
752,2025-01-30,AOS,67.75,68.82,66.75,67.3,2674660.0
753,2025-02-02,AOS,66.71,67.58,65.575,67.04,2475428.0
754,2025-02-03,AOS,67.06,67.7625,65.65,65.66,2227072.0
755,2025-02-04,AOS,66.0,66.15,64.94,65.64,1508427.0
756,2025-02-05,AOS,65.99,66.1,65.44,65.51,1238957.0
757,2025-02-06,AOS,65.41,66.25,65.05,65.16,1263832.0
758,2025-02-09,AOS,65.55,66.01,65.0,65.73,972684.0
759,2025-02-10,AOS,65.9,66.065,65.375,65.97,769513.0
760,2025-02-11,AOS,64.84,65.68,64.5501,65.25,863835.0
761,2025-02-12,AOS,65.42,66.095,65.24,66.0,1350170.0
762,2025-02-13,AOS,66.35,67.065,65.92,66.22,1719948.0
763,2025-02-17,AOS,66.06,66.71,65.55,65.72,1488225.0
764,2025-02-18,AOS,65.4,67.64,65.0425,67.36,2437678.0
765,2025-02-19,AOS,67.3,67.77,66.65,66.79,1275150.0
766,2025-02-20,AOS,67.12,67.44,65.615,65.98,1097764.0
767,2025-02-23,AOS,65.95,66.65,65.21,66.23,926844.0
768,2025-02-24,AOS,66.53,67.58,66.44,66.99,1316636.0
769,2025-02-25,AOS,67.01,67.445,66.1,66.16,1091078.0
770,2025-02-26,AOS,65.71,66.7,65.56,65.94,795054.0
771,2025-02-27,AOS,66.22,66.99,65.6301,66.48,1386881.0
772,2025-03-02,AOS,67.03,67.29,66.1,66.38,1633719.0
773,2025-03-03,AOS,65.81,66.75,65.13,65.61,1652505.0
774,2025-03-04,AOS,66.16,67.0,65.635,66.5,1473104.0
775,2025-03-05,AOS,66.5,68.39,66.12,68.23,1624764.0
776,2025-03-06,AOS,68.02,69.98,68.02,69.41,1389694.0
777,2025-03-09,AOS,69.39,70.95,69.035,69.61,1491161.0
778,2025-03-10,AOS,69.46,69.99,66.48,67.11,1966917.0
779,2025-03-11,AOS,67.22,67.565,65.62,65.64,1384444.0
780,2025-03-12,AOS,65.09,65.98,65.02,65.45,1171774.0
781,2025-03-13,AOS,66.22,66.92,65.45,66.85,1152731.0
782,2025-03-16,AOS,66.17,67.72,66.1471,67.49,1139753.0
783,2025-03-17,AOS,67.22,67.96,67.08,67.66,1032398.0
784,2025-03-18,AOS,67.49,67.935,67.05,67.6,1217810.0
785,2025-03-19,AOS,66.99,67.305,66.52,66.71,1101811.0
786,2025-03-20,AOS,66.28,66.82,65.89,66.5,4061295.0
787,2025-03-23,AOS,67.16,67.835,66.24,66.37,1018605.0
788,2025-03-24,AOS,66.37,67.3019,65.945,66.73,1036407.0
789,2025-03-25,AOS,66.66,68.02,66.66,67.35,984971.0
790,2025-03-26,AOS,67.51,67.51,66.52,66.9,764755.0
791,2025-03-27,AOS,66.99,67.25,65.535,65.61,762143.0
792,2025-03-30,AOS,65.34,65.92,64.7,65.36,1619634.0
793,2025-03-31,AOS,65.34,65.7063,64.74,65.6,1810159.0
794,2025-04-01,AOS,65.01,66.25,64.92,66.12,1438171.0
795,2025-04-02,AOS,64.49,64.8,63.02,63.66,1649755.0
796,2025-04-03,AOS,62.64,63.74,61.89,61.99,1853079.0
797,2025-04-06,AOS,60.8,62.79,59.73,60.64,2295668.0
798,2025-04-07,AOS,61.37,62.44,59.12,59.63,2144687.0
799,2025-04-08,AOS,59.18,62.99,58.83,62.56,2579249.0
800,2025-04-09,AOS,62.4,63.235,60.95,62.87,1950734.0
801,2025-04-10,AOS,63.07,64.92,62.56,64.5,1588927.0
802,2025-04-13,AOS,65.09,65.5,64.395,65.2,1598083.0
803,2025-04-14,AOS,64.5,65.592,63.72,63.85,1478786.0
804,2025-04-15,AOS,63.96,64.02,62.44,62.86,1448948.0
805,2025-04-16,AOS,62.97,63.69,62.93,63.14,1376103.0
806,2025-04-20,AOS,62.62,62.7807,61.345,61.71,1272948.0
807,2025-04-21,AOS,62.3,64.02,62.02,63.96,1912504.0
808,2025-04-22,AOS,65.21,65.57,63.62,63.81,1449893.0
809,2025-04-23,AOS,64.24,65.57,63.3,65.3,1261032.0
810,2025-04-24,AOS,65.08,65.34,64.42,64.99,1298814.0
811,2025-04-27,AOS,65.21,65.46,64.26,64.78,1689123.0
812,2025-04-28,AOS,66.32,68.18,66.29,67.02,2687871.0
813,2025-04-29,AOS,66.9,68.22,65.79,67.86,2030452.0
814,2025-04-30,AOS,68.23,68.48,67.08,67.41,1576875.0
815,2025-05-01,AOS,67.81,68.88,67.61,68.45,877238.0
816,2025-05-04,AOS,67.97,68.75,67.75,68.34,1277499.0
817,2025-05-05,AOS,67.7,68.265,67.395,67.47,936673.0
818,2025-05-06,AOS,67.61,67.975,66.71,66.93,1515873.0
819,2025-05-07,AOS,67.44,68.585,67.2328,68.01,1185783.0
820,2025-05-08,AOS,68.18,68.445,68.0,68.29,728933.0
821,2025-05-11,AOS,69.99,70.89,69.67,70.46,1018661.0
822,2025-05-12,AOS,70.55,70.705,70.06,70.12,846302.0
823,2025-05-13,AOS,69.8,69.8,68.29,68.35,1747639.0
824,2025-05-14,AOS,68.27,69.48,67.84,69.42,1468000.0
825,2025-05-15,AOS,69.48,70.54,69.295,70.52,1580066.0
826,2025-05-18,AOS,69.73,70.58,69.66,70.51,1194254.0
827,2025-05-19,AOS,70.31,70.72,69.46,69.62,947619.0
828,2025-05-20,AOS,68.73,68.9,67.0,67.12,1385658.0
829,2025-05-21,AOS,66.84,67.599,66.32,67.37,1383863.0
830,2025-05-22,AOS,66.38,67.15,66.25,67.02,1270452.0
831,2025-05-26,AOS,67.76,68.67,67.01,68.57,1739410.0
832,2025-05-27,AOS,68.25,68.5,63.61,64.23,3501917.0
833,2025-05-28,AOS,64.67,65.0,64.04,64.73,2027659.0
834,2025-05-29,AOS,64.33,64.83,63.85,64.31,10261105.0
835,2025-06-01,AOS,63.71,64.2,62.63,63.01,2434129.0
836,2025-06-02,AOS,62.9,64.22,62.65,64.0,2228641.0
837,2025-06-03,AOS,64.42,64.89,64.11,64.3,1452773.0
838,2025-06-04,AOS,64.49,64.49,63.06,63.8,2349445.0
839,2025-06-05,AOS,64.15,64.53,63.94,64.34,1316260.0
840,2025-06-08,AOS,64.37,65.18,64.355,64.83,1331832.0
841,2025-06-09,AOS,65.29,65.945,64.73,65.74,1276137.0
842,2025-06-10,AOS,66.17,66.17,65.21,65.43,1170885.0
843,2025-06-11,AOS,64.97,65.22,63.8,64.25,1763664.0
844,2025-06-12,AOS,64.0,64.43,63.55,63.81,2217071.0
845,2025-06-15,AOS,64.25,64.3792,63.48,64.32,1551842.0
846,2025-06-16,AOS,63.9,64.43,63.021,63.23,1422134.0
847,2025-06-17,AOS,63.18,63.72,63.0,63.08,1198819.0
848,2025-06-19,AOS,63.38,63.55,62.2,62.74,2773550.0
849,2025-06-22,AOS,62.71,64.15,62.26,64.14,1386597.0
850,2025-06-23,AOS,64.39,64.985,64.045,64.94,911117.0
851,2025-06-24,AOS,65.14,65.28,64.47,65.04,1290191.0
852,2025-06-25,AOS,64.63,65.0356,64.28,64.67,967967.0
853,2025-06-26,AOS,64.87,65.81,64.785,65.65,2027503.0
854,2025-06-29,AOS,65.68,65.84,65.175,65.57,1431527.0
855,2025-06-30,AOS,65.3,68.96,65.27,67.76,1437994.0
856,2025-07-01,AOS,67.76,68.15,67.16,68.09,1109691.0
857,2025-07-02,AOS,68.09,68.365,67.67,67.92,658943.0
858,2025-07-06,AOS,68.0,68.54,67.43,68.06,1935939.0
859,2025-07-07,AOS,68.11,68.7999,67.78,68.46,1200387.0
860,2025-07-08,AOS,68.61,69.655,68.21,69.5,1346359.0
861,2025-07-09,AOS,69.57,71.72,69.49,70.47,1588250.0
862,2025-07-10,AOS,69.76,70.105,68.9,69.08,1076946.0
863,2025-07-13,AOS,68.98,69.145,68.22,68.85,865039.0
864,2025-07-14,AOS,69.27,69.43,67.13,67.24,1198579.0
865,2025-07-15,AOS,67.28,68.085,66.79,68.05,1710973.0
866,2025-07-16,AOS,68.48,70.795,68.205,70.75,2210367.0
867,2025-07-17,AOS,70.87,71.05,69.9,70.3,2486898.0
868,2025-07-20,AOS,70.56,70.73,69.03,69.07,1761517.0
869,2025-07-21,AOS,69.12,71.15,69.02,71.1,1668126.0
870,2025-07-22,AOS,71.61,72.065,71.19,71.38,1820099.0
871,2025-07-23,AOS,73.54,77.31,72.55,73.94,4191224.0
872,2025-07-24,AOS,74.16,74.38,71.49,72.06,1924093.0
873,2025-07-27,AOS,71.62,71.93,70.865,71.03,1400338.0
874,2025-07-28,AOS,71.36,71.72,70.7,71.64,1382744.0
875,2025-07-29,AOS,71.62,71.68,70.3175,70.83,1453913.0
876,2025-07-30,AOS,69.93,71.14,69.885,70.79,2465011.0
877,2025-07-31,AOS,70.5,70.79,69.55,70.41,1262963.0
878,2025-08-03,AOS,70.445,70.59,69.89,70.34,1111316.0
879,2025-08-04,AOS,70.51,70.82,69.74,70.32,1132639.0
880,2025-08-05,AOS,70.54,71.26,70.36,70.56,1020570.0
881,2025-08-06,AOS,71.27,71.57,70.38,70.62,861223.0
882,2025-08-07,AOS,70.51,70.9341,70.2801,70.83,1357333.0
883,2025-08-10,AOS,70.86,71.13,69.53,70.53,1100657.0
884,2025-08-11,AOS,70.73,71.42,70.3544,71.33,946293.0
885,2025-08-12,AOS,71.5,73.81,71.2955,73.64,1250164.0
886,2025-08-13,AOS,72.5,73.18,72.21,72.52,908747.0
887,2025-08-14,AOS,72.6,72.73,71.875,72.21,1251606.0
888,2025-08-17,AOS,72.31,72.4364,71.83,72.15,1066613.0
889,2025-08-18,AOS,72.3,73.38,72.08,72.82,764215.0
890,2025-08-19,AOS,72.64,73.04,71.845,71.85,847705.0
891,2025-08-20,AOS,71.47,72.205,71.24,71.75,723410.0
892,2025-08-21,AOS,72.13,73.845,71.91,73.61,674080.0
893,2025-08-24,AOS,73.41,73.42,72.355,72.54,624989.0
894,2025-08-25,AOS,72.42,73.035,72.195,72.38,1132882.0
895,2025-08-26,AOS,72.08,73.07,71.9,72.42,1111854.0
896,2025-08-27,AOS,72.67,72.83,71.32,71.62,1081396.0
897,2025-08-28,AOS,72.05,72.07,71.02,71.29,886399.0
898,2025-09-01,AOS,70.67,70.96,70.085,70.38,1311530.0
899,2025-09-02,AOS,70.0,71.16,70.0,70.79,1337080.0
900,2025-09-03,AOS,71.22,72.64,70.79,72.64,1185890.0
901,2025-09-04,AOS,73.04,74.09,72.935,73.68,1445124.0
902,2025-09-07,AOS,73.41,74.09,72.67,73.96,1165729.0
903,2025-09-08,AOS,73.48,73.56,71.26,72.0,1200583.0
904,2025-09-09,AOS,71.73,72.65,71.69,72.49,1104970.0
905,2025-09-10,AOS,72.73,74.72,72.5015,74.3,1673138.0
906,2025-09-11,AOS,73.81,74.16,72.53,72.57,766708.0
907,2025-09-14,AOS,72.83,73.43,72.47,73.25,799625.0
908,2025-09-15,AOS,73.3,73.71,72.78,73.61,640099.0
909,2025-09-16,AOS,73.98,75.2,72.6457,73.12,1083370.0
910,2025-09-17,AOS,73.26,73.52,72.69,73.07,915844.0
911,2025-09-18,AOS,72.88,73.385,72.475,73.09,2025689.0
912,2025-09-21,AOS,72.78,72.82,72.09,72.26,769446.0
913,2025-09-22,AOS,72.49,73.33,71.74,72.17,622356.0
914,2025-09-23,AOS,71.83,72.7,71.73,71.96,820857.0
915,2025-09-24,AOS,71.975,72.1494,71.09,71.4,682414.0
916,2025-09-25,AOS,71.62,72.55,71.29,72.45,637201.0
917,2025-09-28,AOS,73.19,73.46,72.53,72.75,671824.0
918,2025-09-29,AOS,72.98,73.56,72.87,73.41,751317.0
919,2025-09-30,AOS,73.28,73.555,72.425,73.1,1053364.0
920,2025-10-01,AOS,73.15,73.97,72.79,73.54,831538.0
921,2025-10-02,AOS,73.39,73.9,73.26,73.35,649588.0
922,2025-10-05,AOS,72.88,73.145,72.2,72.42,704298.0
923,2025-10-06,AOS,72.51,72.6,71.37,71.4,808625.0
924,2025-10-07,AOS,71.45,71.54,70.69,71.07,806346.0
925,2025-10-08,AOS,71.03,71.065,69.54,69.73,1093737.0
926,2025-10-09,AOS,69.75,70.1529,67.67,67.75,1337925.0
927,2025-10-12,AOS,68.09,68.7175,67.54,67.68,1028413.0
928,2025-10-13,AOS,67.46,69.115,67.24,68.82,927515.0
929,2025-10-14,AOS,68.82,69.585,68.605,69.21,1072627.0
930,2025-10-15,AOS,69.51,69.54,68.75,69.36,1012073.0
931,2025-10-16,AOS,69.44,69.86,69.025,69.71,989427.0
932,2025-10-19,AOS,69.83,70.195,69.25,69.81,1074559.0
933,2025-10-20,AOS,69.87,71.031,69.47,71.0,1151475.0
934,2025-10-21,AOS,70.83,70.84,68.12,68.2,1554473.0
935,2025-10-22,AOS,68.16,69.355,68.0,69.04,868793.0
936,2025-10-23,AOS,69.87,70.19,68.88,68.9,1294867.0
937,2025-10-26,AOS,69.03,69.54,68.44,68.61,1528026.0
938,2025-10-27,AOS,68.27,69.65,65.5,66.84,3248758.0
939,2025-10-28,AOS,66.18,66.92,65.06,65.58,1841311.0
940,2025-10-29,AOS,65.58,67.3,65.55,66.7,1859348.0
941,2025-10-30,AOS,65.95,66.8695,65.64,65.99,2236129.0
942,2025-11-02,AOS,65.67,66.015,65.21,65.66,1331245.0
943,2025-11-03,AOS,65.73,66.32,64.92,65.15,1303389.0
944,2025-11-04,AOS,65.15,66.19,65.11,66.03,1418272.0
945,2025-11-05,AOS,66.37,66.8055,65.57,65.58,1092680.0
946,2025-11-06,AOS,65.33,66.39,65.33,66.26,1172770.0
947,2025-11-09,AOS,66.12,66.37,65.4,66.17,1062872.0
948,2025-11-10,AOS,66.42,66.63,65.45,65.79,1056437.0
949,2025-11-11,AOS,66.33,66.74,66.02,66.37,1149905.0
950,2025-11-12,AOS,66.51,67.37,65.85,66.09,1323272.0
951,2025-11-13,AOS,65.85,66.2747,64.65,64.74,1168797.0
952,2025-11-16,AOS,64.62,64.79,63.23,63.31,964200.0
953,2025-11-17,AOS,63.19,63.805,62.96,63.38,1257575.0
954,2025-11-18,AOS,63.65,64.0,63.11,63.61,1270157.0
955,2025-11-19,AOS,64.24,64.7,62.965,63.25,1375292.0
956,2025-11-20,AOS,63.53,66.095,63.53,65.1,2023481.0
957,2025-11-23,AOS,64.72,65.01,64.02,64.1,1644391.0
958,2025-11-24,AOS,64.72,65.625,64.27,65.41,1435250.0
959,2025-11-25,AOS,65.18,66.49,65.18,66.33,2339062.0
960,2025-11-27,AOS,66.57,66.71,65.97,65.98,772930.0
961,2025-11-30,AOS,65.37,66.48,65.05,66.02,1559447.0
962,2025-12-01,AOS,66.01,66.37,65.23,65.96,1163967.0
963,2025-12-02,AOS,65.84,67.45,65.77,67.32,1187925.0
964,2025-12-03,AOS,67.69,68.91,66.81,67.2,1728696.0
965,2025-12-04,AOS,67.51,68.4,67.26,68.03,1931240.0
966,2025-12-07,AOS,67.87,67.87,66.595,67.15,1934492.0
967,2025-12-08,AOS,66.91,67.24,66.18,66.43,1142774.0
968,2025-12-09,AOS,66.66,68.22,66.595,67.92,1145968.0
969,2025-12-10,AOS,68.71,69.13,68.0111,68.58,1095434.0
970,2025-12-11,AOS,68.89,69.5,68.185,68.72,1289768.0
971,2025-12-14,AOS,68.88,69.35,68.1001,68.82,1195285.0
972,2025-12-15,AOS,68.92,68.99,67.61,67.94,1146709.0
973,2025-12-16,AOS,67.49,68.79,67.18,68.08,1185752.0
974,2025-12-17,AOS,68.31,69.14,68.02,68.19,984701.0
975,2025-12-18,AOS,68.42,68.5,67.71,68.01,2287805.0
976,2025-12-21,AOS,67.8,68.51,67.74,68.11,883683.0
977,2025-12-22,AOS,68.21,68.3819,67.35,67.74,747639.0
978,2025-12-23,AOS,67.8,68.25,67.49,67.96,562131.0
979,2025-12-25,AOS,67.87,68.01,67.5,67.76,543236.0
980,2025-12-28,AOS,67.55,68.13,67.4248,68.08,1059733.0
981,2025-12-29,AOS,67.89,68.245,67.63,67.74,695205.0
982,2025-12-30,AOS,67.54,67.745,66.8375,66.88,666922.0
983,2026-01-01,AOS,67.06,68.53,66.65,68.32,1318826.0
984,2026-01-04,AOS,67.79,69.0,67.66,68.51,1493709.0
985,2026-01-05,AOS,67.77,69.04,67.39,68.65,1065953.0
986,2026-01-06,AOS,68.81,69.0086,67.11,67.12,1110771.0
987,2026-01-07,AOS,66.69,70.815,66.69,70.4,1859414.0
988,2026-01-08,AOS,70.97,71.68,69.54,70.52,1478023.0
989,2026-01-11,AOS,69.86,71.61,69.86,71.01,1285213.0
990,2026-01-12,AOS,71.46,71.57,69.97,70.57,990854.0
991,2026-01-13,AOS,70.5,71.645,70.5,71.18,996096.0
992,2026-01-14,AOS,71.94,72.08,71.32,71.99,1054986.0
993,2026-01-15,AOS,71.92,72.55,71.63,72.48,1153896.0
994,2026-01-19,AOS,71.4,71.91,70.15,70.56,1179728.0
995,2026-01-20,AOS,71.28,72.775,70.99,72.24,910419.0
996,2026-01-21,AOS,72.73,73.39,72.29,73.09,1125864.0
997,2026-01-22,AOS,73.05,73.1898,71.975,72.46,943547.0
998,2024-01-28,ABT,112.15,113.47,112.03,113.45,6480613.0
999,2024-01-29,ABT,113.9,113.92,112.38,113.48,4768366.0
1000,2024-01-30,ABT,114.0,114.535,112.62,113.15,8325187.0
1001,2024-01-31,ABT,112.75,114.5374,111.995,114.49,4520542.0
1002,2024-02-01,ABT,112.96,114.06,111.98,112.11,7575685.0
1003,2024-02-04,ABT,112.02,112.455,111.15,111.65,5670059.0
1004,2024-02-05,ABT,111.82,114.5099,111.72,114.0,4734844.0
1005,2024-02-06,ABT,114.6,114.6,112.89,113.31,4757532.0
1006,2024-02-07,ABT,113.35,113.35,111.52,112.43,6980455.0
1007,2024-02-08,ABT,112.25,112.63,111.19,111.81,5947680.0
1008,2024-02-11,ABT,111.5,112.63,111.21,112.53,4232159.0
1009,2024-02-12,ABT,112.47,113.11,110.58,111.34,4263613.0
1010,2024-02-13,ABT,111.64,112.38,111.12,112.06,3991233.0
1011,2024-02-14,ABT,112.27,114.27,112.27,113.64,5450684.0
1012,2024-02-15,ABT,113.5,115.49,113.45,114.01,7161109.0
1013,2024-02-19,ABT,114.33,117.19,113.96,116.64,9601289.0
1014,2024-02-20,ABT,115.96,117.975,115.96,117.87,6144814.0
1015,2024-02-21,ABT,118.1,119.25,116.8,119.02,4916218.0
1016,2024-02-22,ABT,119.38,120.15,118.86,119.46,4261515.0
1017,2024-02-25,ABT,119.5,119.95,118.39,118.69,3483103.0
1018,2024-02-26,ABT,118.16,119.5,117.83,119.4,3203311.0
1019,2024-02-27,ABT,119.49,120.11,119.27,120.05,3383982.0
1020,2024-02-28,ABT,120.32,120.445,118.525,118.64,6135244.0
1021,2024-02-29,ABT,118.57,119.455,117.83,118.62,3899429.0
1022,2024-03-03,ABT,118.3,120.28,118.17,120.04,3164070.0
1023,2024-03-04,ABT,120.44,120.6,118.08,118.48,3502340.0
1024,2024-03-05,ABT,118.6,119.58,118.42,119.34,3388820.0
1025,2024-03-06,ABT,120.095,121.5,119.9501,120.92,4200857.0
1026,2024-03-07,ABT,120.97,121.64,120.605,120.96,3357442.0
1027,2024-03-10,ABT,120.93,121.42,119.6157,120.19,3886029.0
1028,2024-03-11,ABT,119.95,121.08,119.06,120.76,3079726.0
1029,2024-03-12,ABT,120.52,120.93,119.62,120.16,3421685.0
1030,2024-03-13,ABT,120.01,120.34,117.85,118.85,4952259.0
1031,2024-03-14,ABT,113.02,115.49,112.26,115.49,22415678.0
1032,2024-03-17,ABT,115.35,115.76,112.29,112.44,12991000.0
1033,2024-03-18,ABT,112.44,114.42,112.04,113.16,8299307.0
1034,2024-03-19,ABT,113.0,113.24,110.73,111.5,8317283.0
1035,2024-03-20,ABT,111.95,112.14,111.01,111.51,9722663.0
1036,2024-03-21,ABT,111.52,111.98,110.5439,110.57,5387719.0
1037,2024-03-24,ABT,110.45,110.8,109.11,110.01,6622414.0
1038,2024-03-25,ABT,110.49,111.9,109.93,111.5,7770829.0
1039,2024-03-26,ABT,112.0,113.7,111.94,113.48,7533356.0
1040,2024-03-27,ABT,113.28,114.02,112.93,113.66,5278215.0
1041,2024-03-31,ABT,113.66,113.66,111.82,112.09,3963996.0
1042,2024-04-01,ABT,111.8903,112.42,111.18,112.02,4560740.0
1043,2024-04-02,ABT,112.14,112.55,111.05,111.28,4409909.0
1044,2024-04-03,ABT,111.84,112.0,109.8375,110.11,4799745.0
1045,2024-04-04,ABT,109.7,111.26,109.54,111.2,5591219.0
1046,2024-04-07,ABT,111.3,111.48,110.14,110.52,5810480.0
1047,2024-04-08,ABT,110.59,112.57,110.58,112.44,4235804.0
1048,2024-04-09,ABT,111.22,111.67,110.35,111.17,3965558.0
1049,2024-04-10,ABT,111.65,111.98,110.31,111.45,4321456.0
1050,2024-04-11,ABT,110.27,110.5,108.4916,109.11,4041615.0
1051,2024-04-14,ABT,110.09,110.89,108.831,108.89,4595628.0
1052,2024-04-15,ABT,108.84,110.33,108.14,109.21,7283867.0
1053,2024-04-16,ABT,107.53,108.72,104.25,105.9,12002886.0
1054,2024-04-17,ABT,106.5,107.03,104.47,105.27,7306449.0
1055,2024-04-18,ABT,105.98,107.77,105.38,107.28,10533616.0
1056,2024-04-21,ABT,107.48,107.9,106.27,107.07,4948315.0
1057,2024-04-22,ABT,107.67,108.11,107.3101,107.59,3849589.0
1058,2024-04-23,ABT,106.71,107.11,105.56,106.89,5052691.0
1059,2024-04-24,ABT,106.645,107.455,106.14,106.86,3112495.0
1060,2024-04-25,ABT,106.51,107.8561,106.39,107.53,3575566.0
1061,2024-04-28,ABT,107.39,108.19,106.6,107.27,3307022.0
1062,2024-04-29,ABT,106.52,106.87,105.895,105.97,5073971.0
1063,2024-04-30,ABT,105.93,107.16,105.91,106.29,4097108.0
1064,2024-05-01,ABT,106.66,106.66,105.15,105.92,3708515.0
1065,2024-05-02,ABT,106.11,106.64,105.475,105.9,3610492.0
1066,2024-05-05,ABT,106.11,106.17,105.14,105.64,3789737.0
1067,2024-05-06,ABT,106.52,106.6,105.79,106.17,6556396.0
1068,2024-05-07,ABT,106.34,106.34,104.28,104.94,6234711.0
1069,2024-05-08,ABT,104.73,105.01,104.5,104.67,5902240.0
1070,2024-05-09,ABT,104.5,105.67,104.42,104.74,7349729.0
1071,2024-05-12,ABT,104.99,105.5,104.4,104.77,5459183.0
1072,2024-05-13,ABT,104.85,105.13,103.36,104.01,7035128.0
1073,2024-05-14,ABT,104.1,104.83,104.1,104.59,5443172.0
1074,2024-05-15,ABT,104.45,105.19,104.16,104.87,8708267.0
1075,2024-05-16,ABT,104.41,104.8,103.94,104.09,7004574.0
1076,2024-05-19,ABT,103.78,103.8,103.02,103.21,7165905.0
1077,2024-05-20,ABT,103.52,103.86,102.4097,102.96,4391572.0
1078,2024-05-21,ABT,102.95,105.14,102.94,104.82,5933598.0
1079,2024-05-22,ABT,103.96,104.91,103.44,104.23,5862199.0
1080,2024-05-23,ABT,104.15,104.369,103.58,103.95,4455866.0
1081,2024-05-27,ABT,103.57,103.59,101.56,101.95,4771127.0
1082,2024-05-28,ABT,101.09,101.77,100.64,100.73,4961324.0
1083,2024-05-29,ABT,101.28,102.61,100.86,101.74,5126729.0
1084,2024-05-30,ABT,101.86,102.299,101.39,102.19,7915676.0
1085,2024-06-02,ABT,102.17,104.13,101.92,102.87,4915081.0
1086,2024-06-03,ABT,102.8,103.49,102.535,103.43,3880402.0
1087,2024-06-04,ABT,102.93,103.42,101.98,103.23,3302504.0
1088,2024-06-05,ABT,103.29,105.0,102.81,104.27,9835466.0
1089,2024-06-06,ABT,103.86,108.13,103.3701,107.58,8666641.0
1090,2024-06-09,ABT,107.63,108.98,107.04,107.49,8556495.0
1091,2024-06-10,ABT,107.32,107.32,105.53,105.81,7536183.0
1092,2024-06-11,ABT,105.91,105.91,104.29,104.38,4569029.0
1093,2024-06-12,ABT,103.635,103.7,102.6,103.45,4719494.0
1094,2024-06-13,ABT,103.29,103.72,102.43,103.68,3683145.0
1095,2024-06-16,ABT,102.91,103.94,102.54,103.45,3936410.0
1096,2024-06-17,ABT,103.26,104.0908,103.25,103.99,4500985.0
1097,2024-06-19,ABT,103.525,106.84,103.47,106.57,9155091.0
1098,2024-06-20,ABT,106.66,106.93,105.24,105.72,10329146.0
1099,2024-06-23,ABT,106.29,106.29,104.9401,105.3,5201278.0
1100,2024-06-24,ABT,105.4,105.98,104.82,105.49,4722596.0
1101,2024-06-25,ABT,105.09,105.65,104.32,104.88,5406622.0
1102,2024-06-26,ABT,105.25,105.32,103.92,104.65,4137597.0
1103,2024-06-27,ABT,104.7,105.16,103.53,103.91,8283577.0
1104,2024-06-30,ABT,104.16,105.51,102.61,103.2,4588863.0
1105,2024-07-01,ABT,102.7,103.39,102.7,103.2,3650516.0
1106,2024-07-02,ABT,103.36,103.66,102.18,102.33,2017846.0
1107,2024-07-04,ABT,102.03,104.07,101.76,104.02,6582790.0
1108,2024-07-07,ABT,103.78,103.85,101.94,102.12,4541958.0
1109,2024-07-08,ABT,102.39,102.59,100.75,101.64,6269235.0
1110,2024-07-09,ABT,101.42,103.08,101.27,103.05,6598954.0
1111,2024-07-10,ABT,103.38,104.64,103.06,104.18,5025283.0
1112,2024-07-11,ABT,104.67,104.93,104.11,104.22,4277742.0
1113,2024-07-14,ABT,103.93,104.16,102.58,102.96,4970892.0
1114,2024-07-15,ABT,102.915,103.87,102.51,102.72,7656931.0
1115,2024-07-16,ABT,102.65,105.65,102.5,104.68,13438345.0
1116,2024-07-17,ABT,102.39,104.145,99.71,100.07,13078784.0
1117,2024-07-18,ABT,100.61,102.4,100.08,102.03,11963581.0
1118,2024-07-21,ABT,102.5,103.83,102.31,103.72,7880254.0
1119,2024-07-22,ABT,104.01,104.33,103.37,103.92,5894651.0
1120,2024-07-23,ABT,104.22,107.31,103.54,107.26,8680899.0
1121,2024-07-24,ABT,107.02,108.71,105.92,105.96,6356625.0
1122,2024-07-25,ABT,106.46,107.14,104.66,105.24,8611560.0
1123,2024-07-28,ABT,100.59,105.175,99.92,104.77,19452686.0
1124,2024-07-29,ABT,104.76,105.675,102.78,105.32,9126323.0
1125,2024-07-30,ABT,105.5,106.83,103.55,105.94,8238404.0
1126,2024-07-31,ABT,106.65,110.68,106.33,110.15,9069154.0
1127,2024-08-01,ABT,110.18,112.04,108.4,111.31,9885690.0
1128,2024-08-04,ABT,111.34,112.0,108.37,108.63,7121375.0
1129,2024-08-05,ABT,108.95,110.64,108.63,109.5,5634812.0
1130,2024-08-06,ABT,109.61,112.35,109.4,109.94,6365185.0
1131,2024-08-07,ABT,109.95,111.22,109.22,109.76,5476552.0
1132,2024-08-08,ABT,109.28,109.28,107.69,108.71,5435152.0
1133,2024-08-11,ABT,108.4,108.4,107.105,107.8,4795946.0
1134,2024-08-12,ABT,107.8,108.56,107.6,108.24,4920532.0
1135,2024-08-13,ABT,108.07,110.18,107.71,109.89,5823137.0
1136,2024-08-14,ABT,110.47,111.33,109.76,110.94,7458612.0
1137,2024-08-15,ABT,111.36,111.6,110.57,111.0,4643293.0
1138,2024-08-18,ABT,111.0,112.25,110.84,111.9,3495903.0
1139,2024-08-19,ABT,111.82,112.09,110.33,110.77,5822390.0
1140,2024-08-20,ABT,110.97,111.45,110.68,111.39,4081629.0
1141,2024-08-21,ABT,111.79,112.15,111.05,112.1,3690427.0
1142,2024-08-22,ABT,112.4,112.78,111.89,112.69,4511637.0
1143,2024-08-25,ABT,112.735,113.255,112.06,112.7,3212704.0
1144,2024-08-26,ABT,113.055,113.17,112.14,113.1,2705392.0
1145,2024-08-27,ABT,113.1,113.42,112.37,112.9,3836651.0
1146,2024-08-28,ABT,113.295,113.5,112.52,112.76,3375767.0
1147,2024-08-29,ABT,113.0,113.47,111.89,113.27,4320139.0
1148,2024-09-02,ABT,113.36,114.83,113.36,114.66,4436991.0
1149,2024-09-03,ABT,114.69,115.59,113.57,114.4,3659202.0
1150,2024-09-04,ABT,114.26,114.48,112.52,113.1,2928009.0
1151,2024-09-05,ABT,113.63,114.34,113.01,113.86,3802320.0
1152,2024-09-08,ABT,114.46,116.73,114.32,116.43,5100999.0
1153,2024-09-09,ABT,116.15,117.25,115.43,117.11,4963751.0
1154,2024-09-10,ABT,116.39,116.72,114.72,116.6,6535606.0
1155,2024-09-11,ABT,116.495,117.305,115.59,116.83,4349379.0
1156,2024-09-12,ABT,116.02,117.05,115.94,116.4,3350075.0
1157,2024-09-15,ABT,117.0,117.68,116.42,117.63,3637167.0
1158,2024-09-16,ABT,117.8,118.54,117.26,118.13,4982543.0
1159,2024-09-17,ABT,117.5,117.5,114.5162,114.88,5990242.0
1160,2024-09-18,ABT,115.49,115.66,113.25,114.15,8144179.0
1161,2024-09-19,ABT,113.75,114.16,113.2,113.7,8403387.0
1162,2024-09-22,ABT,113.79,114.9,112.96,114.81,5005400.0
1163,2024-09-23,ABT,114.21,114.41,113.18,113.34,5029820.0
1164,2024-09-24,ABT,113.82,114.19,111.85,112.61,5159254.0
1165,2024-09-25,ABT,112.31,112.93,112.1,112.73,3508932.0
1166,2024-09-26,ABT,112.93,113.38,112.32,112.43,3566365.0
1167,2024-09-29,ABT,112.57,114.09,112.1,114.01,5036278.0
1168,2024-09-30,ABT,114.21,114.22,112.8,113.56,4263960.0
1169,2024-10-01,ABT,113.375,113.79,112.03,113.64,3454010.0
1170,2024-10-02,ABT,113.505,113.51,111.79,112.23,3472202.0
1171,2024-10-03,ABT,112.13,112.75,111.68,112.64,4366288.0
1172,2024-10-06,ABT,112.3,113.61,111.8,113.36,6912946.0
1173,2024-10-07,ABT,113.75,115.295,113.75,114.63,4341619.0
1174,2024-10-08,ABT,114.98,116.27,114.56,115.95,4256968.0
1175,2024-10-09,ABT,116.215,116.85,115.45,115.62,4068452.0
1176,2024-10-10,ABT,116.21,117.28,115.945,116.12,3471291.0
1177,2024-10-13,ABT,116.26,117.58,115.98,117.25,3674100.0
1178,2024-10-14,ABT,116.75,118.36,115.81,116.05,6544862.0
1179,2024-10-15,ABT,118.01,119.52,116.64,117.82,7356247.0
1180,2024-10-16,ABT,118.71,118.76,117.19,117.89,5047138.0
1181,2024-10-17,ABT,117.9,119.85,117.67,119.39,6742032.0
1182,2024-10-20,ABT,118.89,118.92,116.6,116.99,8303389.0
1183,2024-10-21,ABT,116.865,117.2,115.84,116.12,5359962.0
1184,2024-10-22,ABT,116.16,117.15,115.93,117.01,3655702.0
1185,2024-10-23,ABT,117.21,117.41,116.21,116.54,3767983.0
1186,2024-10-24,ABT,116.145,116.39,113.1964,114.22,5989611.0
1187,2024-10-27,ABT,114.769,114.83,113.5501,114.07,4104706.0
1188,2024-10-28,ABT,114.14,114.74,113.35,113.4,4543608.0
1189,2024-10-29,ABT,112.64,114.735,112.5,114.45,5188001.0
1190,2024-10-30,ABT,113.57,114.47,113.27,113.37,5323165.0
1191,2024-10-31,ABT,119.75,119.92,117.09,118.6,10149305.0
1192,2024-11-03,ABT,119.6,120.57,117.48,117.65,5603975.0
1193,2024-11-04,ABT,117.59,118.25,116.33,117.73,4059223.0
1194,2024-11-05,ABT,121.0,121.0,115.5,116.8,5256141.0
1195,2024-11-06,ABT,117.49,117.49,114.54,115.3,5518982.0
1196,2024-11-07,ABT,115.33,117.25,114.6922,116.59,5685893.0
1197,2024-11-10,ABT,116.94,117.84,116.33,116.8,5301202.0
1198,2024-11-11,ABT,116.68,117.3,116.42,116.44,4598917.0
1199,2024-11-12,ABT,116.08,116.81,115.55,115.74,4760798.0
1200,2024-11-13,ABT,115.98,116.09,114.93,115.03,3812280.0
1201,2024-11-14,ABT,114.87,116.35,114.43,115.9,6898605.0
1202,2024-11-17,ABT,115.575,117.94,115.51,117.36,6086577.0
1203,2024-11-18,ABT,116.54,117.55,115.45,117.13,4542921.0
1204,2024-11-19,ABT,116.69,116.77,115.53,115.93,5624453.0
1205,2024-11-20,ABT,115.68,117.64,115.14,117.26,5562006.0
1206,2024-11-21,ABT,117.224,118.0,116.38,117.76,5349775.0
1207,2024-11-24,ABT,118.28,118.65,117.58,118.13,6879339.0
1208,2024-11-25,ABT,118.64,119.0,117.01,117.96,4056817.0
1209,2024-11-26,ABT,118.35,120.53,118.1,118.95,3510309.0
1210,2024-11-28,ABT,118.71,119.19,117.86,118.77,2523194.0
1211,2024-12-01,ABT,118.75,118.81,116.59,116.81,5339311.0
1212,2024-12-02,ABT,117.099,117.44,116.07,116.29,4794886.0
1213,2024-12-03,ABT,117.01,117.01,115.29,115.97,3557185.0
1214,2024-12-04,ABT,115.26,116.2908,114.885,115.59,3269799.0
1215,2024-12-05,ABT,115.13,116.2,115.1,115.6,5300680.0
1216,2024-12-08,ABT,115.67,115.87,113.85,114.9,4868047.0
1217,2024-12-09,ABT,115.08,116.39,114.27,115.5,4072098.0
1218,2024-12-10,ABT,115.31,115.585,114.0103,114.14,4748085.0
1219,2024-12-11,ABT,114.4,114.775,113.3,113.86,3764687.0
1220,2024-12-12,ABT,113.85,114.29,112.14,113.38,4550900.0
1221,2024-12-15,ABT,112.7,113.649313,112.385,112.62,5047226.0
1222,2024-12-16,ABT,112.21,113.84,112.2,113.29,5805786.0
1223,2024-12-17,ABT,113.03,114.15,111.85,111.93,6454872.0
1224,2024-12-18,ABT,111.54,113.295,111.28,112.42,7738661.0
1225,2024-12-19,ABT,112.64,115.11,112.52,114.23,12311927.0
1226,2024-12-22,ABT,114.0,114.51,112.96,114.31,4028231.0
1227,2024-12-23,ABT,114.14,114.83,113.59,114.76,1479984.0
1228,2024-12-25,ABT,114.2,115.81,113.8203,115.27,2960675.0
1229,2024-12-26,ABT,115.01,115.95,114.51,114.99,2829920.0
1230,2024-12-29,ABT,114.13,114.64,112.52,112.8,3476031.0
1231,2024-12-30,ABT,113.06,113.775,112.545,113.11,3520181.0
1232,2025-01-01,ABT,113.69,113.96,112.755,113.44,3569139.0
1233,2025-01-02,ABT,113.94,114.23,113.275,113.83,4416827.0
1234,2025-01-05,ABT,113.51,114.2596,112.785,113.04,6037209.0
1235,2025-01-06,ABT,113.37,114.6938,113.17,113.4,5300212.0
1236,2025-01-07,ABT,113.54,114.31,112.26,114.25,4455770.0
1237,2025-01-09,ABT,113.77,113.84,111.79,112.31,5109130.0
1238,2025-01-12,ABT,112.6,113.39,111.98,113.19,4409702.0
1239,2025-01-13,ABT,113.56,113.81,112.29,113.02,3972372.0
1240,2025-01-14,ABT,112.15,112.76,110.86,111.1,6543692.0
1241,2025-01-15,ABT,111.02,113.95,111.02,113.91,5598701.0
1242,2025-01-16,ABT,113.62,114.79,113.39,113.48,6459847.0
1243,2025-01-20,ABT,114.25,116.9,114.135,116.79,8486265.0
1244,2025-01-21,ABT,114.125,119.94,113.5,117.78,13200904.0
1245,2025-01-22,ABT,118.13,123.23,117.78,123.22,13089363.0
1246,2025-01-23,ABT,122.59,125.67,122.18,125.03,9960512.0
1247,2025-01-26,ABT,126.73,129.76,125.474,129.43,11845067.0
1248,2025-01-27,ABT,129.75,129.85,126.67,127.39,11948715.0
1249,2025-01-28,ABT,128.16,129.3,127.63,127.86,7609799.0
1250,2025-01-29,ABT,127.99,129.19,127.19,128.81,6340522.0
1251,2025-01-30,ABT,128.37,128.76,127.68,127.93,7129490.0
1252,2025-02-02,ABT,126.65,128.95,126.01,128.45,5720601.0
1253,2025-02-03,ABT,126.435,129.2,126.0032,129.1,6957675.0
1254,2025-02-04,ABT,129.43,132.5,128.95,132.06,8680447.0
1255,2025-02-05,ABT,131.8,131.9,128.14,128.22,6469197.0
1256,2025-02-06,ABT,128.07,129.49,128.07,129.07,6455324.0
1257,2025-02-09,ABT,129.075,131.43,128.6,131.31,5503637.0
1258,2025-02-10,ABT,131.2,132.05,130.47,131.44,5314091.0
1259,2025-02-11,ABT,130.49,130.8,129.24,130.49,4703801.0
1260,2025-02-12,ABT,130.93,132.04,130.55,131.79,4168391.0
1261,2025-02-13,ABT,132.325,132.65,130.52,130.61,3733920.0
1262,2025-02-17,ABT,129.76,130.82,128.25,130.18,5116301.0
1263,2025-02-18,ABT,130.265,132.26,130.0,132.13,3806989.0
1264,2025-02-19,ABT,131.73,133.28,131.35,133.17,5046884.0
1265,2025-02-20,ABT,132.41,135.41,132.41,134.92,7160106.0
1266,2025-02-23,ABT,134.49,136.5899,134.3,134.95,5947194.0
1267,2025-02-24,ABT,135.38,136.45,134.36,135.82,6386137.0
1268,2025-02-25,ABT,135.145,136.31,134.2716,135.96,5388266.0
1269,2025-02-26,ABT,135.72,136.99,135.22,135.87,4890684.0
1270,2025-02-27,ABT,136.4,138.37,134.75,138.01,8756146.0
1271,2025-03-02,ABT,138.17,140.84,138.01,140.22,7589766.0
1272,2025-03-03,ABT,141.0,141.23,137.53,137.58,8356486.0
1273,2025-03-04,ABT,136.895,138.5,136.035,137.71,8156686.0
1274,2025-03-05,ABT,137.06,137.715,133.4575,135.08,9184176.0
1275,2025-03-06,ABT,134.505,137.48,133.955,137.14,8255101.0
1276,2025-03-09,ABT,136.43,139.15,136.43,137.36,7027987.0
1277,2025-03-10,ABT,137.06,137.06,132.31,132.66,9313590.0
1278,2025-03-11,ABT,132.29,132.61,129.44,130.28,6770980.0
1279,2025-03-12,ABT,130.28,130.8499,129.0,129.89,9012854.0
1280,2025-03-13,ABT,125.0,128.49,124.5,126.71,9537887.0
1281,2025-03-16,ABT,126.72,127.87,126.2,127.64,6663101.0
1282,2025-03-17,ABT,127.95,128.619,124.9,126.3,7959839.0
1283,2025-03-18,ABT,126.33,127.78,125.775,127.42,5098556.0
1284,2025-03-19,ABT,127.33,127.76,126.38,126.78,5158504.0
1285,2025-03-20,ABT,126.33,126.81,125.49,126.34,8857060.0
1286,2025-03-23,ABT,127.205,127.835,126.6,127.21,5283077.0
1287,2025-03-24,ABT,127.68,128.79,124.5,125.6,6726864.0
1288,2025-03-25,ABT,125.74,127.34,125.1255,126.61,6053685.0
1289,2025-03-26,ABT,127.17,131.93,126.656,131.35,8441445.0
1290,2025-03-27,ABT,131.255,133.46,130.75,130.82,6708581.0
1291,2025-03-30,ABT,130.81,133.2,130.64,132.65,9669848.0
1292,2025-03-31,ABT,132.475,132.63,131.08,131.69,4229092.0
1293,2025-04-01,ABT,130.64,132.13,129.7612,131.93,4236241.0
1294,2025-04-02,ABT,131.91,133.64,131.48,131.63,6239225.0
1295,2025-04-03,ABT,131.23,132.4,124.0,124.44,10776860.0
1296,2025-04-06,ABT,122.29,126.5,120.47,124.86,10371338.0
1297,2025-04-07,ABT,127.07,127.96,122.06,123.95,9880098.0
1298,2025-04-08,ABT,121.625,127.76,120.85,127.04,10179195.0
1299,2025-04-09,ABT,126.0,126.82,122.02,124.5,11089353.0
1300,2025-04-10,ABT,126.055,128.52,124.04,126.88,7357019.0
1301,2025-04-13,ABT,127.0,128.4999,126.84,127.96,6988891.0
1302,2025-04-14,ABT,127.62,128.49,125.595,126.22,8639428.0
1303,2025-04-15,ABT,129.695,134.16,129.01,129.7,13483166.0
1304,2025-04-16,ABT,130.375,132.71,129.66,130.98,10474476.0
1305,2025-04-20,ABT,130.97,131.96,128.5105,129.89,6046937.0
1306,2025-04-21,ABT,129.93,132.03,129.93,131.73,5837131.0
1307,2025-04-22,ABT,132.21,132.89,127.13,129.84,8777184.0
1308,2025-04-23,ABT,130.02,130.2,128.03,129.38,6595544.0
1309,2025-04-24,ABT,129.27,129.53,127.235,128.85,4849389.0
1310,2025-04-27,ABT,129.33,130.12,128.52,129.53,3843266.0
1311,2025-04-28,ABT,128.89,131.27,128.8,130.5,4315327.0
1312,2025-04-29,ABT,130.92,131.266,128.68,130.75,8510507.0
1313,2025-04-30,ABT,129.5,131.63,128.0,130.88,6769116.0
1314,2025-05-01,ABT,131.91,136.8,131.33,132.82,9801692.0
1315,2025-05-04,ABT,132.885,133.06,131.45,132.6,5752256.0
1316,2025-05-05,ABT,131.95,133.6,130.7,133.06,6290467.0
1317,2025-05-06,ABT,133.5,134.43,132.4312,133.95,4925233.0
1318,2025-05-07,ABT,133.265,135.22,133.08,134.0,5994453.0
1319,2025-05-08,ABT,133.975,134.97,133.19,133.24,4976167.0
1320,2025-05-11,ABT,131.79,133.66,130.1017,131.99,5958544.0
1321,2025-05-12,ABT,131.75,131.75,128.92,129.05,6344898.0
1322,2025-05-13,ABT,129.3,130.14,128.19,128.56,5267034.0
1323,2025-05-14,ABT,128.85,133.425,128.85,133.35,8406704.0
1324,2025-05-15,ABT,133.145,135.29,132.77,134.8,7129033.0
1325,2025-05-18,ABT,135.0,135.69,134.53,135.55,8012873.0
1326,2025-05-19,ABT,135.0,135.83,134.541,135.2,6455398.0
1327,2025-05-20,ABT,135.1,136.17,133.02,133.05,7209230.0
1328,2025-05-21,ABT,132.46,132.88,131.17,131.5,6277122.0
1329,2025-05-22,ABT,131.68,132.17,130.43,131.3,6145051.0
1330,2025-05-26,ABT,131.85,133.84,131.527,132.94,5591079.0
1331,2025-05-27,ABT,133.105,133.6,131.84,132.02,3622453.0
1332,2025-05-28,ABT,131.73,133.055,131.35,132.85,3078291.0
1333,2025-05-29,ABT,132.88,134.125,131.74,133.58,14236848.0
1334,2025-06-01,ABT,132.86,133.74,131.88,133.57,4464080.0
1335,2025-06-02,ABT,133.12,133.97,131.61,133.71,5915147.0
1336,2025-06-03,ABT,134.41,134.8687,132.94,132.96,4057040.0
1337,2025-06-04,ABT,133.39,134.38,132.19,133.94,5587108.0
1338,2025-06-05,ABT,134.79,135.22,133.1,133.58,3868057.0
1339,2025-06-08,ABT,133.02,134.29,130.825,133.4,6630521.0
1340,2025-06-09,ABT,133.56,134.8495,133.33,134.13,3579575.0
1341,2025-06-10,ABT,134.1,135.35,132.93,135.28,4100545.0
1342,2025-06-11,ABT,135.545,136.89,135.455,136.45,5089115.0
1343,2025-06-12,ABT,135.78,137.06,135.25,135.62,3928913.0
1344,2025-06-15,ABT,135.56,136.41,133.305,134.01,5084093.0
1345,2025-06-16,ABT,133.695,134.01,132.15,132.28,5010926.0
1346,2025-06-17,ABT,132.95,133.37,131.6,132.41,4950836.0
1347,2025-06-19,ABT,133.66,133.68,131.99,132.99,11338182.0
1348,2025-06-22,ABT,133.065,133.47,132.11,133.26,4887246.0
1349,2025-06-23,ABT,133.32,139.06,132.38,138.08,9894809.0
1350,2025-06-24,ABT,137.87,138.84,136.64,137.4,5507492.0
1351,2025-06-25,ABT,137.325,137.54,132.71,133.67,9452900.0
1352,2025-06-26,ABT,133.29,134.91,132.88,134.38,9513538.0
1353,2025-06-29,ABT,134.0,136.26,134.0,136.01,5749700.0
1354,2025-06-30,ABT,135.54,137.0836,134.81,136.26,5337856.0
1355,2025-07-01,ABT,135.27,136.34,133.8406,134.11,4319684.0
1356,2025-07-02,ABT,134.67,135.2443,133.2,134.44,3114335.0
1357,2025-07-06,ABT,134.51,134.91,132.85,133.7,8927599.0
1358,2025-07-07,ABT,133.24,134.73,132.85,133.36,4782570.0
1359,2025-07-08,ABT,133.47,133.77,131.47,133.22,4613933.0
1360,2025-07-09,ABT,133.73,135.05,133.01,133.6,4857081.0
1361,2025-07-10,ABT,133.27,133.58,131.26,132.02,4661568.0
1362,2025-07-13,ABT,132.02,133.09,131.71,132.03,4881683.0
1363,2025-07-14,ABT,131.895,132.44,130.3,131.49,5084847.0
1364,2025-07-15,ABT,132.12,133.025,130.31,131.74,9892958.0
1365,2025-07-16,ABT,126.55,126.86,119.77,120.51,27560609.0
1366,2025-07-17,ABT,122.63,125.63,122.27,123.67,19571878.0
1367,2025-07-20,ABT,124.26,126.03,121.6,124.42,10307985.0
1368,2025-07-21,ABT,124.33,126.38,124.23,125.73,7098443.0
1369,2025-07-22,ABT,126.32,127.04,123.25,125.83,6439582.0
1370,2025-07-23,ABT,125.28,125.98,124.695,125.64,4708230.0
1371,2025-07-24,ABT,125.77,126.725,125.45,126.54,4741277.0
1372,2025-07-27,ABT,126.15,126.99,125.625,126.35,8168448.0
1373,2025-07-28,ABT,126.01,128.1,125.47,128.01,5834139.0
1374,2025-07-29,ABT,127.97,129.7,127.08,128.55,5359672.0
1375,2025-07-30,ABT,127.54,129.15,125.81,126.19,6722644.0
1376,2025-07-31,ABT,125.47,127.77,125.47,127.29,5453261.0
1377,2025-08-03,ABT,127.45,130.13,127.45,129.93,5671459.0
1378,2025-08-04,ABT,129.91,131.48,129.25,130.69,5355471.0
1379,2025-08-05,ABT,130.08,131.72,129.81,130.93,5170125.0
1380,2025-08-06,ABT,131.16,132.5,130.73,132.06,4690729.0
1381,2025-08-07,ABT,131.8,134.71,131.75,134.28,4985614.0
1382,2025-08-10,ABT,134.08,134.35,130.55,131.36,7125728.0
1383,2025-08-11,ABT,131.74,131.89,129.62,131.02,5657521.0
1384,2025-08-12,ABT,131.12,131.65,128.33,129.4,6723933.0
1385,2025-08-13,ABT,129.105,130.14,128.53,129.28,9688357.0
1386,2025-08-14,ABT,129.92,132.35,129.665,131.75,6784760.0
1387,2025-08-17,ABT,131.63,132.3,130.16,130.27,3831433.0
1388,2025-08-18,ABT,129.92,131.72,128.68,131.25,4845734.0
1389,2025-08-19,ABT,132.05,133.81,131.72,132.44,3639871.0
1390,2025-08-20,ABT,132.12,133.2,131.75,132.0,3980063.0
1391,2025-08-21,ABT,132.77,133.62,131.34,132.59,4130380.0
1392,2025-08-24,ABT,132.72,132.96,131.49,131.87,4705847.0
1393,2025-08-25,ABT,131.86,132.35,131.38,131.59,6076566.0
1394,2025-08-26,ABT,131.47,131.75,130.5616,131.46,4759172.0
1395,2025-08-27,ABT,130.92,131.635,130.14,131.37,4674999.0
1396,2025-08-28,ABT,132.015,132.845,131.17,132.66,4430659.0
1397,2025-09-01,ABT,132.685,133.395,130.84,131.46,5779158.0
1398,2025-09-02,ABT,131.15,132.19,130.21,132.18,4806505.0
1399,2025-09-03,ABT,132.18,133.84,131.7,132.81,5073766.0
1400,2025-09-04,ABT,132.515,134.325,132.445,132.94,3286917.0
1401,2025-09-07,ABT,132.26,133.09,131.61,132.2,5070307.0
1402,2025-09-08,ABT,132.3,133.1679,131.645,131.95,4641401.0
1403,2025-09-09,ABT,131.85,131.85,127.445,129.36,7397214.0
1404,2025-09-10,ABT,129.69,132.68,129.3975,132.65,5578384.0
1405,2025-09-11,ABT,131.82,134.96,131.4,133.73,5700367.0
1406,2025-09-14,ABT,133.88,134.345,130.96,131.33,4057870.0
1407,2025-09-15,ABT,131.755,133.66,131.2,132.76,5401591.0
1408,2025-09-16,ABT,132.71,134.22,132.71,134.17,5113326.0
1409,2025-09-17,ABT,134.09,134.78,132.095,134.57,5891931.0
1410,2025-09-18,ABT,134.7,136.73,133.72,136.04,11547416.0
1411,2025-09-21,ABT,135.33,137.49,134.95,136.62,4837228.0
1412,2025-09-22,ABT,136.28,136.88,135.041,135.89,5136718.0
1413,2025-09-23,ABT,135.31,136.83,133.79,133.89,3932420.0
1414,2025-09-24,ABT,134.43,134.43,131.18,133.31,4963374.0
1415,2025-09-25,ABT,133.98,134.2,133.1,133.55,4182140.0
1416,2025-09-28,ABT,133.0,133.5,131.71,133.11,4351894.0
1417,2025-09-29,ABT,132.86,134.5,132.18,133.94,7538490.0
1418,2025-09-30,ABT,134.8,135.45,129.08,133.47,10614091.0
1419,2025-10-01,ABT,132.42,133.3938,130.51,132.99,5916689.0
1420,2025-10-02,ABT,133.25,135.365,132.79,134.59,5362213.0
1421,2025-10-05,ABT,134.32,135.24,133.45,133.74,6745885.0
1422,2025-10-06,ABT,134.085,134.085,131.93,133.02,4816431.0
1423,2025-10-07,ABT,132.81,134.72,132.17,134.27,6654832.0
1424,2025-10-08,ABT,134.58,135.125,133.0,133.31,3237667.0
1425,2025-10-09,ABT,134.19,134.5,132.045,132.57,5654455.0
1426,2025-10-12,ABT,132.0,132.76,130.87,131.38,4008306.0
1427,2025-10-13,ABT,131.46,133.34,131.23,133.27,8147880.0
1428,2025-10-14,ABT,128.01,131.475,125.74,129.45,14906379.0
1429,2025-10-15,ABT,129.53,131.16,126.87,127.63,9768055.0
1430,2025-10-16,ABT,127.86,129.26,127.21,128.54,6806829.0
1431,2025-10-19,ABT,128.44,129.815,128.13,129.51,5810257.0
1432,2025-10-20,ABT,129.0,129.3,127.51,127.54,4934677.0
1433,2025-10-21,ABT,127.62,128.9379,127.11,127.95,6186776.0
1434,2025-10-22,ABT,128.24,128.7716,126.065,126.34,6700553.0
1435,2025-10-23,ABT,126.97,128.11,125.0,126.85,5071111.0
1436,2025-10-26,ABT,126.06,127.66,125.15,127.18,6254193.0
1437,2025-10-27,ABT,126.97,128.45,126.19,126.61,4763022.0
1438,2025-10-28,ABT,126.18,126.55,124.12,124.43,5182320.0
1439,2025-10-29,ABT,125.14,126.43,124.3287,124.67,4877398.0
1440,2025-10-30,ABT,123.84,124.325,122.61,123.62,7045258.0
1441,2025-11-02,ABT,123.71,124.055,122.44,123.84,5833267.0
1442,2025-11-03,ABT,124.295,125.8499,123.84,125.8,5607685.0
1443,2025-11-04,ABT,125.89,126.71,123.92,124.54,4597534.0
1444,2025-11-05,ABT,123.85,125.0,123.35,124.95,4714711.0
1445,2025-11-06,ABT,125.64,126.62,124.65,126.36,5458532.0
1446,2025-11-09,ABT,125.42,126.15,124.55,125.89,4251947.0
1447,2025-11-10,ABT,126.6,127.15,125.77,127.0,5294263.0
1448,2025-11-11,ABT,126.94,129.0799,126.55,128.82,4979862.0
1449,2025-11-12,ABT,128.51,129.59,128.0,129.26,5182499.0
1450,2025-11-13,ABT,129.285,130.96,128.77,130.59,6998982.0
1451,2025-11-16,ABT,130.675,131.925,129.95,130.03,5816766.0
1452,2025-11-17,ABT,130.74,132.025,129.29,130.0,6774995.0
1453,2025-11-18,ABT,129.89,131.49,124.58,126.15,10296518.0
1454,2025-11-19,ABT,122.5,125.7225,122.095,123.97,11653961.0
1455,2025-11-20,ABT,124.68,128.715,123.885,128.11,9400951.0
1456,2025-11-23,ABT,127.46,129.52,126.72,127.19,14041294.0
1457,2025-11-24,ABT,127.29,128.81,126.23,128.05,8035503.0
1458,2025-11-25,ABT,128.075,129.015,127.02,128.54,5474238.0
1459,2025-11-27,ABT,128.16,129.39,128.0,128.9,2572367.0
1460,2025-11-30,ABT,128.65,129.85,127.96,128.01,5767009.0
1461,2025-12-01,ABT,128.445,128.99,125.64,126.32,5479989.0
1462,2025-12-02,ABT,126.28,127.565,125.21,125.29,4918925.0
1463,2025-12-03,ABT,125.19,125.57,124.06,125.4,5227065.0
1464,2025-12-04,ABT,125.66,126.05,124.64,125.08,4361096.0
1465,2025-12-07,ABT,124.62,124.62,121.713,122.09,6392092.0
1466,2025-12-08,ABT,122.83,123.23,121.06,121.25,5229193.0
1467,2025-12-09,ABT,121.26,123.09,120.7,122.55,6716496.0
1468,2025-12-10,ABT,123.025,124.24,122.63,123.28,5390007.0
1469,2025-12-11,ABT,123.47,125.58,122.91,125.46,4765258.0
1470,2025-12-14,ABT,125.72,129.64,125.2,128.47,7715980.0
1471,2025-12-15,ABT,128.41,128.6,126.3,126.86,5764192.0
1472,2025-12-16,ABT,126.75,127.67,125.94,126.71,8049064.0
1473,2025-12-17,ABT,126.575,127.575,124.93,125.12,5891883.0
1474,2025-12-18,ABT,125.04,126.13,123.76,125.45,14795717.0
1475,2025-12-21,ABT,125.16,127.24,124.77,125.2,5057974.0
1476,2025-12-22,ABT,125.0,125.18,123.85,124.54,7534879.0
1477,2025-12-23,ABT,124.01,125.3268,124.0,124.81,1632214.0
1478,2025-12-25,ABT,124.58,125.185,124.26,124.84,2120811.0
1479,2025-12-28,ABT,125.03,125.49,124.49,124.57,4469041.0
1480,2025-12-29,ABT,124.425,126.2,124.36,125.78,5271167.0
1481,2025-12-30,ABT,125.88,126.2413,125.24,125.29,3157254.0
1482,2026-01-01,ABT,124.7,125.25,123.64,124.19,5014256.0
1483,2026-01-04,ABT,123.63,126.56,122.5,126.45,6548712.0
1484,2026-01-05,ABT,126.84,129.455,126.55,127.78,8327529.0
1485,2026-01-06,ABT,128.45,128.6,126.27,127.04,6632314.0
1486,2026-01-07,ABT,127.1,128.1,126.06,126.18,4344599.0
1487,2026-01-08,ABT,126.42,127.14,125.23,125.92,4317611.0
1488,2026-01-11,ABT,126.395,126.605,123.45,124.64,5524324.0
1489,2026-01-12,ABT,124.55,124.67,122.2,124.3,5169800.0
1490,2026-01-13,ABT,123.68,125.09,122.99,125.0,7187839.0
1491,2026-01-14,ABT,124.4,124.42,123.0,123.53,7079477.0
1492,2026-01-15,ABT,123.23,123.49,121.535,121.76,10418196.0
1493,2026-01-19,ABT,121.37,121.5,120.25,121.14,12634014.0
1494,2026-01-20,ABT,121.71,122.49,120.33,120.73,12557256.0
1495,2026-01-21,ABT,107.53,114.0,105.78,108.61,37099371.0
1496,2026-01-22,ABT,108.27,110.05,106.08,107.42,21813144.0
1497,2024-01-28,ABBV,165.85,166.76,163.68,163.91,4704269.0
1498,2024-01-29,ABBV,164.22,164.98,163.26,164.92,3819615.0
1499,2024-01-30,ABBV,165.75,165.8599,163.95,164.4,4994053.0
1500,2024-01-31,ABBV,163.7,167.68,162.67,167.59,5584434.0
1501,2024-02-01,ABBV,169.42,172.85,165.23,168.67,7870521.0
1502,2024-02-04,ABBV,169.84,173.13,168.45,171.26,6486886.0
1503,2024-02-05,ABBV,171.65,173.96,169.77,173.29,7038000.0
1504,2024-02-06,ABBV,174.01,175.56,173.32,175.01,6409084.0
1505,2024-02-07,ABBV,174.35,175.91,174.3,174.79,5709326.0
1506,2024-02-08,ABBV,175.07,175.4,173.05,174.08,3502661.0
1507,2024-02-11,ABBV,173.54,174.76,172.23,173.07,3477198.0
1508,2024-02-12,ABBV,174.46,175.2,171.965,173.29,5480551.0
1509,2024-02-13,ABBV,173.06,174.86,172.68,174.42,4348610.0
1510,2024-02-14,ABBV,174.02,176.735,173.81,176.59,5276243.0
1511,2024-02-15,ABBV,176.89,178.92,176.07,177.49,6689902.0
1512,2024-02-19,ABBV,175.83,178.68,175.52,175.75,5484327.0
1513,2024-02-20,ABBV,176.29,176.625,173.5,175.14,3819124.0
1514,2024-02-21,ABBV,174.78,177.34,173.14,176.75,4852394.0
1515,2024-02-22,ABBV,177.26,178.905,177.011,178.09,3941923.0
1516,2024-02-25,ABBV,178.84,179.79,178.0,178.81,4327400.0
1517,2024-02-26,ABBV,178.77,179.53,176.98,178.99,3888566.0
1518,2024-02-27,ABBV,179.85,179.89,176.89,178.0,4326102.0
1519,2024-02-28,ABBV,177.865,178.02,175.39,176.05,7485722.0
1520,2024-02-29,ABBV,176.05,179.19,175.75,178.91,4028935.0
1521,2024-03-03,ABBV,178.35,179.98,176.28,177.05,4723582.0
1522,2024-03-04,ABBV,177.79,179.59,177.79,179.16,5309903.0
1523,2024-03-05,ABBV,178.4,182.16,178.1,181.06,6047148.0
1524,2024-03-06,ABBV,182.19,182.42,179.54,180.57,6125187.0
1525,2024-03-07,ABBV,179.74,182.14,178.68,178.85,6195824.0
1526,2024-03-10,ABBV,178.41,181.26,178.24,179.63,5134817.0
1527,2024-03-11,ABBV,179.72,182.89,179.69,180.92,5391070.0
1528,2024-03-12,ABBV,182.5,182.51,179.42,179.86,5987932.0
1529,2024-03-13,ABBV,180.155,182.04,178.66,181.2,6999445.0
1530,2024-03-14,ABBV,179.84,180.58,177.54,177.88,20957948.0
1531,2024-03-17,ABBV,179.01,179.88,177.565,178.49,8569244.0
1532,2024-03-18,ABBV,178.19,179.93,178.19,179.66,7625613.0
1533,2024-03-19,ABBV,179.22,179.23,175.73,176.27,7326558.0
1534,2024-03-20,ABBV,176.81,177.74,175.875,177.5,5743564.0
1535,2024-03-21,ABBV,177.23,178.99,176.78,178.45,4084352.0
1536,2024-03-24,ABBV,179.0,179.2,178.125,178.53,4366502.0
1537,2024-03-25,ABBV,179.23,179.77,178.38,179.19,4392427.0
1538,2024-03-26,ABBV,179.8,180.58,178.81,180.35,5073508.0
1539,2024-03-27,ABBV,181.0,182.3,180.3,182.1,5418687.0
1540,2024-03-31,ABBV,181.88,181.9,179.24,180.76,3502141.0
1541,2024-04-01,ABBV,179.39,181.03,178.51,180.69,4523931.0
1542,2024-04-02,ABBV,180.72,181.6,176.6,177.33,5892990.0
1543,2024-04-03,ABBV,177.65,177.7,167.45,167.9,10538991.0
1544,2024-04-04,ABBV,168.0,171.04,167.29,170.0,7030108.0
1545,2024-04-07,ABBV,169.21,171.97,168.4,169.8,4744996.0
1546,2024-04-08,ABBV,169.73,170.545,167.395,170.14,5933987.0
1547,2024-04-09,ABBV,168.59,169.96,167.36,169.03,3231664.0
1548,2024-04-10,ABBV,169.2,169.37,167.227,167.52,3307034.0
1549,2024-04-11,ABBV,164.45,164.45,160.0,162.28,7029475.0
1550,2024-04-14,ABBV,164.52,164.7,161.5,161.67,5433730.0
1551,2024-04-15,ABBV,162.18,163.74,162.0772,162.54,4881516.0
1552,2024-04-16,ABBV,164.15,164.74,163.23,164.25,4792382.0
1553,2024-04-17,ABBV,164.96,167.44,164.43,164.66,4480224.0
1554,2024-04-18,ABBV,165.02,166.6,163.25,166.41,5532492.0
1555,2024-04-21,ABBV,167.68,169.59,166.92,167.89,5580685.0
1556,2024-04-22,ABBV,168.59,170.365,168.22,169.54,4084105.0
1557,2024-04-23,ABBV,168.52,169.11,166.74,167.8,4074765.0
1558,2024-04-24,ABBV,167.66,169.29,165.57,167.29,5503656.0
1559,2024-04-25,ABBV,167.09,167.46,157.65,159.62,10721740.0
1560,2024-04-28,ABBV,159.59,161.55,158.56,161.52,6226196.0
1561,2024-04-29,ABBV,161.27,163.05,159.69,162.64,5484841.0
1562,2024-04-30,ABBV,162.09,163.6923,161.14,161.72,5178876.0
1563,2024-05-01,ABBV,162.17,162.44,158.12,160.81,5904251.0
1564,2024-05-02,ABBV,161.16,164.25,160.74,163.79,5850102.0
1565,2024-05-05,ABBV,164.41,164.6346,161.0,162.73,5834562.0
1566,2024-05-06,ABBV,163.36,163.99,161.89,162.55,5301668.0
1567,2024-05-07,ABBV,162.14,162.9,159.87,160.45,5906701.0
1568,2024-05-08,ABBV,160.805,161.32,160.02,160.4,3570072.0
1569,2024-05-09,ABBV,160.71,161.4399,160.35,160.75,3509603.0
1570,2024-05-12,ABBV,161.28,162.57,160.8,161.28,3505882.0
1571,2024-05-13,ABBV,161.65,162.25,159.715,161.59,4025032.0
1572,2024-05-14,ABBV,162.31,164.42,161.87,163.79,5261263.0
1573,2024-05-15,ABBV,163.45,164.93,162.18,164.35,4642038.0
1574,2024-05-16,ABBV,165.39,166.49,164.49,166.42,5152176.0
1575,2024-05-19,ABBV,166.01,166.42,164.41,164.56,3058702.0
1576,2024-05-20,ABBV,165.37,165.705,162.5,162.93,3645239.0
1577,2024-05-21,ABBV,161.57,161.94,159.18,159.61,6904915.0
1578,2024-05-22,ABBV,159.03,160.04,157.76,158.26,5672891.0
1579,2024-05-23,ABBV,158.36,158.78,156.36,157.06,3691730.0
1580,2024-05-27,ABBV,156.35,156.35,153.949,155.34,5533467.0
1581,2024-05-28,ABBV,154.89,156.38,153.68,154.79,4254540.0
1582,2024-05-29,ABBV,154.65,156.43,153.58,156.31,4311479.0
1583,2024-05-30,ABBV,156.65,161.64,156.2,161.24,15664434.0
1584,2024-06-02,ABBV,160.0,163.19,158.83,160.19,4467810.0
1585,2024-06-03,ABBV,160.19,162.81,159.77,162.14,4215545.0
1586,2024-06-04,ABBV,162.9,165.98,162.16,165.44,5100491.0
1587,2024-06-05,ABBV,165.49,168.88,164.35,168.57,5186713.0
1588,2024-06-06,ABBV,169.0,170.34,167.79,169.42,3781858.0
1589,2024-06-09,ABBV,169.0,170.75,167.69,170.46,4247645.0
1590,2024-06-10,ABBV,170.25,170.64,167.42,167.7,3790165.0
1591,2024-06-11,ABBV,167.875,168.535,165.03,166.09,4725634.0
1592,2024-06-12,ABBV,166.0,166.9,165.0,166.56,3690807.0
1593,2024-06-13,ABBV,166.47,169.24,166.0,168.59,4377638.0
1594,2024-06-16,ABBV,168.4,170.4,167.36,169.68,4075952.0
1595,2024-06-17,ABBV,170.44,173.01,169.87,171.36,4250883.0
1596,2024-06-19,ABBV,171.18,172.81,170.02,172.13,5847461.0
1597,2024-06-20,ABBV,172.7,172.93,169.59,170.39,12308051.0
1598,2024-06-23,ABBV,171.13,173.41,170.7,172.74,6249937.0
1599,2024-06-24,ABBV,172.1,173.41,170.62,170.75,5712698.0
1600,2024-06-25,ABBV,170.29,172.35,170.15,171.15,5576094.0
1601,2024-06-26,ABBV,171.29,171.555,167.75,168.99,5381953.0
1602,2024-06-27,ABBV,169.99,171.82,169.05,171.52,24463599.0
1603,2024-06-30,ABBV,171.27,173.88,169.535,170.37,5194744.0
1604,2024-07-01,ABBV,168.63,168.63,165.45,165.96,5965457.0
1605,2024-07-02,ABBV,166.09,167.1,163.52,163.84,3527612.0
1606,2024-07-04,ABBV,164.72,167.31,163.63,167.25,5978524.0
1607,2024-07-07,ABBV,166.54,167.717,165.62,166.52,3500155.0
1608,2024-07-08,ABBV,167.02,168.53,164.86,168.05,4224705.0
1609,2024-07-09,ABBV,167.45,168.45,166.1101,168.14,3887959.0
1610,2024-07-10,ABBV,167.52,170.35,167.35,169.91,3689530.0
1611,2024-07-11,ABBV,170.63,171.625,169.9,170.28,4133520.0
1612,2024-07-14,ABBV,168.91,170.365,167.42,168.03,2395181.0
1613,2024-07-15,ABBV,168.6,169.85,167.26,169.2,3829646.0
1614,2024-07-16,ABBV,169.51,175.74,169.51,175.27,6983160.0
1615,2024-07-17,ABBV,174.445,176.68,170.72,171.14,5957924.0
1616,2024-07-18,ABBV,173.67,173.845,171.22,172.32,4293624.0
1617,2024-07-21,ABBV,173.32,174.7299,172.0,173.61,4066954.0
1618,2024-07-22,ABBV,173.32,174.59,172.77,173.15,2933782.0
1619,2024-07-23,ABBV,173.2,176.6,172.95,176.21,6117697.0
1620,2024-07-24,ABBV,177.0,186.11,171.802,182.17,9442179.0
1621,2024-07-25,ABBV,183.45,186.85,182.11,185.16,6948832.0
1622,2024-07-28,ABBV,184.04,186.13,180.53,181.94,5458460.0
1623,2024-07-29,ABBV,183.59,187.71,182.6,186.78,6032165.0
1624,2024-07-30,ABBV,186.386,187.5,183.45,185.32,6473948.0
1625,2024-07-31,ABBV,187.77,190.9699,186.77,189.71,6595545.0
1626,2024-08-01,ABBV,190.98,193.91,186.46,189.29,6303909.0
1627,2024-08-04,ABBV,187.45,189.29,183.04,184.36,6459296.0
1628,2024-08-05,ABBV,185.43,187.82,183.08,185.71,4273301.0
1629,2024-08-06,ABBV,187.9,189.59,185.9775,187.51,6351130.0
1630,2024-08-07,ABBV,186.92,190.71,186.92,190.4,5744889.0
1631,2024-08-08,ABBV,190.78,191.01,188.1,189.93,3206539.0
1632,2024-08-11,ABBV,190.08,190.57,187.7,190.18,4808434.0
1633,2024-08-12,ABBV,190.56,191.94,189.377,191.23,3477320.0
1634,2024-08-13,ABBV,191.0,193.35,190.47,193.0,4153610.0
1635,2024-08-14,ABBV,194.49,194.99,191.29,193.4,4719856.0
1636,2024-08-15,ABBV,193.88,194.25,192.27,193.9,3675149.0
1637,2024-08-18,ABBV,193.4,197.18,193.35,196.87,4309277.0
1638,2024-08-19,ABBV,197.12,197.48,194.13,196.15,3631797.0
1639,2024-08-20,ABBV,196.44,197.335,195.67,196.53,4250492.0
1640,2024-08-21,ABBV,197.005,197.54,195.35,196.37,3676719.0
1641,2024-08-22,ABBV,197.25,197.98,196.2271,197.55,4720300.0
1642,2024-08-25,ABBV,197.56,197.9699,196.07,197.44,4182425.0
1643,2024-08-26,ABBV,197.99,198.3,195.18,195.92,2504553.0
1644,2024-08-27,ABBV,195.52,196.23,194.03,195.4,3910215.0
1645,2024-08-28,ABBV,196.0,196.44,193.85,195.18,4538372.0
1646,2024-08-29,ABBV,195.25,196.5,194.17,196.31,3820802.0
1647,2024-09-02,ABBV,196.14,199.95,196.095,197.69,4872587.0
1648,2024-09-03,ABBV,198.68,199.88,196.44,197.01,4214441.0
1649,2024-09-04,ABBV,196.96,197.13,192.16,192.86,5902786.0
1650,2024-09-05,ABBV,193.47,194.74,192.83,193.4,4312632.0
1651,2024-09-08,ABBV,194.97,196.61,193.94,196.42,3606983.0
1652,2024-09-09,ABBV,196.12,199.47,192.91,199.35,6333281.0
1653,2024-09-10,ABBV,197.68,197.68,193.418,194.59,4909292.0
1654,2024-09-11,ABBV,194.78,195.07,191.27,194.02,4165394.0
1655,2024-09-12,ABBV,193.86,194.59,191.81,194.21,2718268.0
1656,2024-09-15,ABBV,195.82,196.16,194.46,195.73,3235706.0
1657,2024-09-16,ABBV,194.8,196.075,191.82,193.45,3534110.0
1658,2024-09-17,ABBV,193.13,195.58,191.7776,192.94,3236829.0
1659,2024-09-18,ABBV,193.425,194.16,191.96,193.62,3929288.0
1660,2024-09-19,ABBV,193.0,193.821,192.13,193.47,11661191.0
1661,2024-09-22,ABBV,193.7,194.3,192.2,193.83,3177996.0
1662,2024-09-23,ABBV,192.95,195.21,191.5872,193.51,4286499.0
1663,2024-09-24,ABBV,194.0,194.57,190.96,191.26,5589494.0
1664,2024-09-25,ABBV,190.1,192.87,189.615,191.9,6215788.0
1665,2024-09-26,ABBV,192.6,196.13,190.27,194.79,4892025.0
1666,2024-09-29,ABBV,194.85,197.62,194.3669,197.48,4550849.0
1667,2024-09-30,ABBV,197.65,198.97,196.42,196.96,3924607.0
1668,2024-10-01,ABBV,195.66,197.0,194.45,196.82,2946883.0
1669,2024-10-02,ABBV,196.87,197.05,194.74,195.45,3453796.0
1670,2024-10-03,ABBV,195.1,195.64,193.045,194.29,4749856.0
1671,2024-10-06,ABBV,194.415,195.0918,192.835,193.61,5033832.0
1672,2024-10-07,ABBV,194.34,195.0,192.245,193.01,4419016.0
1673,2024-10-08,ABBV,192.85,194.885,191.95,194.75,4479107.0
1674,2024-10-09,ABBV,194.54,194.82,193.275,194.35,3562476.0
1675,2024-10-10,ABBV,195.0,195.2362,193.58,194.19,2973025.0
1676,2024-10-13,ABBV,194.24,196.34,193.662,195.65,3624123.0
1677,2024-10-14,ABBV,194.73,196.25,191.215,191.86,6553712.0
1678,2024-10-15,ABBV,190.45,191.035,188.73,190.46,5575983.0
1679,2024-10-16,ABBV,190.54,191.62,188.46,188.57,4419002.0
1680,2024-10-17,ABBV,188.97,189.69,188.164,188.86,5607902.0
1681,2024-10-20,ABBV,188.71,189.38,185.89,186.54,4496592.0
1682,2024-10-21,ABBV,186.32,189.1,186.23,188.76,4210359.0
1683,2024-10-22,ABBV,188.7,189.27,187.5,187.88,4267078.0
1684,2024-10-23,ABBV,188.43,190.47,188.17,189.65,6742024.0
1685,2024-10-24,ABBV,189.68,189.88,187.17,187.85,4017525.0
1686,2024-10-27,ABBV,188.09,190.14,187.52,189.68,5383733.0
1687,2024-10-28,ABBV,190.49,191.16,188.515,189.45,6131530.0
1688,2024-10-29,ABBV,191.62,202.3499,188.545,201.5,10396361.0
1689,2024-10-30,ABBV,201.97,207.32,201.42,203.87,8829278.0
1690,2024-10-31,ABBV,204.37,204.73,202.32,203.55,4493880.0
1691,2024-11-03,ABBV,203.79,204.24,200.22,200.47,3531804.0
1692,2024-11-04,ABBV,200.49,202.42,198.35,201.68,5109348.0
1693,2024-11-05,ABBV,205.79,206.15,200.85,201.2,7194757.0
1694,2024-11-06,ABBV,201.95,202.315,199.215,200.51,4520190.0
1695,2024-11-07,ABBV,201.155,201.8939,199.48,199.5,4596949.0
1696,2024-11-10,ABBV,178.57,178.57,172.7001,174.43,20760250.0
1697,2024-11-11,ABBV,176.01,176.63,171.03,171.09,10556977.0
1698,2024-11-12,ABBV,171.67,172.64,169.65,170.35,8483499.0
1699,2024-11-13,ABBV,170.0,171.62,168.59,169.63,8442546.0
1700,2024-11-14,ABBV,169.63,169.63,164.72,164.99,11265398.0
1701,2024-11-17,ABBV,165.62,166.74,164.8,166.28,8341413.0
1702,2024-11-18,ABBV,165.27,167.1,163.81,166.57,5245994.0
1703,2024-11-19,ABBV,166.91,167.91,165.65,167.76,7135608.0
1704,2024-11-20,ABBV,168.59,172.455,166.92,171.73,6847695.0
1705,2024-11-21,ABBV,174.34,178.864,173.5,176.95,11328616.0
1706,2024-11-24,ABBV,177.02,180.19,176.75,177.06,12464964.0
1707,2024-11-25,ABBV,177.09,181.65,176.67,181.14,6947512.0
1708,2024-11-26,ABBV,181.14,184.24,180.89,183.08,5271481.0
1709,2024-11-28,ABBV,183.14,183.54,182.5,182.93,2710732.0
1710,2024-12-01,ABBV,182.275,182.7,178.86,181.77,3936877.0
1711,2024-12-02,ABBV,182.28,183.51,181.48,181.5,4107553.0
1712,2024-12-03,ABBV,180.1,180.45,175.91,176.46,6125479.0
1713,2024-12-04,ABBV,174.98,176.72,173.53,176.17,5444240.0
1714,2024-12-05,ABBV,176.0,176.74,174.16,176.19,4839640.0
1715,2024-12-08,ABBV,175.59,178.13,174.38,176.57,4394811.0
1716,2024-12-09,ABBV,175.53,176.92,173.83,175.67,4089569.0
1717,2024-12-10,ABBV,175.96,176.0,173.84,174.37,9492204.0
1718,2024-12-11,ABBV,174.91,175.9061,171.99,173.19,4999451.0
1719,2024-12-12,ABBV,173.25,174.92,172.39,173.37,5471791.0
1720,2024-12-15,ABBV,171.674,173.34,170.53,171.63,8157926.0
1721,2024-12-16,ABBV,170.58,176.5,170.21,175.38,7664728.0
1722,2024-12-17,ABBV,176.03,176.5,172.82,173.02,5471574.0
1723,2024-12-18,ABBV,172.93,173.88,170.3411,171.52,6110511.0
1724,2024-12-19,ABBV,171.794,176.8,170.66,175.58,18950908.0
1725,2024-12-22,ABBV,175.29,178.65,174.63,178.39,6945621.0
1726,2024-12-23,ABBV,178.41,180.17,177.8408,180.0,2692814.0
1727,2024-12-25,ABBV,179.02,180.35,178.63,179.2,2759421.0
1728,2024-12-26,ABBV,177.92,179.66,177.29,178.01,2745373.0
1729,2024-12-29,ABBV,177.02,177.34,175.5101,176.2,3405687.0
1730,2024-12-30,ABBV,176.35,177.84,175.92,177.7,3326732.0
1731,2025-01-01,ABBV,178.66,179.78,177.9006,179.44,4094307.0
1732,2025-01-02,ABBV,179.66,181.57,178.8,181.22,4380336.0
1733,2025-01-05,ABBV,180.78,181.98,179.26,180.1,6302081.0
1734,2025-01-06,ABBV,179.63,182.1725,178.389,179.53,5905223.0
1735,2025-01-07,ABBV,179.2,179.24,176.18,178.5,4488519.0
1736,2025-01-09,ABBV,176.86,177.54,173.33,175.17,5372441.0
1737,2025-01-12,ABBV,175.16,177.98,174.34,176.74,4734094.0
1738,2025-01-13,ABBV,176.61,176.78,174.09,175.55,4779147.0
1739,2025-01-14,ABBV,173.515,174.46,168.72,171.35,8048736.0
1740,2025-01-15,ABBV,171.45,173.9567,170.52,173.7,5235975.0
1741,2025-01-16,ABBV,172.88,173.99,171.27,171.56,7852525.0
1742,2025-01-20,ABBV,172.16,175.66,171.22,172.61,7548666.0
1743,2025-01-21,ABBV,170.3,170.8684,168.06,169.2,9464994.0
1744,2025-01-22,ABBV,170.46,170.69,168.48,170.67,7116187.0
1745,2025-01-23,ABBV,169.32,171.11,169.25,170.3,5584924.0
1746,2025-01-26,ABBV,172.66,177.45,172.59,176.9,6985212.0
1747,2025-01-27,ABBV,176.8,177.16,173.73,174.81,5604051.0
1748,2025-01-28,ABBV,174.5,176.92,174.3,175.26,3748422.0
1749,2025-01-29,ABBV,176.01,176.12,173.98,175.65,5209206.0
1750,2025-01-30,ABBV,187.3,191.77,183.67,183.9,11928323.0
1751,2025-02-02,ABBV,183.18,191.66,182.15,190.14,9829956.0
1752,2025-02-03,ABBV,187.63,191.15,187.05,189.95,7377753.0
1753,2025-02-04,ABBV,190.52,193.38,189.92,191.75,6449920.0
1754,2025-02-05,ABBV,191.9,194.49,190.56,192.97,4586688.0
1755,2025-02-06,ABBV,193.16,193.86,190.435,190.6,3805940.0
1756,2025-02-09,ABBV,191.46,191.46,189.09,190.34,3685699.0
1757,2025-02-10,ABBV,189.8,191.93,188.26,191.83,3977033.0
1758,2025-02-11,ABBV,190.5,194.37,190.39,193.0,4525009.0
1759,2025-02-12,ABBV,194.28,194.28,191.43,193.45,4108920.0
1760,2025-02-13,ABBV,193.95,195.18,192.78,192.87,3976903.0
1761,2025-02-17,ABBV,192.0,197.02,190.6683,196.25,6065546.0
1762,2025-02-18,ABBV,196.79,198.11,196.01,197.35,4888865.0
1763,2025-02-19,ABBV,198.0,201.36,196.83,200.88,5066999.0
1764,2025-02-20,ABBV,200.32,203.975,200.015,202.08,5889360.0
1765,2025-02-23,ABBV,201.83,205.5,201.28,204.08,6304982.0
1766,2025-02-24,ABBV,205.175,206.01,202.35,204.14,7747037.0
1767,2025-02-25,ABBV,203.59,203.825,201.43,203.01,4767261.0
1768,2025-02-26,ABBV,203.06,206.8,202.25,205.02,5696853.0
1769,2025-02-27,ABBV,205.12,209.6,204.41,209.03,13136421.0
1770,2025-03-02,ABBV,209.98,212.3,208.91,211.48,7016425.0
1771,2025-03-03,ABBV,214.47,215.66,207.67,207.76,7553973.0
1772,2025-03-04,ABBV,207.07,212.18,206.0,211.54,5753191.0
1773,2025-03-05,ABBV,211.45,211.98,208.5044,210.75,4345958.0
1774,2025-03-06,ABBV,211.11,214.99,209.0,214.29,6806116.0
1775,2025-03-09,ABBV,209.99,218.66,209.2,216.66,8604021.0
1776,2025-03-10,ABBV,216.66,216.66,212.41,213.59,7144519.0
1777,2025-03-11,ABBV,212.0,213.87,209.31,212.06,6139777.0
1778,2025-03-12,ABBV,212.0,213.8,210.68,211.55,5559530.0
1779,2025-03-13,ABBV,209.78,212.82,208.285,211.77,4511554.0
1780,2025-03-16,ABBV,212.22,215.5,209.52,214.47,5075817.0
1781,2025-03-17,ABBV,214.47,215.18,212.27,213.85,5088300.0
1782,2025-03-18,ABBV,214.03,214.5,210.78,212.25,5413299.0
1783,2025-03-19,ABBV,213.01,213.42,211.11,211.96,5836059.0
1784,2025-03-20,ABBV,211.73,212.88,208.74,210.01,16657723.0
1785,2025-03-23,ABBV,209.39,211.02,207.5,209.17,7393756.0
1786,2025-03-24,ABBV,209.22,209.26,199.38,201.34,10089066.0
1787,2025-03-25,ABBV,203.115,203.115,196.49,201.3,6743496.0
1788,2025-03-26,ABBV,202.02,203.68,201.3,202.72,4995303.0
1789,2025-03-27,ABBV,202.73,206.02,201.59,205.29,6478272.0
1790,2025-03-30,ABBV,204.43,210.805,204.43,209.52,11093906.0
1791,2025-03-31,ABBV,210.52,212.15,205.6,206.27,7853225.0
1792,2025-04-01,ABBV,207.22,207.22,200.335,205.19,9262821.0
1793,2025-04-02,ABBV,210.3,210.69,201.24,201.64,7593125.0
1794,2025-04-03,ABBV,200.0,200.0,186.17,186.96,13505194.0
1795,2025-04-06,ABBV,181.03,188.2,176.28,186.55,12581054.0
1796,2025-04-07,ABBV,187.6,188.39,172.324,175.67,12517111.0
1797,2025-04-08,ABBV,168.3,180.6,164.39,179.84,18977764.0
1798,2025-04-09,ABBV,177.75,178.0,164.965,174.2,13969950.0
1799,2025-04-10,ABBV,173.81,176.97,169.3304,175.05,9047688.0
1800,2025-04-13,ABBV,177.44,180.19,176.2,179.1,7164364.0
1801,2025-04-14,ABBV,177.7,180.5,176.31,176.8,8078530.0
1802,2025-04-15,ABBV,176.525,176.85,169.7476,171.68,9459653.0
1803,2025-04-16,ABBV,172.57,175.2,171.9078,172.99,8998056.0
1804,2025-04-20,ABBV,173.47,174.1672,168.54,170.16,7364554.0
1805,2025-04-21,ABBV,171.08,174.655,170.91,173.78,6191935.0
1806,2025-04-22,ABBV,175.0,178.15,174.4,177.05,7119729.0
1807,2025-04-23,ABBV,177.61,181.49,176.11,180.37,8789373.0
1808,2025-04-24,ABBV,187.12,188.7,179.99,186.06,10482067.0
1809,2025-04-27,ABBV,188.0,193.12,187.635,192.34,10408020.0
1810,2025-04-28,ABBV,192.585,195.54,190.5813,193.51,6671567.0
1811,2025-04-29,ABBV,194.49,195.78,191.01,195.1,8400727.0
1812,2025-04-30,ABBV,192.88,195.815,189.8,193.34,5823568.0
1813,2025-05-01,ABBV,195.17,198.98,194.63,198.47,6425165.0
1814,2025-05-04,ABBV,198.47,198.495,195.03,196.07,5121472.0
1815,2025-05-05,ABBV,195.5,195.82,185.74,187.15,9392012.0
1816,2025-05-06,ABBV,188.17,190.18,186.75,188.09,5773879.0
1817,2025-05-07,ABBV,184.13,186.6615,181.64,185.58,8816708.0
1818,2025-05-08,ABBV,185.75,189.77,184.23,184.6,7806372.0
1819,2025-05-11,ABBV,180.0,192.69,180.0,190.07,12792682.0
1820,2025-05-12,ABBV,189.03,189.76,185.41,188.0,7523807.0
1821,2025-05-13,ABBV,186.515,187.645,176.6,177.44,12211957.0
1822,2025-05-14,ABBV,178.015,182.11,176.57,181.68,12073301.0
1823,2025-05-15,ABBV,181.3,184.07,180.52,184.02,6152806.0
1824,2025-05-18,ABBV,184.22,185.8,182.51,185.71,5216727.0
1825,2025-05-19,ABBV,184.86,186.0,183.635,184.85,5505377.0
1826,2025-05-20,ABBV,183.93,184.8099,181.54,181.8,5140901.0
1827,2025-05-21,ABBV,181.41,183.555,180.25,182.54,4689223.0
1828,2025-05-22,ABBV,182.37,184.115,181.715,183.26,4027044.0
1829,2025-05-26,ABBV,184.27,185.99,183.9,185.72,5726691.0
1830,2025-05-27,ABBV,185.35,186.1,182.37,183.09,4787790.0
1831,2025-05-28,ABBV,183.46,186.75,182.6881,185.62,4926034.0
1832,2025-05-29,ABBV,185.0,186.6899,183.01,186.11,11609036.0
1833,2025-06-01,ABBV,185.73,186.99,183.1601,186.99,4435629.0
1834,2025-06-02,ABBV,186.9,188.73,184.82,187.25,5335592.0
1835,2025-06-03,ABBV,188.41,190.18,187.27,187.34,4382380.0
1836,2025-06-04,ABBV,187.5,188.6,185.05,187.47,4418520.0
1837,2025-06-05,ABBV,188.49,190.49,188.3,189.83,3607927.0
1838,2025-06-08,ABBV,190.51,191.79,189.008,189.16,4661638.0
1839,2025-06-09,ABBV,189.04,191.88,188.8,189.5,4087503.0
1840,2025-06-10,ABBV,189.34,192.72,189.06,191.5,3907958.0
1841,2025-06-11,ABBV,192.2,193.5896,187.4078,192.42,5781429.0
1842,2025-06-12,ABBV,191.56,193.47,190.29,191.08,4965775.0
1843,2025-06-15,ABBV,190.9,191.6581,188.93,190.86,4203942.0
1844,2025-06-16,ABBV,189.16,190.61,185.03,185.48,4733885.0
1845,2025-06-17,ABBV,185.25,187.12,183.7,185.49,3573152.0
1846,2025-06-19,ABBV,186.09,187.1,184.16,185.3,12158103.0
1847,2025-06-22,ABBV,184.49,185.8,182.3,183.76,5157855.0
1848,2025-06-23,ABBV,184.52,186.1399,183.19,185.55,4074609.0
1849,2025-06-24,ABBV,185.3,187.09,184.64,185.39,4471108.0
1850,2025-06-25,ABBV,186.53,188.99,185.79,186.79,5734014.0
1851,2025-06-26,ABBV,187.9,188.0,181.73,182.31,29264650.0
1852,2025-06-29,ABBV,182.43,186.2499,181.75,185.62,6483021.0
1853,2025-06-30,ABBV,185.01,191.76,184.385,189.99,5937604.0
1854,2025-07-01,ABBV,189.7,192.59,189.53,190.75,4658511.0
1855,2025-07-02,ABBV,191.15,191.465,188.871,189.28,3706217.0
1856,2025-07-06,ABBV,189.44,191.39,186.825,187.63,11049426.0
1857,2025-07-07,ABBV,186.79,193.0,186.67,189.77,7106896.0
1858,2025-07-08,ABBV,188.5,191.0921,188.32,190.62,5594464.0
1859,2025-07-09,ABBV,190.5,197.5,189.56,195.0,6049615.0
1860,2025-07-10,ABBV,193.89,194.0,191.16,192.45,4990981.0
1861,2025-07-13,ABBV,191.72,192.665,190.04,191.52,4072779.0
1862,2025-07-14,ABBV,190.21,190.67,185.01,186.39,6729235.0
1863,2025-07-15,ABBV,186.92,191.385,186.5,190.58,6202725.0
1864,2025-07-16,ABBV,189.0,192.12,188.2609,191.4,4853051.0
1865,2025-07-17,ABBV,191.505,192.34,188.57,189.26,5332163.0
1866,2025-07-20,ABBV,189.62,189.9,184.63,184.85,4954794.0
1867,2025-07-21,ABBV,184.94,188.1992,184.9,187.11,4432061.0
1868,2025-07-22,ABBV,187.045,190.8,186.77,190.55,4344466.0
1869,2025-07-23,ABBV,190.76,192.24,189.99,190.83,3463089.0
1870,2025-07-24,ABBV,191.4,191.4,188.53,190.28,3786776.0
1871,2025-07-27,ABBV,191.21,191.21,187.64,188.52,3776900.0
1872,2025-07-28,ABBV,189.15,192.49,187.86,191.22,6715496.0
1873,2025-07-29,ABBV,191.77,192.7,188.01,189.31,5008390.0
1874,2025-07-30,ABBV,197.06,198.8256,187.62,189.02,10347929.0
1875,2025-07-31,ABBV,189.92,197.06,189.785,195.22,8081951.0
1876,2025-08-03,ABBV,194.81,197.37,193.72,197.19,4217462.0
1877,2025-08-04,ABBV,197.55,199.89,196.48,198.55,4153422.0
1878,2025-08-05,ABBV,197.23,198.05,194.67,196.3,4057267.0
1879,2025-08-06,ABBV,197.05,199.83,196.5,198.86,4683382.0
1880,2025-08-07,ABBV,199.08,200.33,197.14,198.05,4101771.0
1881,2025-08-10,ABBV,198.18,199.43,196.89,198.64,6068073.0
1882,2025-08-11,ABBV,198.09,200.02,197.05,198.64,3050118.0
1883,2025-08-12,ABBV,199.76,201.72,199.2108,201.47,3558497.0
1884,2025-08-13,ABBV,201.8,205.06,200.86,204.68,4635784.0
1885,2025-08-14,ABBV,205.91,206.84,204.32,206.69,4430974.0
1886,2025-08-17,ABBV,206.6,208.34,205.96,206.57,6083570.0
1887,2025-08-18,ABBV,206.53,207.8,205.1009,206.19,3975515.0
1888,2025-08-19,ABBV,206.65,211.6938,206.65,209.15,5782076.0
1889,2025-08-20,ABBV,209.14,212.45,208.87,209.5,5324170.0
1890,2025-08-21,ABBV,210.84,211.47,207.12,210.6,5516870.0
1891,2025-08-24,ABBV,210.3,211.2969,207.05,207.55,2796185.0
1892,2025-08-25,ABBV,207.52,208.58,206.57,208.36,3702929.0
1893,2025-08-26,ABBV,208.82,210.42,207.81,208.06,3459319.0
1894,2025-08-27,ABBV,207.65,208.01,205.4901,207.92,4523062.0
1895,2025-08-28,ABBV,208.0,211.0,207.9,210.4,4265008.0
1896,2025-09-01,ABBV,210.14,212.1599,208.99,211.92,4335496.0
1897,2025-09-02,ABBV,212.42,213.42,211.48,211.86,3973731.0
1898,2025-09-03,ABBV,212.25,214.19,211.66,213.0,3531768.0
1899,2025-09-04,ABBV,212.55,214.34,211.0,212.56,4465421.0
1900,2025-09-07,ABBV,210.99,212.0,207.6116,209.79,5525921.0
1901,2025-09-08,ABBV,209.53,210.72,209.12,210.42,3097114.0
1902,2025-09-09,ABBV,210.23,212.27,208.435,211.64,4520838.0
1903,2025-09-10,ABBV,220.35,221.765,216.75,220.22,7648085.0
1904,2025-09-11,ABBV,219.12,220.375,218.225,218.34,4419123.0
1905,2025-09-14,ABBV,219.6,219.6,214.31,217.61,5162389.0
1906,2025-09-15,ABBV,218.33,218.71,215.84,216.26,4251076.0
1907,2025-09-16,ABBV,219.1,221.55,217.3,220.81,5258357.0
1908,2025-09-17,ABBV,221.07,222.07,219.92,221.99,4445792.0
1909,2025-09-18,ABBV,222.415,223.49,221.585,222.47,14415107.0
1910,2025-09-21,ABBV,222.46,225.16,221.43,222.59,5990698.0
1911,2025-09-22,ABBV,222.01,224.4025,221.925,222.61,4630091.0
1912,2025-09-23,ABBV,222.0,222.2399,218.54,219.99,5074766.0
1913,2025-09-24,ABBV,220.1,222.26,218.03,218.54,6666028.0
1914,2025-09-25,ABBV,220.63,221.48,217.67,220.61,4185796.0
1915,2025-09-28,ABBV,220.75,223.24,219.79,223.16,4958361.0
1916,2025-09-29,ABBV,223.06,232.3525,222.565,231.54,9187338.0
1917,2025-09-30,ABBV,233.64,244.81,232.0,244.38,12243139.0
1918,2025-10-01,ABBV,240.89,242.67,234.52,236.56,8107666.0
1919,2025-10-02,ABBV,236.9,238.8396,233.71,233.91,6547632.0
1920,2025-10-05,ABBV,231.71,232.95,227.92,230.19,11940287.0
1921,2025-10-06,ABBV,231.29,234.08,227.59,232.83,4901000.0
1922,2025-10-07,ABBV,231.48,233.0,229.68,231.24,5413013.0
1923,2025-10-08,ABBV,233.27,233.79,230.62,230.69,4607869.0
1924,2025-10-09,ABBV,231.51,234.68,230.5,230.5,6156932.0
1925,2025-10-12,ABBV,230.0,233.805,229.2244,230.3,5411890.0
1926,2025-10-13,ABBV,228.07,230.65,227.51,229.13,5527553.0
1927,2025-10-14,ABBV,227.2,228.95,225.32,226.22,5459705.0
1928,2025-10-15,ABBV,226.22,228.11,225.46,226.87,4737529.0
1929,2025-10-16,ABBV,227.52,230.711,226.805,229.57,7150042.0
1930,2025-10-19,ABBV,231.0,232.26,230.0,232.06,5246946.0
1931,2025-10-20,ABBV,232.15,232.81,229.83,231.39,3298131.0
1932,2025-10-21,ABBV,231.67,232.16,228.43,228.68,3523765.0
1933,2025-10-22,ABBV,228.99,229.86,227.25,228.25,5818006.0
1934,2025-10-23,ABBV,228.78,229.04,226.25,227.99,3554688.0
1935,2025-10-26,ABBV,227.95,228.6,227.12,228.03,2784402.0
1936,2025-10-27,ABBV,227.0,228.4,224.31,227.54,3724183.0
1937,2025-10-28,ABBV,227.62,227.9999,224.04,225.14,5469686.0
1938,2025-10-29,ABBV,227.05,229.65,226.41,228.2,5020654.0
1939,2025-10-30,ABBV,223.0,223.87,216.0,218.04,10825326.0
1940,2025-11-02,ABBV,216.68,219.0,211.69,211.96,8874341.0
1941,2025-11-03,ABBV,212.37,217.08,212.37,215.89,6184010.0
1942,2025-11-04,ABBV,215.74,217.43,212.6,216.77,4928394.0
1943,2025-11-05,ABBV,215.89,219.684,215.65,219.04,6615338.0
1944,2025-11-06,ABBV,219.31,220.99,217.09,219.16,4647894.0
1945,2025-11-09,ABBV,217.0,219.86,216.1498,218.71,4530984.0
1946,2025-11-10,ABBV,219.0,225.42,219.0,225.17,4802442.0
1947,2025-11-11,ABBV,225.4,234.0,225.29,233.23,8583201.0
1948,2025-11-12,ABBV,233.74,239.29,232.16,232.29,7968822.0
1949,2025-11-13,ABBV,233.61,235.0,230.3201,232.36,5461523.0
1950,2025-11-16,ABBV,233.26,235.35,229.23,234.0,5023149.0
1951,2025-11-17,ABBV,235.0,237.19,232.1131,233.87,6232602.0
1952,2025-11-18,ABBV,233.54,238.15,230.36,232.91,7618431.0
1953,2025-11-19,ABBV,233.26,234.95,228.0,229.45,4283604.0
1954,2025-11-20,ABBV,230.545,238.01,230.14,236.28,8017597.0
1955,2025-11-23,ABBV,236.0,237.62,228.48,229.51,10225855.0
1956,2025-11-24,ABBV,230.32,234.08,230.31,231.8,7134461.0
1957,2025-11-25,ABBV,232.04,232.48,226.64,227.66,5921088.0
1958,2025-11-27,ABBV,226.85,228.09,225.51,227.7,2655563.0
1959,2025-11-30,ABBV,227.19,229.49,223.98,225.11,5208509.0
1960,2025-12-01,ABBV,224.82,226.6348,223.11,224.37,5096922.0
1961,2025-12-02,ABBV,224.84,230.79,224.52,230.24,4873263.0
1962,2025-12-03,ABBV,230.11,230.94,227.59,228.71,3733100.0
1963,2025-12-04,ABBV,228.93,229.25,225.05,226.08,3985199.0
1964,2025-12-07,ABBV,226.08,226.12,222.39,223.12,4006095.0
1965,2025-12-08,ABBV,223.89,224.82,220.2301,222.99,4268052.0
1966,2025-12-09,ABBV,225.0,225.98,221.0,225.18,8735154.0
1967,2025-12-10,ABBV,225.54,225.96,222.24,223.98,4170630.0
1968,2025-12-11,ABBV,223.685,223.82,221.1,223.32,5467638.0
1969,2025-12-14,ABBV,224.235,228.3,223.56,227.45,5972176.0
1970,2025-12-15,ABBV,226.41,226.84,221.91,223.67,6405940.0
1971,2025-12-16,ABBV,223.88,226.41,222.86,224.31,5243829.0
1972,2025-12-17,ABBV,224.0,226.26,222.79,222.82,4760352.0
1973,2025-12-18,ABBV,222.945,229.47,222.35,226.82,18968826.0
1974,2025-12-21,ABBV,226.11,228.65,224.25,227.91,4828087.0
1975,2025-12-22,ABBV,228.22,230.79,227.91,228.79,3612223.0
1976,2025-12-23,ABBV,229.46,230.8,228.9801,229.89,1744910.0
1977,2025-12-25,ABBV,229.82,230.605,228.68,229.98,1594000.0
1978,2025-12-28,ABBV,230.15,232.015,229.74,230.84,3803117.0
1979,2025-12-29,ABBV,230.77,231.205,228.62,229.74,2347973.0
1980,2025-12-30,ABBV,229.74,230.25,228.43,228.49,3197147.0
1981,2026-01-01,ABBV,228.74,230.74,225.71,229.31,3336885.0
1982,2026-01-04,ABBV,227.0,227.2425,217.86,220.18,9341301.0
1983,2026-01-05,ABBV,219.75,224.2,219.55,223.93,9151710.0
1984,2026-01-06,ABBV,225.24,237.04,224.74,233.42,10285385.0
1985,2026-01-07,ABBV,231.125,231.54,223.1225,224.13,9365855.0
1986,2026-01-08,ABBV,223.75,225.12,219.0,220.08,6714160.0
1987,2026-01-11,ABBV,221.19,222.49,218.39,220.04,6546141.0
1988,2026-01-12,ABBV,219.53,220.75,215.85,220.75,4872602.0
1989,2026-01-13,ABBV,221.0,223.3383,217.0,221.89,8426842.0
1990,2026-01-14,ABBV,222.52,223.03,215.83,216.75,6954243.0
1991,2026-01-15,ABBV,215.61,217.345,213.88,214.35,8649746.0
1992,2026-01-19,ABBV,211.695,214.04,209.96,214.04,8251436.0
1993,2026-01-20,ABBV,212.47,218.0,211.57,216.15,10727118.0
1994,2026-01-21,ABBV,216.28,219.05,214.76,218.11,5650881.0
1995,2026-01-22,ABBV,217.26,219.82,215.88,219.26,5816700.0
1996,2024-01-28,ACN,370.52,375.425,370.08,373.35,1683157.0
1997,2024-01-29,ACN,374.0,375.245,370.98,371.3,1849667.0
1998,2024-01-30,ACN,371.0,372.72,363.4434,363.88,2320257.0
1999,2024-01-31,ACN,364.0,371.2125,363.45,370.91,1500135.0
2000,2024-02-01,ACN,372.19,374.81,369.48,372.95,1590488.0
2001,2024-02-04,ACN,372.5,374.0,369.07,370.34,1787377.0
2002,2024-02-05,ACN,370.52,371.71,362.4,364.7,4012319.0
2003,2024-02-06,ACN,365.0,369.92,364.115,366.65,2531941.0
2004,2024-02-07,ACN,367.68,369.47,366.915,368.48,1680009.0
2005,2024-02-08,ACN,369.25,372.48,367.95,371.67,1482651.0
2006,2024-02-11,ACN,369.49,370.4,366.18,367.43,1325023.0
2007,2024-02-12,ACN,361.41,365.76,360.0,362.81,1697041.0
2008,2024-02-13,ACN,366.24,371.19,366.24,370.98,2114618.0
2009,2024-02-14,ACN,372.59,374.56,370.14,371.51,2358868.0
2010,2024-02-15,ACN,372.3,373.43,368.345,369.48,2410212.0
2011,2024-02-19,ACN,369.88,370.0001,361.44,362.95,1631068.0
2012,2024-02-20,ACN,360.34,362.38,358.97,360.91,1758019.0
2013,2024-02-21,ACN,369.72,372.19,368.4,371.31,1614699.0
2014,2024-02-22,ACN,373.99,377.97,372.825,377.32,1614704.0
2015,2024-02-25,ACN,376.86,380.3,376.86,377.48,1454956.0
2016,2024-02-26,ACN,377.0,379.75,374.9,377.91,1083367.0
2017,2024-02-27,ACN,378.24,379.49,375.2056,378.03,1264183.0
2018,2024-02-28,ACN,380.4,380.4,374.15,374.78,3329518.0
2019,2024-02-29,ACN,375.8,382.0,375.8,380.99,2110504.0
2020,2024-03-03,ACN,382.31,386.98,381.61,383.71,1642957.0
2021,2024-03-04,ACN,381.54,384.16,373.96,376.88,1539453.0
2022,2024-03-05,ACN,380.0,383.06,377.8,380.83,1451235.0
2023,2024-03-06,ACN,384.65,387.51,383.7,386.91,1564463.0
2024,2024-03-07,ACN,386.69,387.5055,377.73,378.17,1641160.0
2025,2024-03-10,ACN,374.38,375.56,367.07,373.22,2220098.0
2026,2024-03-11,ACN,375.0,382.42,374.85,380.48,1793731.0
2027,2024-03-12,ACN,379.5,381.18,377.71,378.72,1635918.0
2028,2024-03-13,ACN,380.98,381.49,376.56,378.21,1706827.0
2029,2024-03-14,ACN,368.79,375.14,366.87,374.6,3865405.0
2030,2024-03-17,ACN,378.76,378.935,372.18,372.67,2164355.0
2031,2024-03-18,ACN,373.49,378.33,371.025,378.08,2062912.0
2032,2024-03-19,ACN,378.03,381.27,375.2,380.44,2877633.0
2033,2024-03-20,ACN,363.99,369.03,342.28,345.03,9574841.0
2034,2024-03-21,ACN,350.33,350.47,335.79,337.5,5899597.0
2035,2024-03-24,ACN,336.01,336.01,329.69,333.82,5320123.0
2036,2024-03-25,ACN,335.14,337.84,334.34,336.39,3006558.0
2037,2024-03-26,ACN,337.88,342.36,337.88,340.94,3295226.0
2038,2024-03-27,ACN,341.42,346.98,340.84,346.61,3614949.0
2039,2024-03-31,ACN,344.86,345.0,338.065,339.17,2320290.0
2040,2024-04-01,ACN,336.67,338.88,333.0,336.46,2453410.0
2041,2024-04-02,ACN,336.24,337.19,331.89,332.28,1975675.0
2042,2024-04-03,ACN,334.12,337.99,330.17,330.47,2272998.0
2043,2024-04-04,ACN,331.53,333.82,330.33,333.0,3694783.0
2044,2024-04-07,ACN,334.03,335.0,331.68,331.8,2431946.0
2045,2024-04-08,ACN,333.65,334.87,329.82,334.45,2416637.0
2046,2024-04-09,ACN,328.35,329.52,323.64,324.4,2156676.0
2047,2024-04-10,ACN,326.05,327.0,323.26,325.19,2204402.0
2048,2024-04-11,ACN,320.97,322.5,313.19,315.4,4207862.0
2049,2024-04-14,ACN,316.05,321.6,312.18,313.27,2997919.0
2050,2024-04-15,ACN,315.14,315.64,311.84,313.94,2900382.0
2051,2024-04-16,ACN,316.87,317.02,312.61,314.54,2760011.0
2052,2024-04-17,ACN,312.63,317.77,312.01,316.0,3025199.0
2053,2024-04-18,ACN,317.86,318.55,314.6,316.88,3381612.0
2054,2024-04-21,ACN,318.54,319.06,315.5,317.42,2433374.0
2055,2024-04-22,ACN,318.48,319.81,316.49,316.83,2000291.0
2056,2024-04-23,ACN,315.84,315.84,310.69,313.54,4133828.0
2057,2024-04-24,ACN,309.19,310.2439,305.35,309.0,3638978.0
2058,2024-04-25,ACN,309.41,309.49,307.27,308.01,3371848.0
2059,2024-04-28,ACN,307.06,308.615,302.5,303.16,4719334.0
2060,2024-04-29,ACN,302.0,303.01,299.68,300.91,5224952.0
2061,2024-04-30,ACN,300.13,303.49,298.1,298.66,2617356.0
2062,2024-05-01,ACN,300.76,303.33,298.27,300.34,2684185.0
2063,2024-05-02,ACN,302.52,304.96,301.671,303.71,2767141.0
2064,2024-05-05,ACN,305.17,306.79,303.27,306.06,2361453.0
2065,2024-05-06,ACN,307.9,312.145,307.6006,310.66,2483629.0
2066,2024-05-07,ACN,310.12,313.4,310.12,311.99,2296394.0
2067,2024-05-08,ACN,307.0,308.205,302.92,306.61,3238246.0
2068,2024-05-09,ACN,308.0,309.26,306.06,306.33,1786950.0
2069,2024-05-12,ACN,308.15,308.8,306.88,307.41,1695055.0
2070,2024-05-13,ACN,308.9,312.29,306.22,306.95,1813613.0
2071,2024-05-14,ACN,305.0,308.52,301.44,308.52,4230864.0
2072,2024-05-15,ACN,309.66,310.59,306.75,308.0,2583058.0
2073,2024-05-16,ACN,309.74,310.0,300.01,303.59,4232001.0
2074,2024-05-19,ACN,303.51,307.07,301.61,305.7,2418094.0
2075,2024-05-20,ACN,306.79,307.15,302.96,303.64,1866555.0
2076,2024-05-21,ACN,303.96,308.19,303.69,307.11,2432422.0
2077,2024-05-22,ACN,310.14,310.99,304.5601,305.93,2526304.0
2078,2024-05-23,ACN,306.89,307.46,300.335,300.99,2048661.0
2079,2024-05-27,ACN,299.37,300.32,295.82,297.73,3530301.0
2080,2024-05-28,ACN,294.15,296.0996,291.01,293.77,4479999.0
2081,2024-05-29,ACN,289.97,290.5,284.29,284.8,5007994.0
2082,2024-05-30,ACN,284.8,285.39,278.69,282.29,6882088.0
2083,2024-06-02,ACN,286.35,287.52,280.71,281.76,3596609.0
2084,2024-06-03,ACN,281.76,288.88,280.34,288.06,3498601.0
2085,2024-06-04,ACN,288.26,292.31,288.06,291.02,3002215.0
2086,2024-06-05,ACN,291.2,293.87,290.6,291.74,2363205.0
2087,2024-06-06,ACN,291.44,291.81,288.15,288.4,2626974.0
2088,2024-06-09,ACN,287.38,290.52,287.0,290.43,2510107.0
2089,2024-06-10,ACN,290.12,294.31,288.79,294.22,2457624.0
2090,2024-06-11,ACN,291.63,294.15,285.44,285.73,3749585.0
2091,2024-06-12,ACN,287.67,289.5471,282.09,282.32,3119248.0
2092,2024-06-13,ACN,281.41,286.95,280.71,286.71,2966211.0
2093,2024-06-16,ACN,286.23,288.6,283.95,285.53,3559587.0
2094,2024-06-17,ACN,285.31,289.91,284.39,285.35,5314911.0
2095,2024-06-19,ACN,314.63,317.73,298.0,306.16,11374572.0
2096,2024-06-20,ACN,307.03,310.35,302.58,308.98,8481762.0
2097,2024-06-23,ACN,305.36,312.37,304.68,307.21,4399601.0
2098,2024-06-24,ACN,307.98,309.9997,305.43,307.17,4498741.0
2099,2024-06-25,ACN,299.92,305.74,299.43,304.62,3162079.0
2100,2024-06-26,ACN,305.0,305.465,301.46,303.19,3162199.0
2101,2024-06-27,ACN,303.54,305.545,301.65,303.41,14905693.0
2102,2024-06-30,ACN,303.73,304.36,299.6,302.55,2411300.0
2103,2024-07-01,ACN,300.93,304.0,300.93,303.83,2177192.0
2104,2024-07-02,ACN,304.75,306.89,303.975,305.75,1751215.0
2105,2024-07-04,ACN,304.91,305.7,297.68,299.14,3158944.0
2106,2024-07-07,ACN,300.46,301.95,295.6002,299.47,2557914.0
2107,2024-07-08,ACN,299.09,299.15,294.4775,298.06,2479254.0
2108,2024-07-09,ACN,296.9,298.0,290.5306,295.44,2283455.0
2109,2024-07-10,ACN,295.44,302.18,293.98,297.99,2988052.0
2110,2024-07-11,ACN,299.59,312.02,299.03,310.63,3951627.0
2111,2024-07-14,ACN,312.67,319.37,312.67,317.87,3866301.0
2112,2024-07-15,ACN,318.38,325.15,318.03,325.0,3640693.0
2113,2024-07-16,ACN,325.95,328.57,323.62,325.6,4383856.0
2114,2024-07-17,ACN,329.41,336.25,327.84,328.1,4563719.0
2115,2024-07-18,ACN,331.09,335.79,327.7065,329.19,5376237.0
2116,2024-07-21,ACN,330.72,332.82,329.7228,331.51,3419315.0
2117,2024-07-22,ACN,331.43,332.2,327.97,330.33,1994169.0
2118,2024-07-23,ACN,329.38,332.54,328.135,328.68,3286450.0
2119,2024-07-24,ACN,325.59,335.69,323.34,330.12,2764639.0
2120,2024-07-25,ACN,325.92,329.81,325.211,328.46,2438247.0
2121,2024-07-28,ACN,328.66,328.98,323.87,326.2,1629266.0
2122,2024-07-29,ACN,327.49,330.4499,326.95,329.2,1985465.0
2123,2024-07-30,ACN,331.64,333.93,329.042,330.62,2606401.0
2124,2024-07-31,ACN,333.88,338.92,326.42,328.08,2538193.0
2125,2024-08-01,ACN,324.99,326.68,320.35,323.15,2682736.0
2126,2024-08-04,ACN,311.61,317.87,310.23,313.74,3186698.0
2127,2024-08-05,ACN,317.0,322.66,315.72,318.68,2284261.0
2128,2024-08-06,ACN,319.95,325.74,317.93,318.02,2327705.0
2129,2024-08-07,ACN,315.3,319.51,314.47,315.88,2213725.0
2130,2024-08-08,ACN,316.2,317.32,313.2201,315.83,1851305.0
2131,2024-08-11,ACN,315.47,317.4699,312.74,313.96,2276546.0
2132,2024-08-12,ACN,316.11,320.18,315.13,319.33,2269581.0
2133,2024-08-13,ACN,320.0,322.07,318.02,319.83,1404627.0
2134,2024-08-14,ACN,322.28,325.21,321.94,325.13,2271669.0
2135,2024-08-15,ACN,324.91,327.705,323.27,326.92,2292799.0
2136,2024-08-18,ACN,327.56,330.43,327.0,329.44,1678267.0
2137,2024-08-19,ACN,329.93,330.57,328.05,330.37,1790106.0
2138,2024-08-20,ACN,330.84,333.66,330.54,333.6,1233957.0
2139,2024-08-21,ACN,333.89,334.07,329.65,330.57,1679226.0
2140,2024-08-22,ACN,331.66,333.76,329.67,333.27,1518702.0
2141,2024-08-25,ACN,333.08,337.21,331.77,336.78,1692174.0
2142,2024-08-26,ACN,335.18,340.99,335.0,340.38,2154150.0
2143,2024-08-27,ACN,340.56,343.6,335.11,337.39,1527981.0
2144,2024-08-28,ACN,340.25,343.87,338.97,340.21,1612584.0
2145,2024-08-29,ACN,341.0,343.45,338.64,341.95,2004144.0
2146,2024-09-02,ACN,341.36,345.54,339.67,341.88,2049328.0
2147,2024-09-03,ACN,340.0,344.91,338.98,343.99,1478410.0
2148,2024-09-04,ACN,344.22,344.45,339.5,340.93,1195275.0
2149,2024-09-05,ACN,340.7,342.4432,336.76,339.84,1613563.0
2150,2024-09-08,ACN,340.63,342.25,339.09,341.81,1569422.0
2151,2024-09-09,ACN,343.81,348.0,342.22,347.7,1655717.0
2152,2024-09-10,ACN,346.36,350.72,342.24,350.31,2121785.0
2153,2024-09-11,ACN,350.48,352.42,345.2,349.89,2182279.0
2154,2024-09-12,ACN,351.1,351.4299,348.7945,349.58,1812013.0
2155,2024-09-15,ACN,350.84,354.98,349.63,354.12,2536398.0
2156,2024-09-16,ACN,355.1,355.28,336.31,337.04,4528964.0
2157,2024-09-17,ACN,335.0,339.0,332.96,336.18,2150899.0
2158,2024-09-18,ACN,340.0,340.38,332.23,335.24,2645896.0
2159,2024-09-19,ACN,332.32,336.35,331.87,336.22,5231021.0
2160,2024-09-22,ACN,337.38,339.44,334.05,339.21,1998526.0
2161,2024-09-23,ACN,337.94,340.62,335.28,339.62,2842859.0
2162,2024-09-24,ACN,335.14,339.75,334.16,337.05,3552701.0
2163,2024-09-25,ACN,355.01,363.99,349.7,355.81,4454991.0
2164,2024-09-26,ACN,356.33,358.34,349.3,349.7,2575382.0
2165,2024-09-29,ACN,348.5,354.06,347.72,353.48,2425021.0
2166,2024-09-30,ACN,354.99,354.99,349.9,351.98,1827309.0
2167,2024-10-01,ACN,352.71,357.19,351.34,356.29,2421257.0
2168,2024-10-02,ACN,359.55,364.45,359.325,361.24,3646268.0
2169,2024-10-03,ACN,364.2,367.79,359.8232,362.24,2131552.0
2170,2024-10-06,ACN,360.0,362.0,355.85,356.8,1536791.0
2171,2024-10-07,ACN,359.53,360.65,357.52,360.38,2348284.0
2172,2024-10-08,ACN,360.98,366.46,360.77,365.08,2046441.0
2173,2024-10-09,ACN,363.56,364.47,358.9101,361.07,2088152.0
2174,2024-10-10,ACN,362.52,363.4,360.06,360.74,1436631.0
2175,2024-10-13,ACN,361.58,365.62,361.1601,364.6,2255799.0
2176,2024-10-14,ACN,365.43,371.0,365.43,368.66,2956109.0
2177,2024-10-15,ACN,365.69,372.87,364.88,372.26,2110724.0
2178,2024-10-16,ACN,373.0,375.51,371.78,375.15,1906904.0
2179,2024-10-17,ACN,375.51,377.33,373.65,376.86,1893296.0
2180,2024-10-20,ACN,375.0,377.34,374.21,376.03,1785135.0
2181,2024-10-21,ACN,374.62,374.86,371.13,371.79,1740279.0
2182,2024-10-22,ACN,370.84,372.48,368.225,370.63,2211832.0
2183,2024-10-23,ACN,367.5,373.44,363.75,364.23,2311975.0
2184,2024-10-24,ACN,364.0,365.445,359.5911,360.8,2129390.0
2185,2024-10-27,ACN,364.0,366.99,360.39,361.32,2717787.0
2186,2024-10-28,ACN,360.91,365.08,359.05,363.04,2643029.0
2187,2024-10-29,ACN,358.0,358.83,345.34,346.57,3916762.0
2188,2024-10-30,ACN,344.63,347.86,342.62,344.82,3078198.0
2189,2024-10-31,ACN,346.94,347.9499,344.83,345.67,2579809.0
2190,2024-11-03,ACN,345.26,346.6751,341.58,343.9,1931315.0
2191,2024-11-04,ACN,342.79,347.4199,342.21,345.49,1554297.0
2192,2024-11-05,ACN,355.9,357.23,353.0,356.13,3009729.0
2193,2024-11-06,ACN,358.0,362.0,356.29,360.71,2250537.0
2194,2024-11-07,ACN,360.77,362.76,355.12,355.53,2289531.0
2195,2024-11-10,ACN,355.0,360.64,354.1,357.3,2985383.0
2196,2024-11-11,ACN,357.64,362.13,356.95,360.61,3233662.0
2197,2024-11-12,ACN,359.54,370.64,359.04,370.22,3353988.0
2198,2024-11-13,ACN,371.38,372.0,361.025,362.07,3503239.0
2199,2024-11-14,ACN,360.28,360.31,348.85,353.57,3624539.0
2200,2024-11-17,ACN,353.57,355.4999,351.82,352.79,1760084.0
2201,2024-11-18,ACN,351.25,353.97,349.99,353.95,2447247.0
2202,2024-11-19,ACN,353.71,357.33,351.65,357.07,1792718.0
2203,2024-11-20,ACN,359.52,363.5,358.31,361.05,2240117.0
2204,2024-11-21,ACN,358.24,364.64,357.28,358.66,2211127.0
2205,2024-11-24,ACN,360.0,364.15,358.5,361.29,3054821.0
2206,2024-11-25,ACN,361.99,364.53,360.62,363.18,2106328.0
2207,2024-11-26,ACN,364.08,365.67,360.88,362.16,1657040.0
2208,2024-11-28,ACN,360.15,365.0,360.0,362.37,1311278.0
2209,2024-12-01,ACN,362.77,363.36,356.96,361.38,2445661.0
2210,2024-12-02,ACN,348.8,354.335,346.62,352.54,3044981.0
2211,2024-12-03,ACN,353.67,362.11,353.105,360.03,2074025.0
2212,2024-12-04,ACN,356.07,358.9,354.89,358.13,1821291.0
2213,2024-12-05,ACN,365.3,371.88,361.55,362.7,2332307.0
2214,2024-12-08,ACN,360.45,366.0,358.1,359.5,2185184.0
2215,2024-12-09,ACN,358.52,366.35,357.089735,362.9,2157906.0
2216,2024-12-10,ACN,363.85,366.59,363.43,363.84,1541560.0
2217,2024-12-11,ACN,361.31,362.0,355.4,360.18,1834173.0
2218,2024-12-12,ACN,359.58,360.7626,356.25,358.68,1808745.0
2219,2024-12-15,ACN,359.55,361.02,356.45,357.06,2306717.0
2220,2024-12-16,ACN,357.36,358.4799,353.02,357.3,2479098.0
2221,2024-12-17,ACN,357.3,359.4,347.12,347.61,3232909.0
2222,2024-12-18,ACN,365.0,376.91,363.1934,372.16,6075459.0
2223,2024-12-19,ACN,370.7,372.07,362.0,366.37,7013200.0
2224,2024-12-22,ACN,360.58,362.96,355.73,358.77,3549390.0
2225,2024-12-23,ACN,359.95,361.95,358.54,361.63,1075396.0
2226,2024-12-25,ACN,360.35,361.95,359.07,360.43,910457.0
2227,2024-12-26,ACN,358.78,360.43,354.0,356.18,1195720.0
2228,2024-12-29,ACN,352.61,354.63,349.2301,352.49,1490172.0
2229,2024-12-30,ACN,354.98,355.08,350.4318,351.79,1748650.0
2230,2025-01-01,ACN,353.1,354.81,346.11,348.82,2255167.0
2231,2025-01-02,ACN,350.0,354.82,349.09,353.85,2029853.0
2232,2025-01-05,ACN,352.81,354.49,349.65,351.33,2356428.0
2233,2025-01-06,ACN,355.35,363.22,353.81,356.39,4663137.0
2234,2025-01-07,ACN,361.0,363.5975,355.345,357.73,2217337.0
2235,2025-01-09,ACN,355.03,358.0,348.74,349.79,2830056.0
2236,2025-01-12,ACN,345.13,350.91,344.37,349.14,2711293.0
2237,2025-01-13,ACN,351.21,352.52,345.6275,348.99,1825402.0
2238,2025-01-14,ACN,352.35,355.1975,349.055,349.73,2624034.0
2239,2025-01-15,ACN,349.11,353.25,347.0,350.56,2025844.0
2240,2025-01-16,ACN,354.92,357.0,351.91,352.59,4064786.0
2241,2025-01-20,ACN,349.25,356.86,348.0,356.42,3098800.0
2242,2025-01-21,ACN,358.24,360.17,354.835,359.11,3155962.0
2243,2025-01-22,ACN,358.09,363.32,357.6543,363.26,2111099.0
2244,2025-01-23,ACN,362.14,364.0,360.15,362.41,1827829.0
2245,2025-01-26,ACN,359.32,373.85,358.925,373.15,3855922.0
2246,2025-01-27,ACN,372.0,382.015,370.75,378.39,4052934.0
2247,2025-01-28,ACN,379.87,381.9,373.18,374.42,2345609.0
2248,2025-01-29,ACN,378.0,385.9069,376.72,380.75,2218868.0
2249,2025-01-30,ACN,380.75,387.0,379.64,384.95,3106584.0
2250,2025-02-02,ACN,381.14,386.6581,378.54,385.21,2792940.0
2251,2025-02-03,ACN,381.51,392.45,380.55,391.62,3166584.0
2252,2025-02-04,ACN,390.82,398.35,390.418,398.25,3463369.0
2253,2025-02-05,ACN,395.2,397.88,385.92,387.34,2828177.0
2254,2025-02-06,ACN,389.0,390.5299,385.36,385.98,2437376.0
2255,2025-02-09,ACN,388.24,390.0,385.19,386.89,1771588.0
2256,2025-02-10,ACN,385.0,390.35,383.885,390.01,2121376.0
2257,2025-02-11,ACN,386.05,391.51,386.0,388.83,2251324.0
2258,2025-02-12,ACN,388.61,390.91,384.73,389.53,3387284.0
2259,2025-02-13,ACN,390.0,391.0,387.43,388.0,2024720.0
2260,2025-02-17,ACN,384.63,390.49,381.4901,387.56,3701100.0
2261,2025-02-18,ACN,385.99,392.02,384.44,390.22,1438209.0
2262,2025-02-19,ACN,387.87,390.0,384.25,384.84,2252397.0
2263,2025-02-20,ACN,380.0,382.77,363.93,364.26,3751685.0
2264,2025-02-23,ACN,364.41,366.93,361.06,363.91,2755807.0
2265,2025-02-24,ACN,361.08,365.58,359.5,362.95,1947670.0
2266,2025-02-25,ACN,362.7,363.01,356.86,358.35,2267552.0
2267,2025-02-26,ACN,358.05,361.62,355.37,356.87,2735432.0
2268,2025-02-27,ACN,357.15,359.135,342.41,348.5,5768387.0
2269,2025-03-02,ACN,349.42,351.99,343.01,344.99,3011081.0
2270,2025-03-03,ACN,342.18,349.24,342.0,345.78,3156307.0
2271,2025-03-04,ACN,345.22,348.8,343.46,348.26,2578507.0
2272,2025-03-05,ACN,344.52,347.1,339.8221,341.84,3467603.0
2273,2025-03-06,ACN,339.0,342.89,335.91,342.18,4459864.0
2274,2025-03-09,ACN,338.89,339.9,332.525,335.3,3454769.0
2275,2025-03-10,ACN,333.08,334.43,325.55,327.79,3389995.0
2276,2025-03-11,ACN,328.5,330.0,322.89,324.33,3086325.0
2277,2025-03-12,ACN,323.69,323.69,314.61,317.07,3667673.0
2278,2025-03-13,ACN,316.41,318.9,314.2914,318.82,4086087.0
2279,2025-03-16,ACN,320.0,326.73,319.6,325.71,3518232.0
2280,2025-03-17,ACN,323.64,325.05,319.49,324.07,2811562.0
2281,2025-03-18,ACN,325.19,326.73,321.07,324.47,4314143.0
2282,2025-03-19,ACN,296.15,306.85,291.51,300.91,10699545.0
2283,2025-03-20,ACN,298.05,305.6,295.58,305.32,11735270.0
2284,2025-03-23,ACN,308.1,310.46,305.18,307.18,3793173.0
2285,2025-03-24,ACN,307.55,312.47,305.42,308.9,3890352.0
2286,2025-03-25,ACN,309.03,312.75,309.02,311.16,3669823.0
2287,2025-03-26,ACN,309.22,313.0,307.48,308.53,2871044.0
2288,2025-03-27,ACN,308.38,310.07,303.8441,304.33,2377611.0
2289,2025-03-30,ACN,302.445,313.105,300.4,312.04,5511930.0
2290,2025-03-31,ACN,311.6,316.02,310.98,313.58,3503908.0
2291,2025-04-01,ACN,309.75,318.0,309.75,316.33,4122954.0
2292,2025-04-02,ACN,308.0,311.79,300.97,301.46,3614753.0
2293,2025-04-03,ACN,296.8,299.05,284.6,285.06,4658969.0
2294,2025-04-06,ACN,278.94,293.035,275.0096,284.72,6333638.0
2295,2025-04-07,ACN,290.29,293.03,276.675,281.39,4730814.0
2296,2025-04-08,ACN,280.0,300.45,278.92,299.94,6702221.0
2297,2025-04-09,ACN,292.47,296.1,278.34,285.22,4578592.0
2298,2025-04-10,ACN,282.58,286.3014,276.73,284.34,5019507.0
2299,2025-04-13,ACN,289.92,293.26,286.635,289.79,3299370.0
2300,2025-04-14,ACN,288.91,292.08,287.34,288.66,3273310.0
2301,2025-04-15,ACN,289.45,292.5,283.74,285.24,3183916.0
2302,2025-04-16,ACN,285.52,286.67,281.765,282.35,2321537.0
2303,2025-04-20,ACN,282.34,282.34,275.975,279.23,2835510.0
2304,2025-04-21,ACN,281.4,285.1,280.15,283.96,2499900.0
2305,2025-04-22,ACN,294.65,296.94,286.9715,288.16,2763053.0
2306,2025-04-23,ACN,285.0,291.76,284.74,291.41,3271401.0
2307,2025-04-24,ACN,291.52,294.01,289.02,293.39,2919326.0
2308,2025-04-27,ACN,294.52,296.06,289.89,293.25,1865246.0
2309,2025-04-28,ACN,295.62,299.04,294.8,298.47,3251980.0
2310,2025-04-29,ACN,295.27,299.55,291.71,299.15,2834724.0
2311,2025-04-30,ACN,300.805,304.76,298.5,300.53,2848558.0
2312,2025-05-01,ACN,305.0,306.34,303.865,305.33,1810083.0
2313,2025-05-04,ACN,303.425,309.41,303.41,307.71,3548554.0
2314,2025-05-05,ACN,303.86,305.95,303.2,303.8,2719419.0
2315,2025-05-06,ACN,304.8,308.09,303.47,306.09,2647765.0
2316,2025-05-07,ACN,309.0,313.25,308.0,308.88,2861634.0
2317,2025-05-08,ACN,310.03,311.59,306.7003,307.9,1844518.0
2318,2025-05-11,ACN,316.47,322.47,315.355,322.09,3271417.0
2319,2025-05-12,ACN,321.92,325.71,321.56,322.53,2775543.0
2320,2025-05-13,ACN,321.54,322.1,317.9,320.41,2417203.0
2321,2025-05-14,ACN,320.22,324.0,319.755,323.21,3050609.0
2322,2025-05-15,ACN,317.42,318.06,309.73,317.69,3968036.0
2323,2025-05-18,ACN,315.79,320.89,315.07,319.39,2247424.0
2324,2025-05-19,ACN,318.46,320.33,317.39,320.18,2930525.0
2325,2025-05-20,ACN,317.04,322.8565,316.42,317.72,2788112.0
2326,2025-05-21,ACN,317.51,319.19,316.04,316.45,2996617.0
2327,2025-05-22,ACN,311.11,311.725,307.865,309.58,2947209.0
2328,2025-05-26,ACN,313.52,315.7,312.01,315.43,3248899.0
2329,2025-05-27,ACN,314.75,317.39,314.05,315.99,3437579.0
2330,2025-05-28,ACN,317.52,318.423,314.78,317.73,2557880.0
2331,2025-05-29,ACN,318.16,318.99,314.09,316.82,4012710.0
2332,2025-06-01,ACN,313.625,314.94,311.2065,314.47,2340485.0
2333,2025-06-02,ACN,313.0,313.99,310.6,312.9,3678342.0
2334,2025-06-03,ACN,315.11,316.79,314.385,316.4,2337778.0
2335,2025-06-04,ACN,317.3,317.96,313.41,315.38,3787717.0
2336,2025-06-05,ACN,318.42,320.15,316.38,317.65,2309566.0
2337,2025-06-08,ACN,318.01,319.23,316.04,316.62,2291288.0
2338,2025-06-09,ACN,317.57,321.69,317.0,320.92,2356102.0
2339,2025-06-10,ACN,320.92,321.77,317.84,319.22,1859102.0
2340,2025-06-11,ACN,317.5,318.62,316.11,318.13,2194459.0
2341,2025-06-12,ACN,314.32,317.305,311.28,311.71,3102669.0
2342,2025-06-15,ACN,314.33,317.05,312.815,314.33,2930017.0
2343,2025-06-16,ACN,312.97,315.95,311.85,312.03,2533752.0
2344,2025-06-17,ACN,314.2,314.2,305.87,306.38,4593070.0
2345,2025-06-19,ACN,281.43,288.87,273.19,285.37,11697439.0
2346,2025-06-22,ACN,286.0,295.33,284.23,295.0,5454927.0
2347,2025-06-23,ACN,295.68,301.6499,295.01,300.72,4940618.0
2348,2025-06-24,ACN,301.0,301.65,294.35,294.6,3164580.0
2349,2025-06-25,ACN,296.59,296.96,292.6,296.08,3634014.0
2350,2025-06-26,ACN,295.88,296.7,292.99,295.46,4159536.0
2351,2025-06-29,ACN,296.74,299.01,295.74,298.89,3136901.0
2352,2025-06-30,ACN,298.12,304.19,297.925,302.62,3565707.0
2353,2025-07-01,ACN,303.17,303.17,298.32,302.29,2748684.0
2354,2025-07-02,ACN,303.0,305.3,302.29,304.78,1616133.0
2355,2025-07-06,ACN,303.53,304.788,299.2928,300.54,2753256.0
2356,2025-07-07,ACN,301.75,307.77,300.51,303.33,2890515.0
2357,2025-07-08,ACN,303.16,304.19,294.79,297.4,3177760.0
2358,2025-07-09,ACN,292.04,292.6,285.79,288.36,5197475.0
2359,2025-07-10,ACN,287.21,287.74,280.43,281.06,5077108.0
2360,2025-07-13,ACN,280.69,280.94,276.95,279.99,4281770.0
2361,2025-07-14,ACN,281.04,281.11,275.96,276.07,3970272.0
2362,2025-07-15,ACN,276.75,280.27,276.0344,279.67,3176628.0
2363,2025-07-16,ACN,280.75,283.13,278.25,282.7,3513221.0
2364,2025-07-17,ACN,283.24,283.82,280.64,282.44,4207481.0
2365,2025-07-20,ACN,283.525,284.6,282.18,282.45,2955775.0
2366,2025-07-21,ACN,281.8,287.07,281.8,286.96,3614707.0
2367,2025-07-22,ACN,289.74,291.0,285.78,286.04,2953559.0
2368,2025-07-23,ACN,281.78,284.395,279.27,281.71,3953005.0
2369,2025-07-24,ACN,281.8,284.3,280.56,283.15,2632257.0
2370,2025-07-27,ACN,280.19,280.99,275.71,277.04,3693889.0
2371,2025-07-28,ACN,277.45,278.96,276.54,278.9,3492714.0
2372,2025-07-29,ACN,278.5,278.69,272.39,274.0,4272743.0
2373,2025-07-30,ACN,271.0,273.88,266.13,267.1,4794149.0
2374,2025-07-31,ACN,264.63,265.11,254.2,255.37,6042413.0
2375,2025-08-03,ACN,258.08,259.14,256.605,258.78,3470608.0
2376,2025-08-04,ACN,255.74,255.8,245.74,247.07,10175886.0
2377,2025-08-05,ACN,247.7,248.0875,244.0,247.54,8064669.0
2378,2025-08-06,ACN,248.2,251.33,239.815,241.72,7246256.0
2379,2025-08-07,ACN,242.66,242.92,238.03,239.2,3811193.0
2380,2025-08-10,ACN,238.0,241.82,236.96,238.61,4674953.0
2381,2025-08-11,ACN,238.925,242.415,236.67,237.87,4832539.0
2382,2025-08-12,ACN,238.75,246.725,237.3101,245.68,5278399.0
2383,2025-08-13,ACN,244.54,246.67,242.3459,246.16,4928485.0
2384,2025-08-14,ACN,245.74,249.4,245.74,247.01,4223700.0
2385,2025-08-17,ACN,247.0,250.985,245.1,249.13,3776430.0
2386,2025-08-18,ACN,250.53,257.62,250.395,255.88,4555710.0
2387,2025-08-19,ACN,257.04,260.39,254.99,255.05,5069889.0
2388,2025-08-20,ACN,255.0,255.0,250.725,253.99,2670597.0
2389,2025-08-21,ACN,254.69,262.165,254.4701,259.22,3102948.0
2390,2025-08-24,ACN,259.22,259.73,255.04,256.05,2358756.0
2391,2025-08-25,ACN,255.34,256.69,253.16,255.42,4884513.0
2392,2025-08-26,ACN,256.12,258.29,255.44,257.12,2238979.0
2393,2025-08-27,ACN,258.0,258.13,253.96,256.17,2984988.0
2394,2025-08-28,ACN,256.92,260.38,256.09,259.97,2806195.0
2395,2025-09-01,ACN,257.85,260.4,251.9835,256.17,3537993.0
2396,2025-09-02,ACN,253.21,254.805,251.32,254.15,2934837.0
2397,2025-09-03,ACN,253.27,254.7,247.89,252.94,4165360.0
2398,2025-09-04,ACN,252.925,258.6499,250.19,254.95,4235989.0
2399,2025-09-07,ACN,255.28,256.0,249.47,255.57,4707822.0
2400,2025-09-08,ACN,255.0,255.96,249.84,251.99,3456433.0
2401,2025-09-09,ACN,252.04,252.04,240.655,243.11,5117472.0
2402,2025-09-10,ACN,243.21,244.56,242.35,244.15,4644524.0
2403,2025-09-11,ACN,244.5,245.245,238.01,238.54,5637514.0
2404,2025-09-14,ACN,240.67,242.25,235.92,237.87,5385897.0
2405,2025-09-15,ACN,237.51,238.745,235.83,236.81,6464105.0
2406,2025-09-16,ACN,237.73,245.2,236.99,241.24,5248152.0
2407,2025-09-17,ACN,241.98,243.34,237.93,239.55,5698185.0
2408,2025-09-18,ACN,239.52,240.97,234.183,239.7,11522615.0
2409,2025-09-21,ACN,239.86,242.49,238.59,239.99,6070393.0
2410,2025-09-22,ACN,240.51,241.1999,234.1,235.5,6777829.0
2411,2025-09-23,ACN,236.67,240.065,235.75,239.08,6855371.0
2412,2025-09-24,ACN,238.49,242.0,229.4001,232.56,10401065.0
2413,2025-09-25,ACN,232.6,241.3,231.05,238.97,8163164.0
2414,2025-09-28,ACN,240.5,249.13,237.25,247.0,7837461.0
2415,2025-09-29,ACN,246.59,252.1,245.3801,246.6,8966444.0
2416,2025-09-30,ACN,245.26,248.99,239.7128,243.71,6545095.0
2417,2025-10-01,ACN,244.91,248.18,243.2489,244.34,4323530.0
2418,2025-10-02,ACN,244.88,246.46,242.66,245.32,3383997.0
2419,2025-10-05,ACN,246.0,248.405,242.05,248.17,3400873.0
2420,2025-10-06,ACN,249.13,252.83,248.21,251.23,5930393.0
2421,2025-10-07,ACN,251.71,253.67,247.645,252.98,5672008.0
2422,2025-10-08,ACN,253.51,254.17,249.6105,252.04,4427619.0
2423,2025-10-09,ACN,251.645,252.95,240.71,240.94,4548757.0
2424,2025-10-12,ACN,242.23,243.96,239.87,243.56,3572509.0
2425,2025-10-13,ACN,242.06,246.07,239.55,244.2,3788593.0
2426,2025-10-14,ACN,243.91,247.31,239.06,239.71,4118068.0
2427,2025-10-15,ACN,239.81,240.085,233.745,234.02,4800831.0
2428,2025-10-16,ACN,234.35,239.12,233.6,238.39,4436403.0
2429,2025-10-19,ACN,240.1,244.19,239.735,242.18,3495403.0
2430,2025-10-20,ACN,242.52,252.09,242.52,250.51,4475512.0
2431,2025-10-21,ACN,248.61,251.0458,247.17,249.14,3899985.0
2432,2025-10-22,ACN,246.06,250.09,245.44,249.81,2885744.0
2433,2025-10-23,ACN,250.01,251.09,247.11,247.65,2794125.0
2434,2025-10-26,ACN,249.44,252.25,247.19,250.77,3033478.0
2435,2025-10-27,ACN,250.0,254.68,249.19,253.35,3425097.0
2436,2025-10-28,ACN,253.15,255.44,247.5,247.75,5780655.0
2437,2025-10-29,ACN,245.81,251.88,245.4815,249.25,3982225.0
2438,2025-10-30,ACN,249.66,250.88,248.06,250.1,3848001.0
2439,2025-11-02,ACN,249.53,249.53,242.94,248.44,4196627.0
2440,2025-11-03,ACN,246.97,248.57,241.0726,242.9,3688348.0
2441,2025-11-04,ACN,243.38,248.99,242.76,247.82,3631847.0
2442,2025-11-05,ACN,247.73,248.67,240.18,241.34,3512582.0
2443,2025-11-06,ACN,240.0,246.554,239.44,245.76,4047434.0
2444,2025-11-09,ACN,247.34,248.26,240.4,244.55,2818924.0
2445,2025-11-10,ACN,244.89,244.89,238.53,242.56,3766805.0
2446,2025-11-11,ACN,244.0,246.97,242.31,246.53,3230935.0
2447,2025-11-12,ACN,245.43,248.58,244.315,247.57,3703849.0
2448,2025-11-13,ACN,245.77,249.15,244.09,245.21,2845068.0
2449,2025-11-16,ACN,243.93,244.98,240.59,241.33,3187926.0
2450,2025-11-17,ACN,241.06,241.75,237.43,240.0,3375269.0
2451,2025-11-18,ACN,240.0,244.38,240.0,241.08,2554872.0
2452,2025-11-19,ACN,242.79,244.75,239.54,240.79,2905498.0
2453,2025-11-20,ACN,241.88,253.97,241.285,251.85,5959436.0
2454,2025-11-23,ACN,250.99,251.33,243.24,243.62,5596861.0
2455,2025-11-24,ACN,245.0,251.6799,245.0,249.23,3664451.0
2456,2025-11-25,ACN,250.28,251.94,246.89,247.85,2389202.0
2457,2025-11-27,ACN,247.49,251.45,245.1301,250.0,1493721.0
2458,2025-11-30,ACN,253.13,258.895,251.0201,257.43,5025137.0
2459,2025-12-01,ACN,257.8,262.96,257.0,261.02,4966370.0
2460,2025-12-02,ACN,261.98,274.06,261.745,272.85,6961886.0
2461,2025-12-03,ACN,276.3,280.71,269.17,269.34,4119626.0
2462,2025-12-04,ACN,268.1,271.0,266.07,266.59,3785500.0
2463,2025-12-07,ACN,265.73,268.63,265.0056,266.5,3218875.0
2464,2025-12-08,ACN,267.93,272.4,267.25,269.53,3515049.0
2465,2025-12-09,ACN,268.38,273.64,268.05,272.22,3580740.0
2466,2025-12-10,ACN,273.17,277.65,269.71,270.37,4063216.0
2467,2025-12-11,ACN,271.96,273.4382,270.295,271.56,2984009.0
2468,2025-12-14,ACN,276.0,276.4,271.02,274.66,4042066.0
2469,2025-12-15,ACN,281.13,281.13,270.83,272.04,5503311.0
2470,2025-12-16,ACN,272.65,279.38,272.0,273.74,5586769.0
2471,2025-12-17,ACN,265.0,272.37,261.5,269.96,6923228.0
2472,2025-12-18,ACN,270.0,276.81,270.0,272.25,8375775.0
2473,2025-12-21,ACN,271.61,272.8,267.85,270.67,3289499.0
2474,2025-12-22,ACN,269.82,271.666,268.78,270.77,2598777.0
2475,2025-12-23,ACN,270.03,271.92,269.7409,269.98,1062697.0
2476,2025-12-25,ACN,269.9,271.75,269.5,271.09,1412215.0
2477,2025-12-28,ACN,270.98,273.27,269.945,271.34,2753918.0
2478,2025-12-29,ACN,270.43,272.42,269.52,270.0,1785092.0
2479,2025-12-30,ACN,269.74,270.93,268.3,268.3,1973217.0
2480,2026-01-01,ACN,268.79,269.84,258.0,259.95,4899872.0
2481,2026-01-04,ACN,260.825,266.75,259.475,263.98,3538240.0
2482,2026-01-05,ACN,263.03,275.99,262.0942,275.93,4080539.0
2483,2026-01-06,ACN,276.01,281.87,271.89,273.98,4303498.0
2484,2026-01-07,ACN,272.25,286.57,272.115,281.82,5268854.0
2485,2026-01-08,ACN,281.96,284.4,277.3271,280.67,3135902.0
2486,2026-01-11,ACN,279.54,281.39,276.6078,280.96,4086673.0
2487,2026-01-12,ACN,278.9,280.5,273.0,276.8,3622827.0
2488,2026-01-13,ACN,276.61,291.09,276.175,288.54,6421748.0
2489,2026-01-14,ACN,287.93,290.665,285.21,287.77,5743716.0
2490,2026-01-15,ACN,285.43,289.16,280.74,286.21,5702518.0
2491,2026-01-19,ACN,282.44,287.265,272.22,272.71,5656105.0
2492,2026-01-20,ACN,275.0,285.535,274.95,280.72,4232162.0
2493,2026-01-21,ACN,283.83,289.0,283.39,285.09,4379362.0
2494,2026-01-22,ACN,284.34,285.94,279.68,281.07,2565374.0
2495,2024-01-28,ADBE,615.71,636.25,615.71,630.23,3212187.0
2496,2024-01-29,ADBE,630.0,630.47,620.89,627.96,2007432.0
2497,2024-01-30,ADBE,620.0,625.93,612.17,617.78,2666775.0
2498,2024-01-31,ADBE,619.0,628.8,618.775,627.91,1687613.0
2499,2024-02-01,ADBE,624.79,638.25,617.01,634.76,2542763.0
2500,2024-02-04,ADBE,633.03,634.5899,624.54,630.5,2131245.0
2501,2024-02-05,ADBE,625.58,626.46,604.67,607.14,3436244.0
2502,2024-02-06,ADBE,613.25,620.42,610.15,615.85,2313824.0
2503,2024-02-07,ADBE,615.85,621.34,612.51,615.86,1815682.0
2504,2024-02-08,ADBE,616.0,628.07,615.805,627.21,2091353.0
2505,2024-02-11,ADBE,626.0,626.345,611.575,611.84,2317239.0
2506,2024-02-12,ADBE,596.7,608.39,590.0,601.89,2985238.0
2507,2024-02-13,ADBE,605.85,610.33,602.5,604.66,1615119.0
2508,2024-02-14,ADBE,606.0,607.3158,589.77,590.44,3677358.0
2509,2024-02-15,ADBE,589.9,590.1383,546.37,546.66,10328353.0
2510,2024-02-19,ADBE,531.495,545.88,528.01,541.91,6567568.0
2511,2024-02-20,ADBE,539.76,542.5699,529.3675,538.52,4493535.0
2512,2024-02-21,ADBE,553.94,555.5499,534.56,537.57,5023397.0
2513,2024-02-22,ADBE,543.49,557.18,541.48,553.44,4546484.0
2514,2024-02-25,ADBE,556.56,570.6,556.56,560.48,4251153.0
2515,2024-02-26,ADBE,565.91,565.91,548.54,552.49,3247572.0
2516,2024-02-27,ADBE,552.0,557.2,549.7601,551.82,2313223.0
2517,2024-02-28,ADBE,554.89,561.94,553.23,560.28,3844366.0
2518,2024-02-29,ADBE,561.11,572.89,560.67,570.93,2968098.0
2519,2024-03-03,ADBE,572.85,576.245,564.1,567.94,2556419.0
2520,2024-03-04,ADBE,562.6,564.19,539.35,544.84,4286834.0
2521,2024-03-05,ADBE,548.0,550.64,538.15,543.09,3209766.0
2522,2024-03-06,ADBE,550.0,558.38,541.59,556.04,2660544.0
2523,2024-03-07,ADBE,553.0,560.44,550.5114,551.69,2833180.0
2524,2024-03-10,ADBE,552.45,562.69,551.02,560.42,2857791.0
2525,2024-03-11,ADBE,568.6,579.79,562.6,579.14,3469161.0
2526,2024-03-12,ADBE,579.06,585.35,573.41,573.55,3466022.0
2527,2024-03-13,ADBE,578.0,579.54,568.76,570.45,5908117.0
2528,2024-03-14,ADBE,499.64,503.1263,485.0,492.46,19580838.0
2529,2024-03-17,ADBE,495.55,515.7299,495.55,513.86,7052677.0
2530,2024-03-18,ADBE,509.89,522.68,508.99,521.19,7081796.0
2531,2024-03-19,ADBE,523.29,523.87,512.5,519.14,4239557.0
2532,2024-03-20,ADBE,517.6,519.725,506.2,511.25,5206580.0
2533,2024-03-21,ADBE,509.07,511.59,496.67,499.52,5413647.0
2534,2024-03-24,ADBE,496.79,510.63,496.69,507.23,4277036.0
2535,2024-03-25,ADBE,508.06,512.79,503.59,507.6,2813329.0
2536,2024-03-26,ADBE,515.47,516.86,499.7,504.4,4228415.0
2537,2024-03-27,ADBE,508.12,509.0,500.26,504.6,3897003.0
2538,2024-03-31,ADBE,504.99,506.92,499.31,502.09,2056030.0
2539,2024-04-01,ADBE,494.403,500.75,491.34,499.21,3083273.0
2540,2024-04-02,ADBE,497.36,498.86,494.71,497.01,2604428.0
2541,2024-04-03,ADBE,503.56,504.11,486.7,487.11,3403327.0
2542,2024-04-04,ADBE,488.84,490.09,481.28,485.12,4972655.0
2543,2024-04-07,ADBE,484.78,486.98,477.23,484.28,3439211.0
2544,2024-04-08,ADBE,486.0,493.31,483.31,492.55,2548566.0
2545,2024-04-09,ADBE,489.39,491.765,480.28,487.22,2487870.0
2546,2024-04-10,ADBE,487.36,488.67,479.74,484.28,2978539.0
2547,2024-04-11,ADBE,477.95,478.78,468.6,474.09,5621945.0
2548,2024-04-14,ADBE,477.02,478.52,468.35,470.1,3353225.0
2549,2024-04-15,ADBE,470.0,478.98,468.49,476.22,2660097.0
2550,2024-04-16,ADBE,477.31,481.02,472.685,474.45,2034793.0
2551,2024-04-17,ADBE,476.76,477.605,471.825,473.18,2389742.0
2552,2024-04-18,ADBE,476.54,476.58,463.0901,465.02,3282142.0
2553,2024-04-21,ADBE,470.215,471.5,462.28,466.89,2604256.0
2554,2024-04-22,ADBE,469.72,474.81,467.83,472.9,2205836.0
2555,2024-04-23,ADBE,472.94,478.57,471.7283,477.12,2338044.0
2556,2024-04-24,ADBE,468.41,474.5042,465.78,473.44,2250913.0
2557,2024-04-25,ADBE,472.31,482.79,471.685,477.56,2460261.0
2558,2024-04-28,ADBE,478.04,481.677,471.07,473.07,2954736.0
2559,2024-04-29,ADBE,472.0,475.42,462.46,462.83,3222618.0
2560,2024-04-30,ADBE,461.12,477.76,460.36,469.39,2490171.0
2561,2024-05-01,ADBE,474.3,477.155,468.2994,476.57,2516422.0
2562,2024-05-02,ADBE,482.27,487.49,477.565,486.18,2833186.0
2563,2024-05-05,ADBE,490.1,495.44,488.0,493.59,2104030.0
2564,2024-05-06,ADBE,492.51,496.755,489.14,492.27,2518346.0
2565,2024-05-07,ADBE,489.97,495.81,486.92,488.1,2165021.0
2566,2024-05-08,ADBE,489.41,490.4364,481.65,482.65,2301635.0
2567,2024-05-09,ADBE,483.5,489.48,480.3,482.29,2741116.0
2568,2024-05-12,ADBE,486.24,490.1599,481.71,483.11,2458192.0
2569,2024-05-13,ADBE,480.41,481.8,466.48,475.95,4287846.0
2570,2024-05-14,ADBE,480.76,489.61,476.61,485.35,3491638.0
2571,2024-05-15,ADBE,484.7,486.23,481.385,482.88,2562865.0
2572,2024-05-16,ADBE,483.32,485.88,481.52,483.43,2261147.0
2573,2024-05-19,ADBE,483.0,485.37,478.32,484.69,1881117.0
2574,2024-05-20,ADBE,481.19,487.5,477.12,481.85,1915797.0
2575,2024-05-21,ADBE,483.97,485.665,479.14,483.93,1875835.0
2576,2024-05-22,ADBE,488.38,491.68,478.69,483.31,2219854.0
2577,2024-05-23,ADBE,481.25,485.38,473.9,475.43,3085605.0
2578,2024-05-27,ADBE,473.01,478.67,469.6,478.43,2575270.0
2579,2024-05-28,ADBE,472.78,482.79,472.595,477.6,2214810.0
2580,2024-05-29,ADBE,464.9,466.82,444.84,445.87,5606896.0
2581,2024-05-30,ADBE,447.72,448.23,433.97,444.76,7487507.0
2582,2024-06-02,ADBE,447.58,449.84,436.58,439.02,3967669.0
2583,2024-06-03,ADBE,442.82,450.12,441.59,448.37,3183594.0
2584,2024-06-04,ADBE,449.19,458.6,448.37,455.8,3295029.0
2585,2024-06-05,ADBE,457.7,467.8515,456.87,458.13,3234970.0
2586,2024-06-06,ADBE,458.13,468.93,458.13,465.43,2684170.0
2587,2024-06-09,ADBE,453.84,462.23,451.51,459.94,3212350.0
2588,2024-06-10,ADBE,456.91,462.74,455.5,462.69,2723659.0
2589,2024-06-11,ADBE,470.0,471.12,459.16,459.87,3647447.0
2590,2024-06-12,ADBE,457.87,462.3899,453.5,458.74,8557963.0
2591,2024-06-13,ADBE,530.25,534.45,521.88,525.31,14846614.0
2592,2024-06-16,ADBE,525.51,525.94,505.38,518.74,7163820.0
2593,2024-06-17,ADBE,514.71,530.37,513.13,522.25,4225943.0
2594,2024-06-19,ADBE,527.665,533.23,520.4,522.95,5752373.0
2595,2024-06-20,ADBE,530.31,535.0,524.715,533.44,6614086.0
2596,2024-06-23,ADBE,532.1,534.58,523.48,524.17,3067824.0
2597,2024-06-24,ADBE,526.2,529.68,522.24,526.88,3144202.0
2598,2024-06-25,ADBE,528.58,530.66,526.01,528.66,2931667.0
2599,2024-06-26,ADBE,533.21,549.16,532.1,546.76,4734063.0
2600,2024-06-27,ADBE,549.7,558.48,548.01,555.54,5084543.0
2601,2024-06-30,ADBE,551.37,561.21,549.73,560.01,3070159.0
2602,2024-07-01,ADBE,560.0,570.14,560.0,567.71,3054491.0
2603,2024-07-02,ADBE,564.292,571.83,564.0001,570.15,1664373.0
2604,2024-07-04,ADBE,570.91,580.55,568.92,578.34,2808635.0
2605,2024-07-07,ADBE,573.18,576.745,563.92,575.4,3007422.0
2606,2024-07-08,ADBE,573.05,575.01,562.46,566.02,2169020.0
2607,2024-07-09,ADBE,564.71,566.93,558.21,564.55,2368443.0
2608,2024-07-10,ADBE,564.0,572.62,557.09,557.63,3191358.0
2609,2024-07-11,ADBE,555.1,562.49,552.315,559.05,2013985.0
2610,2024-07-14,ADBE,560.23,568.23,560.23,565.71,1887763.0
2611,2024-07-15,ADBE,564.6,570.1,562.08,566.54,1539875.0
2612,2024-07-16,ADBE,563.93,565.0,556.46,563.09,2316265.0
2613,2024-07-17,ADBE,564.18,564.26,556.07,556.85,2184657.0
2614,2024-07-18,ADBE,557.05,561.09,548.96,551.0,2601942.0
2615,2024-07-21,ADBE,558.65,560.19,552.7074,554.82,2391696.0
2616,2024-07-22,ADBE,556.49,557.249,544.44,546.01,2363881.0
2617,2024-07-23,ADBE,543.8,544.71,530.35,531.04,2630081.0
2618,2024-07-24,ADBE,536.8,542.28,527.59,532.15,2136496.0
2619,2024-07-25,ADBE,535.35,545.4999,533.33,542.44,2090007.0
2620,2024-07-28,ADBE,544.3,544.3,535.19,536.61,1590551.0
2621,2024-07-29,ADBE,541.85,543.67,530.9501,538.71,1566875.0
2622,2024-07-30,ADBE,547.05,555.55,543.77,551.65,2776002.0
2623,2024-07-31,ADBE,549.99,561.98,540.24,546.41,2075410.0
2624,2024-08-01,ADBE,535.78,536.84,519.68,526.17,2729113.0
2625,2024-08-04,ADBE,504.23,515.9,500.0,509.32,3432155.0
2626,2024-08-05,ADBE,513.69,519.16,509.01,514.2,2076327.0
2627,2024-08-06,ADBE,520.95,531.005,512.86,513.62,1663682.0
2628,2024-08-07,ADBE,520.59,531.07,519.56,530.24,2155115.0
2629,2024-08-08,ADBE,528.02,537.28,528.02,536.3,1272635.0
2630,2024-08-11,ADBE,536.04,538.08,525.77,530.93,1450410.0
2631,2024-08-12,ADBE,530.93,537.72,527.9,535.22,3063918.0
2632,2024-08-13,ADBE,536.62,542.9205,533.2,539.79,1915589.0
2633,2024-08-14,ADBE,545.19,557.22,545.01,554.16,2182382.0
2634,2024-08-15,ADBE,552.35,554.76,547.8,553.46,1541726.0
2635,2024-08-18,ADBE,550.59,563.77,550.59,563.12,1423293.0
2636,2024-08-19,ADBE,564.48,568.18,559.61,562.25,1219609.0
2637,2024-08-20,ADBE,562.13,566.6,557.91,565.79,1401708.0
2638,2024-08-21,ADBE,567.07,572.0,555.65,557.44,1627658.0
2639,2024-08-22,ADBE,565.45,566.52,552.5,558.3,2023465.0
2640,2024-08-25,ADBE,555.03,560.26,555.03,559.44,1387479.0
2641,2024-08-26,ADBE,554.4,569.52,554.3439,567.82,1404415.0
2642,2024-08-27,ADBE,568.22,569.59,557.67,560.54,1289699.0
2643,2024-08-28,ADBE,567.05,578.4,567.05,569.63,1955588.0
2644,2024-08-29,ADBE,572.2,575.65,568.2865,574.41,1982970.0
2645,2024-09-02,ADBE,576.3,586.695,566.79,571.04,2757929.0
2646,2024-09-03,ADBE,568.87,578.86,565.76,575.25,1615787.0
2647,2024-09-04,ADBE,570.75,573.39,562.53,567.93,1573571.0
2648,2024-09-05,ADBE,570.9,573.31,558.0,563.41,2096790.0
2649,2024-09-08,ADBE,567.69,574.57,564.44,569.88,1997121.0
2650,2024-09-09,ADBE,576.75,577.8,567.14,574.48,2030076.0
2651,2024-09-10,ADBE,573.01,581.24,559.35,580.38,2680977.0
2652,2024-09-11,ADBE,581.445,587.75,572.98,586.55,5605338.0
2653,2024-09-12,ADBE,532.565,540.27,526.6,536.87,10423510.0
2654,2024-09-15,ADBE,537.4,537.69,521.26,521.5,5248205.0
2655,2024-09-16,ADBE,524.29,527.0999,514.58,515.03,5164089.0
2656,2024-09-17,ADBE,517.01,517.58,506.4901,508.13,3997267.0
2657,2024-09-18,ADBE,518.81,527.48,518.02,526.44,3582532.0
2658,2024-09-19,ADBE,526.44,528.625,515.72,522.3,6100685.0
2659,2024-09-22,ADBE,525.71,532.0,524.955,527.87,2106995.0
2660,2024-09-23,ADBE,527.72,530.2999,521.71,524.07,2842054.0
2661,2024-09-24,ADBE,526.02,526.18,516.24,517.9,3211612.0
2662,2024-09-25,ADBE,520.51,521.355,512.11,515.38,3282437.0
2663,2024-09-26,ADBE,516.52,516.6799,512.3,515.48,2718323.0
2664,2024-09-29,ADBE,513.83,518.47,511.74,517.78,2588151.0
2665,2024-09-30,ADBE,517.45,519.0,502.5,502.8,3730026.0
2666,2024-10-01,ADBE,503.87,510.19,502.8201,505.81,1981848.0
2667,2024-10-02,ADBE,501.02,509.81,498.59,503.8,1921604.0
2668,2024-10-03,ADBE,507.29,508.56,503.5901,507.22,1949994.0
2669,2024-10-06,ADBE,503.96,504.87,486.4,487.3,4870534.0
2670,2024-10-07,ADBE,492.45,500.0,486.4,496.24,3551609.0
2671,2024-10-08,ADBE,495.88,495.88,492.32,494.08,2869417.0
2672,2024-10-09,ADBE,490.54,506.45,489.35,503.57,2775102.0
2673,2024-10-10,ADBE,504.78,507.9799,494.9,495.42,2992409.0
2674,2024-10-13,ADBE,501.8,514.26,500.41,509.65,3411497.0
2675,2024-10-14,ADBE,513.82,517.772,506.8,508.03,3605675.0
2676,2024-10-15,ADBE,506.39,506.84,500.25,502.54,1859116.0
2677,2024-10-16,ADBE,506.51,507.5,495.23,496.83,2769241.0
2678,2024-10-17,ADBE,491.29,499.0,491.0501,494.9,2011121.0
2679,2024-10-20,ADBE,494.6,500.6499,492.96,497.71,1679657.0
2680,2024-10-21,ADBE,496.43,497.34,488.36,493.11,2388721.0
2681,2024-10-22,ADBE,492.0,493.83,483.391,485.03,2021316.0
2682,2024-10-23,ADBE,486.63,488.47,480.06,482.87,2100308.0
2683,2024-10-24,ADBE,483.42,488.34,482.52,483.72,2426769.0
2684,2024-10-27,ADBE,487.65,488.49,480.48,481.04,2302255.0
2685,2024-10-28,ADBE,481.92,487.56,479.33,485.39,2089505.0
2686,2024-10-29,ADBE,482.24,492.2,482.24,486.68,2728573.0
2687,2024-10-30,ADBE,486.0,486.05,477.38,478.08,2978688.0
2688,2024-10-31,ADBE,475.41,485.16,475.05,482.8,2852008.0
2689,2024-11-03,ADBE,479.03,483.76,477.37,481.35,1955249.0
2690,2024-11-04,ADBE,483.09,486.659,480.47,486.42,1588149.0
2691,2024-11-05,ADBE,492.93,506.21,492.93,504.83,2969855.0
2692,2024-11-06,ADBE,510.655,510.655,495.3,500.92,2640295.0
2693,2024-11-07,ADBE,503.83,505.0,493.69,494.68,2856859.0
2694,2024-11-10,ADBE,493.6,507.72,493.6,504.48,3536599.0
2695,2024-11-11,ADBE,504.39,528.91,504.27,526.42,4125288.0
2696,2024-11-12,ADBE,523.79,539.92,520.59,532.5,3470174.0
2697,2024-11-13,ADBE,530.55,534.6399,523.46,529.87,3098800.0
2698,2024-11-14,ADBE,520.3,524.4999,498.81,503.37,4612417.0
2699,2024-11-17,ADBE,505.0,505.51,497.69,499.51,2259651.0
2700,2024-11-18,ADBE,496.0,502.41,495.46,499.61,1961731.0
2701,2024-11-19,ADBE,505.41,506.36,494.61,499.5,1874910.0
2702,2024-11-20,ADBE,502.1,508.57,493.1,504.44,2002094.0
2703,2024-11-21,ADBE,502.5,513.37,502.5,512.15,2287614.0
2704,2024-11-24,ADBE,519.09,523.2099,513.1935,518.73,3319992.0
2705,2024-11-25,ADBE,519.95,525.76,516.3601,525.3,2415735.0
2706,2024-11-26,ADBE,523.21,525.88,508.7161,513.68,2324217.0
2707,2024-11-28,ADBE,517.65,517.65,513.58,515.93,1450247.0
2708,2024-12-01,ADBE,512.85,518.77,511.53,516.2,2007213.0
2709,2024-12-02,ADBE,511.04,516.78,504.505,516.26,2119254.0
2710,2024-12-03,ADBE,523.02,541.77,521.005,536.49,3307041.0
2711,2024-12-04,ADBE,534.42,540.11,529.79,538.22,2629119.0
2712,2024-12-05,ADBE,544.15,554.37,542.9,552.96,2964064.0
2713,2024-12-08,ADBE,556.1,557.8999,546.1101,547.93,3588653.0
2714,2024-12-09,ADBE,547.35,552.83,544.22,547.05,2762875.0
2715,2024-12-10,ADBE,547.05,552.3,541.74,549.93,6690565.0
2716,2024-12-11,ADBE,487.5,494.0,470.9001,474.63,17344864.0
2717,2024-12-12,ADBE,473.98,474.91,456.8,465.69,11395512.0
2718,2024-12-15,ADBE,467.19,473.62,461.2,461.53,5807021.0
2719,2024-12-16,ADBE,460.59,465.856,452.48,455.23,7514489.0
2720,2024-12-17,ADBE,453.24,455.25,441.1,441.31,6511105.0
2721,2024-12-18,ADBE,443.41,449.0,437.11,437.39,6479517.0
2722,2024-12-19,ADBE,433.015,451.42,432.47,447.17,8220033.0
2723,2024-12-22,ADBE,447.0,451.4299,443.4201,446.74,3781194.0
2724,2024-12-23,ADBE,446.5,448.8653,442.5701,447.94,1685003.0
2725,2024-12-25,ADBE,445.85,452.34,444.68,450.16,2134310.0
2726,2024-12-26,ADBE,446.88,449.91,441.105,446.48,2947179.0
2727,2024-12-29,ADBE,442.94,447.6,438.57,445.8,3473172.0
2728,2024-12-30,ADBE,446.35,448.4999,442.81,444.68,2285132.0
2729,2025-01-01,ADBE,447.76,450.12,440.56,441.0,2507887.0
2730,2025-01-02,ADBE,429.445,433.2982,425.32,430.57,5619372.0
2731,2025-01-05,ADBE,431.88,436.4082,427.79,431.18,3994400.0
2732,2025-01-06,ADBE,431.37,435.18,420.51,422.63,4181405.0
2733,2025-01-07,ADBE,417.34,422.66,415.51,419.58,3508786.0
2734,2025-01-09,ADBE,410.0,413.1,405.32,405.92,5564262.0
2735,2025-01-12,ADBE,404.27,409.96,403.75,408.5,4558780.0
2736,2025-01-13,ADBE,407.25,412.75,405.0701,412.71,3577116.0
2737,2025-01-14,ADBE,421.7,423.97,415.66,417.28,4345781.0
2738,2025-01-15,ADBE,418.21,428.89,418.0,426.93,4185552.0
2739,2025-01-16,ADBE,434.345,435.99,425.7,429.99,4012745.0
2740,2025-01-20,ADBE,433.26,439.98,431.5,436.36,3833294.0
2741,2025-01-21,ADBE,438.0,439.73,433.43,437.32,3391642.0
2742,2025-01-22,ADBE,435.88,437.73,432.49,437.28,2716742.0
2743,2025-01-23,ADBE,437.28,441.8799,434.73,435.38,2631804.0
2744,2025-01-26,ADBE,430.23,445.4499,430.12,438.6,5086254.0
2745,2025-01-27,ADBE,436.27,445.805,431.64,442.84,5376392.0
2746,2025-01-28,ADBE,439.92,444.36,438.825,441.68,2997604.0
2747,2025-01-29,ADBE,439.67,448.42,439.23,446.0,3290128.0
2748,2025-01-30,ADBE,446.975,447.0095,435.83,437.45,4689083.0
2749,2025-02-02,ADBE,437.8,442.74,430.88,438.6,3348717.0
2750,2025-02-03,ADBE,435.43,443.58,434.26,440.23,2647701.0
2751,2025-02-04,ADBE,440.75,444.95,436.27,437.63,2938540.0
2752,2025-02-05,ADBE,437.63,439.96,434.35,435.4,2568120.0
2753,2025-02-06,ADBE,436.24,441.0,432.41,433.07,2693470.0
2754,2025-02-09,ADBE,439.25,453.37,439.0,451.1,3946729.0
2755,2025-02-10,ADBE,449.0,461.549,448.29,458.82,3256999.0
2756,2025-02-11,ADBE,458.0,463.0,451.3,462.76,3308534.0
2757,2025-02-12,ADBE,465.21,465.6999,457.03,459.22,2794395.0
2758,2025-02-13,ADBE,463.35,464.99,458.0,460.16,2622973.0
2759,2025-02-17,ADBE,462.65,464.33,453.07,464.11,2973775.0
2760,2025-02-18,ADBE,463.61,463.61,455.32,456.99,2965546.0
2761,2025-02-19,ADBE,457.44,461.0,451.57,454.69,2337598.0
2762,2025-02-20,ADBE,453.275,453.75,440.69,444.32,3375996.0
2763,2025-02-23,ADBE,445.11,446.28,440.91,444.42,2807937.0
2764,2025-02-24,ADBE,443.47,447.49,439.1738,443.41,2612652.0
2765,2025-02-25,ADBE,443.8,447.65,438.4,441.5,1947626.0
2766,2025-02-26,ADBE,441.79,444.57,436.82,437.19,2340232.0
2767,2025-02-27,ADBE,438.16,440.37,432.103,438.56,3936914.0
2768,2025-03-02,ADBE,440.65,448.09,438.21,440.72,2607694.0
2769,2025-03-03,ADBE,439.25,448.8159,434.7,446.03,2942168.0
2770,2025-03-04,ADBE,443.65,453.26,443.11,451.24,2406219.0
2771,2025-03-05,ADBE,444.73,452.19,441.1861,444.78,2732076.0
2772,2025-03-06,ADBE,442.0,452.51,440.99,449.4,3039466.0
2773,2025-03-09,ADBE,443.105,444.54,433.23,435.08,4001634.0
2774,2025-03-10,ADBE,432.88,441.33,431.0,433.66,3145227.0
2775,2025-03-11,ADBE,436.69,443.9,435.5,438.6,5515858.0
2776,2025-03-12,ADBE,405.27,405.77,374.5,377.84,14386637.0
2777,2025-03-13,ADBE,379.745,396.36,377.8,394.74,6134775.0
2778,2025-03-16,ADBE,394.115,399.94,387.13,399.34,4258533.0
2779,2025-03-17,ADBE,395.36,395.95,384.57,391.37,4297269.0
2780,2025-03-18,ADBE,394.1,395.26,387.0,387.89,4349931.0
2781,2025-03-19,ADBE,386.895,397.82,385.8025,389.61,4009500.0
2782,2025-03-20,ADBE,384.13,389.85,382.45,387.26,7607266.0
2783,2025-03-23,ADBE,392.47,396.86,391.3801,394.47,5223006.0
2784,2025-03-24,ADBE,393.57,404.32,392.99,403.64,3648552.0
2785,2025-03-25,ADBE,403.0,404.5,397.01,397.81,3426315.0
2786,2025-03-26,ADBE,397.44,401.4763,392.51,396.15,2729696.0
2787,2025-03-27,ADBE,393.89,396.92,384.755,385.71,3830307.0
2788,2025-03-30,ADBE,380.0,384.8,374.67,383.53,3960737.0
2789,2025-03-31,ADBE,381.13,384.0,375.53,383.2,3847766.0
2790,2025-04-01,ADBE,378.28,388.0,376.54,385.78,2859064.0
2791,2025-04-02,ADBE,371.875,376.01,366.29,367.25,5324421.0
2792,2025-04-03,ADBE,359.0,361.73,348.8,349.07,5867564.0
2793,2025-04-06,ADBE,335.54,358.36,332.01,340.7,7690909.0
2794,2025-04-07,ADBE,350.1,350.74,333.83,340.0,6650815.0
2795,2025-04-08,ADBE,338.74,365.72,333.43,364.64,7186274.0
2796,2025-04-09,ADBE,360.97,362.5,341.52,350.05,5694976.0
2797,2025-04-10,ADBE,351.44,353.1,342.35,352.47,3941817.0
2798,2025-04-13,ADBE,359.51,362.05,348.5,350.91,3285950.0
2799,2025-04-14,ADBE,351.05,356.49,349.185,350.38,3030407.0
2800,2025-04-15,ADBE,345.0,350.38,341.3101,344.19,3687874.0
2801,2025-04-16,ADBE,349.75,351.875,345.09,348.8,5229675.0
2802,2025-04-20,ADBE,344.565,346.68,338.64,343.22,3691241.0
2803,2025-04-21,ADBE,349.14,352.08,344.3687,349.91,3250424.0
2804,2025-04-22,ADBE,358.12,363.0,349.8,351.96,3167958.0
2805,2025-04-23,ADBE,353.59,361.12,353.245,360.91,3085149.0
2806,2025-04-24,ADBE,361.695,369.31,359.99,367.72,3499345.0
2807,2025-04-27,ADBE,368.05,370.99,364.58,368.62,3163425.0
2808,2025-04-28,ADBE,367.21,373.88,366.88,370.98,2198291.0
2809,2025-04-29,ADBE,366.87,376.0,363.56,374.98,3305481.0
2810,2025-04-30,ADBE,378.3,380.44,374.07,374.63,2848778.0
2811,2025-05-01,ADBE,380.09,383.5615,379.19,380.87,2340739.0
2812,2025-05-04,ADBE,379.29,384.54,378.4,381.06,2095559.0
2813,2025-05-05,ADBE,376.565,386.52,375.05,382.98,2970086.0
2814,2025-05-06,ADBE,384.7,387.83,380.945,384.97,2153771.0
2815,2025-05-07,ADBE,388.3,388.731,383.4,383.99,3383867.0
2816,2025-05-08,ADBE,386.18,388.77,382.33,383.28,2031324.0
2817,2025-05-11,ADBE,394.33,397.82,392.755,395.94,3157670.0
2818,2025-05-12,ADBE,395.9,399.67,394.71,397.4,2664142.0
2819,2025-05-13,ADBE,396.85,400.12,396.42,399.47,2409217.0
2820,2025-05-14,ADBE,399.35,404.85,399.35,404.69,2763813.0
2821,2025-05-15,ADBE,414.62,421.765,412.06,417.125,5391532.0
2822,2025-05-18,ADBE,413.53,421.27,413.1993,420.68,3007984.0
2823,2025-05-19,ADBE,417.87,419.13,414.29,417.61,2453377.0
2824,2025-05-20,ADBE,414.855,422.95,412.59,414.03,2495783.0
2825,2025-05-21,ADBE,412.51,417.8984,412.51,414.33,1889487.0
2826,2025-05-22,ADBE,409.11,411.45,407.15,407.69,2087674.0
2827,2025-05-26,ADBE,412.76,414.95,411.6,413.1,2680356.0
2828,2025-05-27,ADBE,413.81,416.37,411.42,412.23,2246508.0
2829,2025-05-28,ADBE,414.0,415.4203,410.47,413.36,1781393.0
2830,2025-05-29,ADBE,414.14,417.86,411.53,415.09,4231334.0
2831,2025-06-01,ADBE,408.88,410.0,396.73,403.4,4153688.0
2832,2025-06-02,ADBE,403.455,412.64,402.476,412.49,2737513.0
2833,2025-06-03,ADBE,411.54,415.94,410.08,413.91,1843425.0
2834,2025-06-04,ADBE,415.0,421.48,413.98,415.2,2276924.0
2835,2025-06-05,ADBE,417.54,419.645,415.28,416.92,2146908.0
2836,2025-06-08,ADBE,417.295,419.0,415.15,416.26,3034210.0
2837,2025-06-09,ADBE,416.605,419.82,414.42,416.06,2627431.0
2838,2025-06-10,ADBE,415.2,416.0432,410.42,412.84,3385416.0
2839,2025-06-11,ADBE,411.43,416.39,410.77,413.68,6313316.0
2840,2025-06-12,ADBE,392.5,399.85,383.75,391.68,10629682.0
2841,2025-06-15,ADBE,392.985,405.0,391.11,401.73,6798251.0
2842,2025-06-16,ADBE,397.275,399.67,381.8,382.68,6866253.0
2843,2025-06-17,ADBE,383.985,385.2729,377.54,378.04,4808869.0
2844,2025-06-19,ADBE,380.48,382.29,373.76,376.92,8126939.0
2845,2025-06-22,ADBE,377.59,380.21,374.24,380.12,3841754.0
2846,2025-06-23,ADBE,384.96,385.0,378.51,382.34,4797074.0
2847,2025-06-24,ADBE,383.6,388.05,382.0,387.55,3718763.0
2848,2025-06-25,ADBE,387.2,389.985,382.87,384.95,3139666.0
2849,2025-06-26,ADBE,385.44,390.31,384.405,385.83,5083803.0
2850,2025-06-29,ADBE,387.3,390.98,384.63,386.88,4645498.0
2851,2025-06-30,ADBE,385.1,392.58,381.5172,392.1,4516381.0
2852,2025-07-01,ADBE,384.64,386.88,372.73,378.47,6912202.0
2853,2025-07-02,ADBE,378.0,383.2,377.8,379.31,2863680.0
2854,2025-07-06,ADBE,378.9,382.22,375.52,376.93,3545108.0
2855,2025-07-07,ADBE,378.5,386.6011,377.18,382.24,3708199.0
2856,2025-07-08,ADBE,383.5,384.7451,370.91,373.38,4726562.0
2857,2025-07-09,ADBE,371.99,373.5,365.51,371.43,4023925.0
2858,2025-07-10,ADBE,368.0,371.15,362.7,363.35,3548721.0
2859,2025-07-13,ADBE,363.185,367.68,360.18,366.99,2898705.0
2860,2025-07-14,ADBE,367.0,368.32,363.88,364.18,2550992.0
2861,2025-07-15,ADBE,364.585,365.5524,358.71,361.77,3592883.0
2862,2025-07-16,ADBE,360.6,366.96,359.28,366.45,3340455.0
2863,2025-07-17,ADBE,367.065,367.79,364.0,365.79,2459234.0
2864,2025-07-20,ADBE,366.49,368.28,363.13,367.68,2770433.0
2865,2025-07-21,ADBE,368.0,374.5,368.0,372.87,2448998.0
2866,2025-07-22,ADBE,373.49,373.99,369.26,372.46,1994599.0
2867,2025-07-23,ADBE,371.9,375.9974,370.61,371.69,2692132.0
2868,2025-07-24,ADBE,372.31,372.405,369.51,370.74,2053161.0
2869,2025-07-27,ADBE,371.03,372.59,368.72,369.47,2984225.0
2870,2025-07-28,ADBE,370.45,376.16,369.7101,370.7,4234200.0
2871,2025-07-29,ADBE,370.68,370.72,363.48,364.0,3295204.0
2872,2025-07-30,ADBE,362.26,362.5,354.27,357.69,4513089.0
2873,2025-07-31,ADBE,355.95,356.29,347.46,347.8,4307890.0
2874,2025-08-03,ADBE,351.16,351.21,338.04,338.85,6449344.0
2875,2025-08-04,ADBE,339.305,342.735,337.35,338.74,3908970.0
2876,2025-08-05,ADBE,341.65,345.66,339.19,345.62,3347165.0
2877,2025-08-06,ADBE,344.04,347.38,332.65,338.27,4661824.0
2878,2025-08-07,ADBE,338.675,341.5684,336.37,341.05,3507764.0
2879,2025-08-10,ADBE,334.53,343.4035,332.465,333.65,4366242.0
2880,2025-08-11,ADBE,333.52,338.76,330.04,338.43,3572414.0
2881,2025-08-12,ADBE,339.54,351.76,337.55,351.07,4375105.0
2882,2025-08-13,ADBE,349.5,351.5599,346.1,348.58,3745646.0
2883,2025-08-14,ADBE,348.33,357.29,348.0,354.85,3718652.0
2884,2025-08-17,ADBE,355.68,358.39,353.0,357.24,2922973.0
2885,2025-08-18,ADBE,359.215,364.24,358.12,361.03,2808040.0
2886,2025-08-19,ADBE,361.68,363.0,353.2,353.43,3727897.0
2887,2025-08-20,ADBE,349.91,353.82,347.0,353.43,2363230.0
2888,2025-08-21,ADBE,355.8,362.65,354.0,362.09,3058636.0
2889,2025-08-24,ADBE,362.56,364.65,361.4,363.21,2259516.0
2890,2025-08-25,ADBE,363.03,363.23,353.695,354.91,4067395.0
2891,2025-08-26,ADBE,355.98,360.37,355.16,356.35,2353776.0
2892,2025-08-27,ADBE,357.63,358.26,349.11,353.96,3803095.0
2893,2025-08-28,ADBE,353.995,357.25,352.455,356.7,2639259.0
2894,2025-09-01,ADBE,350.24,352.7131,341.28,345.63,4229423.0
2895,2025-09-02,ADBE,345.72,348.51,343.36,348.5,3035328.0
2896,2025-09-03,ADBE,342.24,344.405,331.5,344.31,4918293.0
2897,2025-09-04,ADBE,345.805,354.67,345.1013,348.97,4662587.0
2898,2025-09-07,ADBE,348.855,358.82,343.59,358.66,5043305.0
2899,2025-09-08,ADBE,362.75,362.75,353.03,354.06,4324857.0
2900,2025-09-09,ADBE,356.29,359.19,348.12,350.16,4552514.0
2901,2025-09-10,ADBE,354.685,355.25,347.16,350.55,11804184.0
2902,2025-09-11,ADBE,361.1,366.5,341.61,349.36,14146624.0
2903,2025-09-14,ADBE,350.5,358.0,345.05,347.1,6768570.0
2904,2025-09-15,ADBE,350.155,356.94,348.3173,352.73,6696990.0
2905,2025-09-16,ADBE,353.18,365.0,353.18,362.07,6449922.0
2906,2025-09-17,ADBE,366.86,370.86,365.85,367.46,4752377.0
2907,2025-09-18,ADBE,368.94,370.31,362.54,365.9,7693030.0
2908,2025-09-21,ADBE,364.16,365.38,359.36,364.08,4709584.0
2909,2025-09-22,ADBE,364.175,368.73,361.295,361.78,3831134.0
2910,2025-09-23,ADBE,355.595,355.595,347.8,353.27,6140007.0
2911,2025-09-24,ADBE,351.91,357.0,351.5,354.16,3336731.0
2912,2025-09-25,ADBE,353.71,360.715,352.775,360.37,3072990.0
2913,2025-09-28,ADBE,362.04,363.17,358.8,359.42,4075860.0
2914,2025-09-29,ADBE,360.54,362.0,349.9024,352.75,5360695.0
2915,2025-09-30,ADBE,347.16,349.8299,340.05,343.72,6505709.0
2916,2025-10-01,ADBE,343.76,351.73,342.42,351.48,3955434.0
2917,2025-10-02,ADBE,352.0,352.5926,346.305,346.74,3122111.0
2918,2025-10-05,ADBE,346.93,357.34,342.04,350.14,5340202.0
2919,2025-10-06,ADBE,352.59,353.33,344.24,348.31,3275506.0
2920,2025-10-07,ADBE,350.0,354.05,347.52,348.77,3285027.0
2921,2025-10-08,ADBE,349.77,350.6,344.3,347.47,2895504.0
2922,2025-10-09,ADBE,347.91,348.72,336.94,337.51,4282397.0
2923,2025-10-12,ADBE,339.25,340.2765,335.61,339.32,3020060.0
2924,2025-10-13,ADBE,335.22,338.82,332.72,335.94,3036889.0
2925,2025-10-14,ADBE,335.42,335.6,329.205,330.63,3929948.0
2926,2025-10-15,ADBE,333.86,336.65,327.5,329.23,4570870.0
2927,2025-10-16,ADBE,327.745,335.1,327.7,333.26,4035035.0
2928,2025-10-19,ADBE,334.64,344.2,334.25,343.4,3903166.0
2929,2025-10-20,ADBE,343.59,358.37,343.32,357.55,4389672.0
2930,2025-10-21,ADBE,355.48,360.19,352.8701,354.09,3436003.0
2931,2025-10-22,ADBE,352.51,354.35,348.71,354.12,2408077.0
2932,2025-10-23,ADBE,357.21,358.1,353.29,353.52,2016850.0
2933,2025-10-26,ADBE,355.57,358.56,352.4135,357.8,2828152.0
2934,2025-10-27,ADBE,360.0,363.7,357.8,359.91,3005594.0
2935,2025-10-28,ADBE,355.515,355.515,337.05,337.86,6746464.0
2936,2025-10-29,ADBE,338.2,344.6951,333.1,339.24,4373224.0
2937,2025-10-30,ADBE,338.7,341.26,336.8,340.31,3763381.0
2938,2025-11-02,ADBE,340.31,342.46,332.88,337.47,3916593.0
2939,2025-11-03,ADBE,335.02,340.55,332.81,335.35,3694266.0
2940,2025-11-04,ADBE,332.61,336.84,331.24,335.53,2646694.0
2941,2025-11-05,ADBE,333.0,333.2,324.55,327.35,3888696.0
2942,2025-11-06,ADBE,325.83,331.01,323.0329,326.95,4112574.0
2943,2025-11-09,ADBE,328.0,329.9576,325.0,328.85,3086999.0
2944,2025-11-10,ADBE,329.5,334.0,329.13,333.22,2827150.0
2945,2025-11-11,ADBE,333.61,338.4,333.1752,337.05,2990154.0
2946,2025-11-12,ADBE,335.01,340.0,332.795,333.6,3084558.0
2947,2025-11-13,ADBE,332.91,333.75,328.59,331.11,2761396.0
2948,2025-11-16,ADBE,331.105,332.38,324.43,325.07,3299999.0
2949,2025-11-17,ADBE,323.78,326.64,320.8,324.47,3286395.0
2950,2025-11-18,ADBE,323.175,323.36,315.175,318.11,3738436.0
2951,2025-11-19,ADBE,318.87,323.1847,312.09,312.4,3884778.0
2952,2025-11-20,ADBE,313.565,327.75,311.585,324.19,4825412.0
2953,2025-11-23,ADBE,325.0,325.77,318.34,318.73,5414378.0
2954,2025-11-24,ADBE,317.77,321.52,315.57,319.55,3765001.0
2955,2025-11-25,ADBE,319.2,321.67,316.1,317.52,3024994.0
2956,2025-11-27,ADBE,317.8,322.31,317.52,320.13,1802225.0
2957,2025-11-30,ADBE,316.39,326.14,316.11,322.85,3651321.0
2958,2025-12-01,ADBE,321.62,325.96,318.08,322.81,3959502.0
2959,2025-12-02,ADBE,321.98,326.99,320.63,326.78,3082184.0
2960,2025-12-03,ADBE,328.57,330.89,324.12,328.73,3592313.0
2961,2025-12-04,ADBE,330.6,348.59,329.71,346.26,7650368.0
2962,2025-12-07,ADBE,347.445,348.4799,338.06,339.12,4293603.0
2963,2025-12-08,ADBE,341.4,347.775,338.48,344.32,4267653.0
2964,2025-12-09,ADBE,342.125,347.92,340.565,343.13,6789914.0
2965,2025-12-10,ADBE,341.645,357.0,333.79,350.43,10158661.0
2966,2025-12-11,ADBE,351.54,362.71,349.0901,356.43,5483921.0
2967,2025-12-14,ADBE,352.6,355.0,343.88,351.15,5480102.0
2968,2025-12-15,ADBE,350.0,355.86,345.4301,347.89,4118161.0
2969,2025-12-16,ADBE,347.89,357.8,347.8025,354.66,4371591.0
2970,2025-12-17,ADBE,355.87,358.34,351.3636,355.81,3352747.0
2971,2025-12-18,ADBE,355.525,357.55,351.59,355.86,8706340.0
2972,2025-12-21,ADBE,355.59,359.5706,354.7,357.53,2960799.0
2973,2025-12-22,ADBE,357.47,359.6699,350.58,352.42,3052537.0
2974,2025-12-23,ADBE,352.21,354.75,351.11,352.98,1166487.0
2975,2025-12-25,ADBE,352.5,356.23,352.2819,353.8,1455122.0
2976,2025-12-28,ADBE,353.37,356.68,351.16,353.16,2794007.0
2977,2025-12-29,ADBE,352.03,355.2699,350.009,352.51,2252633.0
2978,2025-12-30,ADBE,351.01,352.88,349.69,349.99,2116207.0
2979,2026-01-01,ADBE,350.675,351.12,331.64,333.3,5643504.0
2980,2026-01-04,ADBE,330.11,334.47,327.44,331.56,5012050.0
2981,2026-01-05,ADBE,330.0,336.4,329.5,335.99,3187432.0
2982,2026-01-06,ADBE,336.24,342.78,334.6226,338.1,3183059.0
2983,2026-01-07,ADBE,337.38,343.95,334.675,339.04,3107661.0
2984,2026-01-08,ADBE,335.875,335.875,328.0,333.95,3250098.0
2985,2026-01-11,ADBE,327.77,330.67,323.5,327.65,3541399.0
2986,2026-01-12,ADBE,322.49,323.0,307.91,309.93,7217338.0
2987,2026-01-13,ADBE,308.57,309.73,302.47,304.44,5712622.0
2988,2026-01-14,ADBE,304.97,305.82,301.4,304.09,4774251.0
2989,2026-01-15,ADBE,304.56,304.88,295.42,296.12,8534411.0
2990,2026-01-19,ADBE,294.32,295.0,288.33,290.37,6962010.0
2991,2026-01-20,ADBE,290.765,294.51,288.33,294.23,5645285.0
2992,2026-01-21,ADBE,296.0,301.82,295.2,299.73,4974504.0
2993,2026-01-22,ADBE,301.46,303.84,299.2,301.07,4368651.0
2994,2024-01-28,AMD,178.77,178.885,174.4,177.83,89384452.0
2995,2024-01-29,AMD,176.13,178.48,169.52,172.06,122265677.0
2996,2024-01-30,AMD,165.74,171.3,162.5602,167.69,133157264.0
2997,2024-01-31,AMD,169.27,171.14,165.86,170.48,91576685.0
2998,2024-02-01,AMD,173.79,179.0,173.05,177.66,82134266.0
2999,2024-02-04,AMD,179.09,180.01,171.11,174.23,76349244.0
3000,2024-02-05,AMD,173.15,173.88,165.5,167.88,68854127.0
3001,2024-02-06,AMD,169.47,172.97,168.2,170.94,53665418.0
3002,2024-02-07,AMD,170.33,172.17,168.6,169.35,43385275.0
3003,2024-02-08,AMD,171.0,175.1,168.6601,172.48,56375713.0
3004,2024-02-11,AMD,172.68,177.405,170.67,171.91,58177053.0
3005,2024-02-12,AMD,167.94,173.17,164.3,171.54,63071311.0
3006,2024-02-13,AMD,173.47,178.74,172.88,178.7,57402522.0
3007,2024-02-14,AMD,179.14,180.5,175.26,176.76,51126437.0
3008,2024-02-15,AMD,177.45,180.3301,173.25,173.87,53940342.0
3009,2024-02-19,AMD,171.14,171.81,162.0,165.69,66549992.0
3010,2024-02-20,AMD,162.74,164.9,161.81,164.29,48774556.0
3011,2024-02-21,AMD,173.2,183.83,172.0,181.86,100684733.0
3012,2024-02-22,AMD,181.86,183.8,174.55,176.52,69207367.0
3013,2024-02-25,AMD,178.78,179.84,174.81,176.01,45435093.0
3014,2024-02-26,AMD,175.92,178.46,172.49,178.0,43665241.0
3015,2024-02-27,AMD,176.25,176.84,173.59,176.54,35914414.0
3016,2024-02-28,AMD,179.82,193.0,179.82,192.53,105538483.0
3017,2024-02-29,AMD,197.91,202.72,195.42,202.64,103820773.0
3018,2024-03-03,AMD,205.16,211.01,203.5,205.36,86835338.0
3019,2024-03-04,AMD,200.5,205.33,199.15,205.13,65407112.0
3020,2024-03-05,AMD,210.43,214.8109,207.32,210.63,86686987.0
3021,2024-03-06,AMD,212.52,213.83,208.22,211.38,63869038.0
3022,2024-03-07,AMD,213.41,227.3,205.6,207.39,120815222.0
3023,2024-03-10,AMD,203.01,203.55,196.701,198.39,73098616.0
3024,2024-03-11,AMD,200.52,202.8499,194.27,202.76,68951657.0
3025,2024-03-12,AMD,198.73,198.83,192.7001,194.79,70526879.0
3026,2024-03-13,AMD,192.92,196.93,184.03,187.06,84490526.0
3027,2024-03-14,AMD,184.83,193.7999,184.48,191.06,95289509.0
3028,2024-03-17,AMD,193.285,193.5,188.05,190.65,59306865.0
3029,2024-03-18,AMD,183.16,185.6127,177.3602,181.42,83509459.0
3030,2024-03-19,AMD,182.03,182.68,174.0,179.73,81773114.0
3031,2024-03-20,AMD,185.97,187.69,177.66,178.68,75265596.0
3032,2024-03-21,AMD,177.21,180.76,175.05,179.65,57899071.0
3033,2024-03-24,AMD,172.9,182.8,172.0,178.63,71935313.0
3034,2024-03-25,AMD,179.54,182.5983,176.33,177.87,65322445.0
3035,2024-03-26,AMD,179.96,181.23,175.4,179.59,55685645.0
3036,2024-03-27,AMD,179.47,183.4,178.3,180.49,57628614.0
3037,2024-03-31,AMD,180.1,187.24,179.9,183.34,74299905.0
3038,2024-04-01,AMD,179.47,180.1,174.83,178.7,61598817.0
3039,2024-04-02,AMD,177.54,182.05,176.7,180.77,49835064.0
3040,2024-04-03,AMD,182.92,183.02,165.65,165.83,88279957.0
3041,2024-04-04,AMD,168.1,172.69,165.58,170.42,66080261.0
3042,2024-04-07,AMD,168.2,171.6599,166.82,169.9,43997546.0
3043,2024-04-08,AMD,170.21,171.6,167.29,170.78,42927985.0
3044,2024-04-09,AMD,166.71,169.7752,164.0,167.14,59599958.0
3045,2024-04-10,AMD,167.545,170.9499,166.5492,170.5,48994531.0
3046,2024-04-11,AMD,164.53,165.7,161.825,163.28,63519643.0
3047,2024-04-14,AMD,164.43,164.44,158.76,160.32,61461150.0
3048,2024-04-15,AMD,162.28,164.8799,161.67,163.46,55302100.0
3049,2024-04-16,AMD,163.97,164.45,153.88,154.02,75908969.0
3050,2024-04-17,AMD,155.51,156.96,152.32,155.08,52669816.0
3051,2024-04-18,AMD,151.59,154.25,145.29,146.64,71618197.0
3052,2024-04-21,AMD,148.15,149.89,145.63,148.64,49397034.0
3053,2024-04-22,AMD,151.65,153.495,150.35,152.27,46051911.0
3054,2024-04-23,AMD,156.56,157.6598,150.63,151.74,43412550.0
3055,2024-04-24,AMD,149.15,155.14,146.75,153.76,41471423.0
3056,2024-04-25,AMD,154.24,158.63,153.4252,157.4,42510708.0
3057,2024-04-28,AMD,159.08,160.77,156.26,160.2,43478221.0
3058,2024-04-29,AMD,160.63,162.29,158.35,158.38,60742834.0
3059,2024-04-30,AMD,148.11,151.37,142.14,144.27,89413168.0
3060,2024-05-01,AMD,145.51,147.62,141.155,146.16,50034730.0
3061,2024-05-02,AMD,148.75,150.79,147.2384,150.6,49361081.0
3062,2024-05-05,AMD,153.1,156.65,151.26,155.78,44624546.0
3063,2024-05-06,AMD,156.32,157.7,153.66,154.43,37374906.0
3064,2024-05-07,AMD,153.4,155.33,152.52,153.62,28727963.0
3065,2024-05-08,AMD,153.13,154.092,150.61,152.39,33017962.0
3066,2024-05-09,AMD,154.2874,156.37,151.31,151.92,37652770.0
3067,2024-05-12,AMD,151.28,153.33,150.4,150.56,27859183.0
3068,2024-05-13,AMD,150.43,153.4879,148.78,153.16,31938277.0
3069,2024-05-14,AMD,155.588,159.69,154.7,159.67,43195901.0
3070,2024-05-15,AMD,160.92,168.06,159.9,162.62,76726728.0
3071,2024-05-16,AMD,168.43,169.72,162.32,164.47,65944362.0
3072,2024-05-19,AMD,165.55,168.49,164.47,166.33,45618044.0
3073,2024-05-20,AMD,164.0,165.83,163.1,164.66,30005478.0
3074,2024-05-21,AMD,167.41,169.8148,163.86,165.52,47426719.0
3075,2024-05-22,AMD,170.18,173.14,158.27,160.43,91888841.0
3076,2024-05-23,AMD,161.412,167.66,160.25,166.36,54868646.0
3077,2024-05-27,AMD,169.42,174.55,164.96,171.61,66495414.0
3078,2024-05-28,AMD,167.46,168.48,162.91,165.14,56537503.0
3079,2024-05-29,AMD,167.9,168.7469,163.8,166.75,46479934.0
3080,2024-05-30,AMD,166.65,169.5,160.07,166.9,64331946.0
3081,2024-06-02,AMD,170.82,171.08,160.9101,163.55,59157590.0
3082,2024-06-03,AMD,162.84,164.83,158.8729,159.99,48157209.0
3083,2024-06-04,AMD,162.07,167.12,161.38,166.17,60519494.0
3084,2024-06-05,AMD,165.46,169.51,163.86,166.78,47153676.0
3085,2024-06-06,AMD,166.59,169.45,165.86,167.87,44795998.0
3086,2024-06-09,AMD,162.48,165.55,159.61,160.34,67575627.0
3087,2024-06-10,AMD,160.5,161.54,156.92,158.96,40497092.0
3088,2024-06-11,AMD,160.32,162.24,158.62,160.24,48325813.0
3089,2024-06-12,AMD,160.4,162.66,157.31,159.9,44442511.0
3090,2024-06-13,AMD,158.5,161.3399,157.61,159.63,34054023.0
3091,2024-06-16,AMD,158.0,159.23,154.135,158.4,44507742.0
3092,2024-06-17,AMD,156.99,157.24,153.34,154.63,51852033.0
3093,2024-06-19,AMD,155.825,166.82,155.5,161.78,93245732.0
3094,2024-06-20,AMD,161.75,163.2,157.89,161.23,61334699.0
3095,2024-06-23,AMD,159.75,163.4,158.19,160.25,45954054.0
3096,2024-06-24,AMD,160.73,161.0,156.45,160.25,40975277.0
3097,2024-06-25,AMD,160.6,160.74,156.0,157.54,36973440.0
3098,2024-06-26,AMD,157.18,160.61,156.81,159.47,34018216.0
3099,2024-06-27,AMD,160.23,166.45,159.41,162.21,56204617.0
3100,2024-06-30,AMD,161.25,161.5068,153.64,157.69,50436691.0
3101,2024-07-01,AMD,157.04,164.58,156.7,164.31,57838610.0
3102,2024-07-02,AMD,164.2,165.26,162.51,163.9,26980906.0
3103,2024-07-04,AMD,165.97,174.0396,165.68,171.9,61857052.0
3104,2024-07-07,AMD,174.9,178.95,173.22,178.69,60223422.0
3105,2024-07-08,AMD,177.97,180.41,174.7,177.1,43471169.0
3106,2024-07-09,AMD,179.99,187.28,177.8,183.96,90246965.0
3107,2024-07-10,AMD,184.07,187.11,177.25,181.94,59231412.0
3108,2024-07-11,AMD,182.015,186.99,179.69,181.61,50827368.0
3109,2024-07-14,AMD,184.45,185.5,178.54,179.83,42202726.0
3110,2024-07-15,AMD,179.69,179.75,174.53,177.55,40633058.0
3111,2024-07-16,AMD,169.8,169.8,159.37,159.43,76954198.0
3112,2024-07-17,AMD,163.41,163.41,153.2,155.77,69420335.0
3113,2024-07-18,AMD,154.86,155.81,150.62,151.58,47513063.0
3114,2024-07-21,AMD,154.23,156.7,152.545,155.87,43912459.0
3115,2024-07-22,AMD,154.95,157.05,153.8,154.0,31950579.0
3116,2024-07-23,AMD,152.72,153.68,144.53,144.63,49203120.0
3117,2024-07-24,AMD,144.07,144.75,136.81,138.32,60578529.0
3118,2024-07-25,AMD,140.32,141.29,138.27,139.99,49435825.0
3119,2024-07-28,AMD,141.19,144.585,138.75,139.75,47447194.0
3120,2024-07-29,AMD,139.88,141.7,134.05,138.44,68801709.0
3121,2024-07-30,AMD,150.73,153.603,140.03,144.48,114306763.0
3122,2024-07-31,AMD,145.0,147.29,130.24,132.54,94731931.0
3123,2024-08-01,AMD,133.5,137.1,131.33,132.5,78561997.0
3124,2024-08-04,AMD,122.16,139.14,121.825,134.82,76089361.0
3125,2024-08-05,AMD,135.15,136.44,129.1,130.18,64455613.0
3126,2024-08-06,AMD,133.75,136.24,128.37,128.67,54676492.0
3127,2024-08-07,AMD,131.97,136.48,128.94,136.32,49037454.0
3128,2024-08-08,AMD,134.69,135.5,132.44,134.27,40582992.0
3129,2024-08-11,AMD,134.44,137.99,133.23,136.77,39724343.0
3130,2024-08-12,AMD,138.12,141.19,137.52,141.13,42218019.0
3131,2024-08-13,AMD,143.0,143.25,137.64,140.75,35506434.0
3132,2024-08-14,AMD,143.0,147.96,141.81,147.36,43582387.0
3133,2024-08-15,AMD,145.7,149.3693,145.2,148.56,31123927.0
3134,2024-08-18,AMD,148.43,155.365,147.72,155.28,60766854.0
3135,2024-08-19,AMD,156.49,162.04,154.51,156.4,76851158.0
3136,2024-08-20,AMD,156.12,158.65,155.07,157.81,42791246.0
3137,2024-08-21,AMD,158.87,159.84,151.01,151.7,45737257.0
3138,2024-08-22,AMD,153.6,156.4,151.83,154.98,43694642.0
3139,2024-08-25,AMD,154.7,158.28,148.9101,149.99,49893259.0
3140,2024-08-26,AMD,150.13,151.7,148.44,150.5,35102650.0
3141,2024-08-27,AMD,149.4,150.43,144.72,146.36,34075823.0
3142,2024-08-28,AMD,146.59,149.49,144.47,145.49,31602113.0
3143,2024-08-29,AMD,147.52,148.99,145.25,148.56,31169069.0
3144,2024-09-02,AMD,146.41,146.49,136.1,136.94,42172672.0
3145,2024-09-03,AMD,140.505,143.37,138.51,140.87,42130648.0
3146,2024-09-04,AMD,138.2,141.71,137.83,139.44,25023021.0
3147,2024-09-05,AMD,138.7,139.13,132.1101,134.35,39993507.0
3148,2024-09-08,AMD,136.1,138.445,134.86,138.15,27194508.0
3149,2024-09-09,AMD,139.06,143.08,137.25,142.84,37217528.0
3150,2024-09-10,AMD,145.325,150.16,140.71,149.86,50935390.0
3151,2024-09-11,AMD,148.43,151.54,147.65,150.77,29286166.0
3152,2024-09-12,AMD,152.32,153.03,150.7,152.31,25117241.0
3153,2024-09-15,AMD,151.7,154.44,150.912,152.08,27677761.0
3154,2024-09-16,AMD,153.55,154.045,149.225,150.82,29888994.0
3155,2024-09-17,AMD,150.9,152.82,148.01,148.29,26320083.0
3156,2024-09-18,AMD,153.81,159.25,152.77,156.74,44499983.0
3157,2024-09-19,AMD,156.0,157.45,152.47,155.95,40248201.0
3158,2024-09-22,AMD,156.445,157.19,154.97,156.75,21728542.0
3159,2024-09-23,AMD,157.46,159.64,154.58,158.32,27531200.0
3160,2024-09-24,AMD,158.5,162.95,158.18,162.02,35233264.0
3161,2024-09-25,AMD,167.055,168.68,164.05,167.49,38044919.0
3162,2024-09-26,AMD,167.48,168.7286,163.74,164.35,27876037.0
3163,2024-09-29,AMD,163.1,165.08,162.18,164.08,21920300.0
3164,2024-09-30,AMD,164.48,165.4,158.08,159.75,31831860.0
3165,2024-10-01,AMD,159.31,163.1,158.6689,159.78,24630431.0
3166,2024-10-02,AMD,159.71,166.7894,159.4,162.85,29598787.0
3167,2024-10-03,AMD,166.533,171.21,164.42,170.9,44640296.0
3168,2024-10-06,AMD,171.08,172.41,168.21,170.97,38379930.0
3169,2024-10-07,AMD,171.75,173.6,170.0,172.8,34730152.0
3170,2024-10-08,AMD,174.05,174.05,169.55,171.02,33890735.0
3171,2024-10-09,AMD,169.76,172.01,162.0,164.18,75113590.0
3172,2024-10-10,AMD,164.185,169.35,163.0101,167.89,42136175.0
3173,2024-10-13,AMD,167.77,168.9,165.15,165.27,31757205.0
3174,2024-10-14,AMD,163.21,164.13,155.74,156.64,50768024.0
3175,2024-10-15,AMD,158.075,158.28,154.9159,156.13,30575773.0
3176,2024-10-16,AMD,160.0,160.44,156.2,156.25,29491853.0
3177,2024-10-17,AMD,157.41,158.01,155.56,155.97,23822985.0
3178,2024-10-20,AMD,155.76,158.0,154.15,157.9,25781212.0
3179,2024-10-21,AMD,156.6,156.74,151.91,154.09,34997352.0
3180,2024-10-22,AMD,153.0,153.445,150.52,152.91,26095933.0
3181,2024-10-23,AMD,154.74,155.19,152.35,153.44,22877016.0
3182,2024-10-24,AMD,155.4,158.91,155.05,156.23,29758489.0
3183,2024-10-27,AMD,158.5,160.28,157.045,159.92,36010134.0
3184,2024-10-28,AMD,161.1,167.5099,158.94,166.25,71896038.0
3185,2024-10-29,AMD,153.01,153.12,148.1,148.6,87701674.0
3186,2024-10-30,AMD,147.8,148.68,143.33,144.07,44386597.0
3187,2024-10-31,AMD,144.44,144.54,141.32,141.86,39027430.0
3188,2024-11-03,AMD,141.7,143.64,139.72,140.71,29117421.0
3189,2024-11-04,AMD,141.94,143.08,140.8,141.66,27067330.0
3190,2024-11-05,AMD,144.95,145.625,141.52,145.1,32911499.0
3191,2024-11-06,AMD,146.68,150.12,145.66,149.82,30326430.0
3192,2024-11-07,AMD,149.39,150.71,147.525,147.95,27560342.0
3193,2024-11-10,AMD,147.38,148.57,144.91,147.35,29868125.0
3194,2024-11-11,AMD,147.0,147.45,141.5501,143.63,33560287.0
3195,2024-11-12,AMD,142.86,144.49,139.07,139.3,35146648.0
3196,2024-11-13,AMD,140.34,141.4,138.56,138.84,31681410.0
3197,2024-11-14,AMD,136.575,137.35,133.65,134.9,44217530.0
3198,2024-11-17,AMD,138.185,140.9,137.21,138.93,38782434.0
3199,2024-11-18,AMD,137.41,139.75,137.14,139.39,23131352.0
3200,2024-11-19,AMD,138.96,140.77,135.48,137.6,28843065.0
3201,2024-11-20,AMD,138.87,140.2799,134.93,137.49,29311442.0
3202,2024-11-21,AMD,137.35,139.13,137.04,138.35,21784728.0
3203,2024-11-24,AMD,140.49,142.35,139.05,141.13,30923110.0
3204,2024-11-25,AMD,142.55,142.8,136.62,137.72,32092378.0
3205,2024-11-26,AMD,137.2,137.94,132.96,136.24,30175287.0
3206,2024-11-28,AMD,136.24,138.5876,135.78,137.175,16085714.0
3207,2024-12-01,AMD,137.915,142.82,137.8,142.06,33102438.0
3208,2024-12-02,AMD,142.58,143.4495,141.0801,141.98,22665348.0
3209,2024-12-03,AMD,142.96,144.12,141.18,143.99,25942650.0
3210,2024-12-04,AMD,143.68,143.95,140.38,141.36,29576925.0
3211,2024-12-05,AMD,141.48,142.7852,137.4,138.59,33576839.0
3212,2024-12-08,AMD,135.71,135.77,130.0,130.87,57055558.0
3213,2024-12-09,AMD,131.56,131.56,127.07,127.74,38907198.0
3214,2024-12-10,AMD,128.52,131.21,126.2201,130.15,45588138.0
3215,2024-12-11,AMD,130.0,132.32,129.07,130.6,34267091.0
3216,2024-12-12,AMD,131.3,131.3,124.77,126.91,67544738.0
3217,2024-12-15,AMD,126.01,127.76,123.12,126.69,42090277.0
3218,2024-12-16,AMD,124.45,127.08,123.15,125.02,43314939.0
3219,2024-12-17,AMD,125.43,127.75,120.43,121.41,49724442.0
3220,2024-12-18,AMD,122.16,123.38,118.45,118.88,46160667.0
3221,2024-12-19,AMD,118.0,121.86,117.9,119.21,53591212.0
3222,2024-12-22,AMD,120.71,126.3387,120.47,124.6,47777898.0
3223,2024-12-23,AMD,127.51,127.51,124.66,126.29,24829564.0
3224,2024-12-25,AMD,125.52,127.2999,125.05,125.06,25139138.0
3225,2024-12-26,AMD,124.37,126.18,122.26,125.19,32924011.0
3226,2024-12-29,AMD,123.562,124.1,122.35,122.44,30501637.0
3227,2024-12-30,AMD,123.1,123.55,120.138,120.79,30203428.0
3228,2025-01-01,AMD,122.29,123.14,119.44,120.63,34256182.0
3229,2025-01-02,AMD,121.65,125.56,121.42,125.37,36785299.0
3230,2025-01-05,AMD,129.07,130.73,127.36,129.55,48020190.0
3231,2025-01-06,AMD,130.51,131.71,126.8537,127.33,39220408.0
3232,2025-01-07,AMD,124.51,125.3,120.1201,121.84,46723136.0
3233,2025-01-09,AMD,118.18,118.71,114.4501,116.04,59415614.0
3234,2025-01-12,AMD,115.28,117.48,114.41,117.32,39128897.0
3235,2025-01-13,AMD,118.0,118.66,114.5,116.09,37005279.0
3236,2025-01-14,AMD,117.55,120.42,117.46,119.96,38185819.0
3237,2025-01-15,AMD,120.24,121.09,118.25,118.44,29414126.0
3238,2025-01-16,AMD,120.78,122.74,120.55,121.46,35765924.0
3239,2025-01-20,AMD,122.39,123.75,121.1201,122.28,31578832.0
3240,2025-01-21,AMD,123.08,125.65,121.912,123.75,35023842.0
3241,2025-01-22,AMD,121.425,123.71,120.63,123.04,24921108.0
3242,2025-01-23,AMD,124.55,125.25,122.23,122.84,31570300.0
3243,2025-01-26,AMD,117.8,118.08,112.8,115.01,61067888.0
3244,2025-01-27,AMD,115.175,116.15,112.95,114.17,40554760.0
3245,2025-01-28,AMD,115.77,118.52,114.96,117.35,40199052.0
3246,2025-01-29,AMD,118.53,120.44,117.09,118.86,29788383.0
3247,2025-01-30,AMD,119.14,119.565,115.33,115.95,40533565.0
3248,2025-02-02,AMD,113.875,115.16,112.98,114.27,34586051.0
3249,2025-02-03,AMD,115.45,119.85,114.79,119.5,69412094.0
3250,2025-02-04,AMD,107.61,112.09,106.5,112.01,110609343.0
3251,2025-02-05,AMD,110.93,112.56,109.02,110.16,50426590.0
3252,2025-02-06,AMD,109.13,109.92,106.79,107.56,46082499.0
3253,2025-02-09,AMD,108.44,111.4,108.15,110.48,34905359.0
3254,2025-02-10,AMD,108.98,113.07,108.94,111.1,35033759.0
3255,2025-02-11,AMD,109.52,111.8356,109.0649,111.72,25319729.0
3256,2025-02-12,AMD,112.0,114.6,110.4,111.81,40911804.0
3257,2025-02-13,AMD,112.65,114.63,111.7,113.1,32477159.0
3258,2025-02-17,AMD,114.05,115.55,113.45,114.28,31720307.0
3259,2025-02-18,AMD,114.245,116.11,113.14,114.69,28807709.0
3260,2025-02-19,AMD,115.01,116.55,113.105,114.17,27219565.0
3261,2025-02-20,AMD,114.845,115.76,110.43,110.84,41353683.0
3262,2025-02-23,AMD,111.49,111.6,107.98,108.11,29072208.0
3263,2025-02-24,AMD,107.885,108.64,103.62,103.96,39169161.0
3264,2025-02-25,AMD,104.945,105.7999,103.99,104.74,29178213.0
3265,2025-02-26,AMD,105.08,105.76,99.5,99.51,47263727.0
3266,2025-02-27,AMD,99.56,101.8,98.69,99.86,45194576.0
3267,2025-03-02,AMD,101.515,102.34,97.09,98.23,38957988.0
3268,2025-03-03,AMD,96.0,103.18,95.89,100.75,54156941.0
3269,2025-03-04,AMD,100.36,101.84,98.87,101.67,27855488.0
3270,2025-03-05,AMD,99.05,101.08,98.27,98.85,28984978.0
3271,2025-03-06,AMD,98.88,100.65,96.39,100.31,33254367.0
3272,2025-03-09,AMD,98.57,101.29,95.83,96.63,38733186.0
3273,2025-03-10,AMD,96.79,98.1599,94.73,96.76,34078300.0
3274,2025-03-11,AMD,99.045,101.715,98.17,100.79,34241287.0
3275,2025-03-12,AMD,99.715,100.07,97.27,98.11,28575150.0
3276,2025-03-13,AMD,99.64,101.22,99.58,100.97,24715265.0
3277,2025-03-16,AMD,102.6,106.15,102.6,104.59,43689523.0
3278,2025-03-17,AMD,103.85,104.55,102.97,103.51,27152827.0
3279,2025-03-18,AMD,104.42,107.9,101.96,106.23,32287496.0
3280,2025-03-19,AMD,105.12,108.26,105.12,107.14,26871839.0
3281,2025-03-20,AMD,105.33,107.25,104.33,106.44,30767938.0
3282,2025-03-23,AMD,109.73,114.85,109.4,113.85,53342002.0
3283,2025-03-24,AMD,113.265,114.95,112.71,114.81,29077507.0
3284,2025-03-25,AMD,114.11,115.8999,108.68,110.19,39976485.0
3285,2025-03-26,AMD,106.11,107.62,105.5499,106.65,32773714.0
3286,2025-03-27,AMD,105.525,106.51,102.48,103.22,31069114.0
3287,2025-03-30,AMD,100.235,102.82,98.8,102.74,30865342.0
3288,2025-03-31,AMD,102.16,102.83,100.93,102.78,23523230.0
3289,2025-04-01,AMD,101.52,104.185,100.76,102.96,20793989.0
3290,2025-04-02,AMD,97.79,99.4499,93.64,93.8,50472542.0
3291,2025-04-03,AMD,90.1,91.08,83.67,85.76,65847021.0
3292,2025-04-06,AMD,80.68,89.0,77.75,83.64,70515429.0
3293,2025-04-07,AMD,86.145,88.93,76.48,78.21,69910233.0
3294,2025-04-08,AMD,79.22,97.91,78.87,96.84,97827352.0
3295,2025-04-09,AMD,91.0,92.95,85.06,88.7,65210565.0
3296,2025-04-10,AMD,90.51,94.76,90.5,93.4,57892600.0
3297,2025-04-13,AMD,97.11,97.3699,93.45,94.5,36002970.0
3298,2025-04-14,AMD,94.66,96.85,94.62,95.29,28116536.0
3299,2025-04-15,AMD,87.61,90.47,85.295,88.29,62109016.0
3300,2025-04-16,AMD,88.84,89.03,86.515,87.5,34801437.0
3301,2025-04-20,AMD,86.015,86.14,83.75,85.56,33855392.0
3302,2025-04-21,AMD,86.12,87.17,85.17,86.26,35236735.0
3303,2025-04-22,AMD,91.875,93.74,90.12,90.39,41102589.0
3304,2025-04-23,AMD,91.59,94.75,90.37,94.47,33681919.0
3305,2025-04-24,AMD,93.275,97.1,92.85,96.645,28575343.0
3306,2025-04-27,AMD,95.575,97.4865,94.27,96.39,30456683.0
3307,2025-04-28,AMD,95.755,97.1767,95.33,96.06,20700637.0
3308,2025-04-29,AMD,92.81,97.55,91.87,97.35,29730729.0
3309,2025-04-30,AMD,99.265,100.1,96.45,96.65,29591507.0
3310,2025-05-01,AMD,98.4,99.88,98.3,98.8,29957888.0
3311,2025-05-04,AMD,99.0,102.05,98.76,100.59,41268886.0
3312,2025-05-05,AMD,98.41,100.07,97.44,98.62,54264254.0
3313,2025-05-06,AMD,100.75,103.42,96.88,100.36,86648749.0
3314,2025-05-07,AMD,101.92,105.44,101.56,101.7,54231362.0
3315,2025-05-08,AMD,102.585,103.54,101.6,102.84,31704261.0
3316,2025-05-11,AMD,110.415,110.667,106.98,108.12,50543396.0
3317,2025-05-12,AMD,109.6,113.1277,109.0,112.46,55659513.0
3318,2025-05-13,AMD,119.83,122.52,116.59,117.72,86743700.0
3319,2025-05-14,AMD,117.02,117.5,114.01,114.99,43843235.0
3320,2025-05-15,AMD,118.07,118.24,116.01,117.17,43419695.0
3321,2025-05-18,AMD,115.015,115.53,114.06,114.74,37737373.0
3322,2025-05-19,AMD,114.35,114.51,112.08,113.51,29030815.0
3323,2025-05-20,AMD,113.85,116.1,111.09,112.06,43594606.0
3324,2025-05-21,AMD,111.9,112.64,110.61,110.71,29251957.0
3325,2025-05-22,AMD,108.085,111.015,107.6671,110.31,30867274.0
3326,2025-05-26,AMD,113.175,115.395,112.27,114.56,37885019.0
3327,2025-05-27,AMD,114.915,114.948,112.66,112.86,27483741.0
3328,2025-05-28,AMD,115.485,115.54,112.13,113.03,30572131.0
3329,2025-05-29,AMD,111.584,112.11,108.6154,110.73,36088472.0
3330,2025-06-01,AMD,111.06,114.86,111.01,114.63,34078358.0
3331,2025-06-02,AMD,114.5,117.68,113.28,117.31,37161484.0
3332,2025-06-03,AMD,117.41,119.295,115.73,118.58,31024986.0
3333,2025-06-04,AMD,118.95,119.2448,114.71,115.69,34182902.0
3334,2025-06-05,AMD,117.685,118.38,115.88,116.19,27042083.0
3335,2025-06-08,AMD,119.18,122.3699,119.04,121.73,55437652.0
3336,2025-06-09,AMD,121.105,124.09,120.8,123.24,41691908.0
3337,2025-06-10,AMD,124.44,124.47,119.88,121.14,32261863.0
3338,2025-06-11,AMD,120.615,122.25,118.03,118.5,44718365.0
3339,2025-06-12,AMD,116.045,117.883,115.06,116.16,39702742.0
3340,2025-06-15,AMD,118.635,128.1393,117.78,126.39,100968478.0
3341,2025-06-16,AMD,127.93,130.7,126.58,127.1,86623910.0
3342,2025-06-17,AMD,128.01,129.21,125.77,126.79,49627112.0
3343,2025-06-19,AMD,129.0,132.805,127.55,128.24,79930980.0
3344,2025-06-22,AMD,130.47,133.25,126.82,129.58,65152874.0
3345,2025-06-23,AMD,133.43,138.79,132.93,138.43,78571997.0
3346,2025-06-24,AMD,140.94,144.18,139.46,143.4,74607219.0
3347,2025-06-25,AMD,145.97,146.0,141.91,143.68,58180081.0
3348,2025-06-26,AMD,144.18,147.7504,141.63,143.81,61937853.0
3349,2025-06-29,AMD,144.0,146.0,141.01,141.9,42972468.0
3350,2025-06-30,AMD,138.77,140.23,135.1202,136.11,55257237.0
3351,2025-07-01,AMD,135.53,139.78,135.22,138.52,39227986.0
3352,2025-07-02,AMD,139.11,139.5,137.32,137.91,28645993.0
3353,2025-07-06,AMD,136.56,137.44,133.5,134.8,37395010.0
3354,2025-07-07,AMD,137.32,139.15,135.91,137.82,36124612.0
3355,2025-07-08,AMD,138.69,140.65,137.59,138.41,37013130.0
3356,2025-07-09,AMD,143.0,145.82,141.85,144.16,61101465.0
3357,2025-07-10,AMD,142.6,147.4,141.6,146.42,50049179.0
3358,2025-07-13,AMD,145.09,147.58,141.9,146.24,44718554.0
3359,2025-07-14,AMD,153.75,158.68,153.56,155.61,93370081.0
3360,2025-07-15,AMD,155.31,160.36,152.85,160.08,59492760.0
3361,2025-07-16,AMD,161.81,161.96,158.68,160.41,50605117.0
3362,2025-07-17,AMD,159.59,160.83,155.81,156.99,48859835.0
3363,2025-07-20,AMD,157.62,160.34,156.92,157.0,39021130.0
3364,2025-07-21,AMD,156.2,156.2291,149.34,154.72,49028017.0
3365,2025-07-22,AMD,156.315,159.4485,156.0,158.65,41510896.0
3366,2025-07-23,AMD,159.12,163.93,158.36,162.12,48440112.0
3367,2025-07-24,AMD,163.505,167.175,162.36,166.47,53432260.0
3368,2025-07-27,AMD,169.08,174.7,168.67,173.66,68267835.0
3369,2025-07-28,AMD,175.205,182.31,174.68,177.44,108154838.0
3370,2025-07-29,AMD,175.605,180.37,173.8,179.51,64820291.0
3371,2025-07-30,AMD,182.015,182.5,173.0,176.31,71765285.0
3372,2025-07-31,AMD,170.16,174.4,166.82,171.7,75396130.0
3373,2025-08-03,AMD,174.605,177.86,173.56,176.78,52951044.0
3374,2025-08-04,AMD,177.565,177.99,171.8,174.31,88808520.0
3375,2025-08-05,AMD,165.05,166.18,157.8,163.12,133641835.0
3376,2025-08-06,AMD,166.835,175.75,166.7,172.4,95448310.0
3377,2025-08-07,AMD,174.04,176.48,170.52,172.76,68866692.0
3378,2025-08-10,AMD,170.04,178.82,169.38,172.28,70651033.0
3379,2025-08-11,AMD,173.32,175.16,168.5,174.95,52335746.0
3380,2025-08-12,AMD,179.91,186.65,179.38,184.42,108305129.0
3381,2025-08-13,AMD,179.83,185.44,179.56,180.95,66308821.0
3382,2025-08-14,AMD,180.06,180.14,176.25,177.51,51543136.0
3383,2025-08-17,AMD,176.755,178.7953,174.36,176.14,35937528.0
3384,2025-08-18,AMD,173.1,173.17,166.1,166.55,64455006.0
3385,2025-08-19,AMD,164.1,166.65,158.25,165.2,60233226.0
3386,2025-08-20,AMD,165.86,165.8799,162.2558,163.71,37880461.0
3387,2025-08-21,AMD,162.17,168.53,161.8,167.76,43998605.0
3388,2025-08-24,AMD,165.55,165.59,161.72,163.36,36134684.0
3389,2025-08-25,AMD,168.65,169.77,164.91,166.62,52138562.0
3390,2025-08-26,AMD,166.04,167.68,164.65,167.13,37031044.0
3391,2025-08-27,AMD,168.5,170.99,166.65,168.58,36285192.0
3392,2025-08-28,AMD,166.81,168.57,161.9,162.63,37516824.0
3393,2025-09-01,AMD,158.42,162.3916,156.62,162.32,38656131.0
3394,2025-09-02,AMD,161.81,164.75,160.58,162.13,30752786.0
3395,2025-09-03,AMD,159.935,162.05,157.79,161.79,32103496.0
3396,2025-09-04,AMD,157.12,157.14,150.18,151.14,78255950.0
3397,2025-09-07,AMD,151.8,152.6388,149.22,151.41,41848995.0
3398,2025-09-08,AMD,151.99,156.66,151.93,155.82,42802472.0
3399,2025-09-09,AMD,163.54,164.525,158.0,159.54,52465270.0
3400,2025-09-10,AMD,158.62,160.21,154.99,155.67,48817715.0
3401,2025-09-11,AMD,157.0,160.41,154.92,158.57,42232777.0
3402,2025-09-14,AMD,160.01,162.3,157.6012,161.16,36808726.0
3403,2025-09-15,AMD,161.37,161.95,159.22,160.46,27946478.0
3404,2025-09-16,AMD,159.28,161.63,155.76,159.16,41823842.0
3405,2025-09-17,AMD,150.96,158.7699,149.85,157.92,84549468.0
3406,2025-09-18,AMD,157.38,159.84,155.9,157.39,55448076.0
3407,2025-09-21,AMD,157.42,162.68,157.42,159.79,46505480.0
3408,2025-09-22,AMD,160.52,163.39,159.21,160.9,39448320.0
3409,2025-09-23,AMD,162.98,165.1,158.43,160.88,38464120.0
3410,2025-09-24,AMD,157.135,161.63,154.7798,161.27,36809877.0
3411,2025-09-25,AMD,160.52,162.11,157.05,159.46,30316931.0
3412,2025-09-28,AMD,160.12,164.3,159.9,161.36,39828794.0
3413,2025-09-29,AMD,160.795,162.28,159.33,161.79,29669331.0
3414,2025-09-30,AMD,160.93,164.18,160.49,164.01,39895177.0
3415,2025-10-01,AMD,168.675,171.06,166.12,169.73,55475228.0
3416,2025-10-02,AMD,170.68,170.68,163.14,164.67,42699147.0
3417,2025-10-05,AMD,226.445,226.709,203.01,203.71,248859576.0
3418,2025-10-06,AMD,214.85,218.9,209.28,211.51,115748143.0
3419,2025-10-07,AMD,212.95,235.87,210.695,235.56,159983459.0
3420,2025-10-08,AMD,236.3,240.1,229.53,232.89,94290740.0
3421,2025-10-09,AMD,232.77,234.22,213.2001,214.9,118656636.0
3422,2025-10-12,AMD,220.2,224.1899,214.9,216.42,63104021.0
3423,2025-10-13,AMD,219.2,224.98,215.9,218.09,71216269.0
3424,2025-10-14,AMD,222.705,239.24,220.7601,238.6,108480962.0
3425,2025-10-15,AMD,236.285,241.2,232.24,234.56,69726437.0
3426,2025-10-16,AMD,233.26,235.38,227.91,233.08,55804203.0
3427,2025-10-19,AMD,236.465,242.88,234.4,240.56,56741695.0
3428,2025-10-20,AMD,239.39,242.26,234.02,238.03,47122393.0
3429,2025-10-21,AMD,236.85,240.1324,224.88,230.23,59668778.0
3430,2025-10-22,AMD,230.16,235.9,228.54,234.99,39024429.0
3431,2025-10-23,AMD,243.36,253.39,241.95,252.92,71221144.0
3432,2025-10-26,AMD,257.88,260.42,249.8001,259.67,65613111.0
3433,2025-10-27,AMD,259.14,264.58,257.0,258.01,47448669.0
3434,2025-10-28,AMD,264.19,267.0799,257.4044,264.33,49335594.0
3435,2025-10-29,AMD,259.92,263.88,252.31,254.84,45162492.0
3436,2025-10-30,AMD,259.6,262.13,253.4064,256.12,34449205.0
3437,2025-11-02,AMD,259.33,260.91,253.89,259.65,36351420.0
3438,2025-11-03,AMD,250.35,257.38,247.39,250.05,56491830.0
3439,2025-11-04,AMD,243.24,259.65,242.805,256.33,67366572.0
3440,2025-11-05,AMD,253.465,253.51,235.74,237.7,66049698.0
3441,2025-11-06,AMD,230.94,235.87,224.6401,233.54,52162576.0
3442,2025-11-09,AMD,242.135,248.9,240.5,243.98,43361641.0
3443,2025-11-10,AMD,241.655,248.46,234.64,237.52,61336768.0
3444,2025-11-11,AMD,253.13,263.51,250.0,258.89,108941979.0
3445,2025-11-12,AMD,251.9,259.6309,246.06,247.96,63178592.0
3446,2025-11-13,AMD,240.11,253.44,235.08,246.81,47655644.0
3447,2025-11-16,AMD,242.745,248.77,237.15,240.52,37942206.0
3448,2025-11-17,AMD,236.78,238.0,224.71,230.29,45619850.0
3449,2025-11-18,AMD,230.26,235.2799,219.7101,223.55,52093445.0
3450,2025-11-19,AMD,232.7,234.25,204.53,206.02,66342870.0
3451,2025-11-20,AMD,208.805,208.83,195.0,203.78,67421145.0
3452,2025-11-23,AMD,207.16,217.13,205.85,215.05,46749561.0
3453,2025-11-24,AMD,201.475,206.58,194.275,206.13,69773496.0
3454,2025-11-25,AMD,210.05,215.5899,207.0,214.24,43270240.0
3455,2025-11-27,AMD,216.135,218.3,214.02,217.53,18657987.0
3456,2025-11-30,AMD,213.875,220.98,213.5,219.76,30768722.0
3457,2025-12-01,AMD,221.79,225.98,214.39,215.24,42002462.0
3458,2025-12-02,AMD,216.26,218.2,211.7686,217.6,28545180.0
3459,2025-12-03,AMD,216.875,219.12,214.14,215.98,24478204.0
3460,2025-12-04,AMD,217.165,223.642,216.24,217.97,33292396.0
3461,2025-12-07,AMD,219.085,223.71,218.36,221.11,30943182.0
3462,2025-12-08,AMD,221.04,224.84,217.907,221.62,25166128.0
3463,2025-12-09,AMD,222.0,222.605,218.67,221.42,23279366.0
3464,2025-12-10,AMD,217.81,221.4989,210.1901,221.43,30694649.0
3465,2025-12-11,AMD,218.37,222.49,209.06,210.78,37073910.0
3466,2025-12-14,AMD,212.28,215.36,206.58,207.58,27222196.0
3467,2025-12-15,AMD,206.92,210.22,205.11,209.17,23467569.0
3468,2025-12-16,AMD,210.035,211.5,197.53,198.11,31595409.0
3469,2025-12-17,AMD,203.815,206.36,200.5001,201.06,29720136.0
3470,2025-12-18,AMD,204.6,215.18,204.2001,213.43,58445450.0
3471,2025-12-21,AMD,220.0,220.17,213.31,214.95,24950728.0
3472,2025-12-22,AMD,212.855,217.03,212.28,214.9,20272288.0
3473,2025-12-23,AMD,214.98,216.54,213.97,215.04,7956797.0
3474,2025-12-25,AMD,215.43,216.83,213.03,214.99,15792558.0
3475,2025-12-28,AMD,211.575,216.047,209.24,215.61,20326855.0
3476,2025-12-29,AMD,215.865,216.82,214.33,215.34,16409566.0
3477,2025-12-30,AMD,215.815,217.64,213.8,214.16,17591581.0
3478,2026-01-01,AMD,218.9,227.15,218.895,223.47,36446169.0
3479,2026-01-04,AMD,230.245,234.02,220.48,221.08,31941147.0
3480,2026-01-05,AMD,222.71,222.92,211.25,214.35,40033208.0
3481,2026-01-06,AMD,212.125,212.125,207.17,210.02,29715483.0
3482,2026-01-07,AMD,210.9,210.94,203.33,204.68,27505031.0
3483,2026-01-08,AMD,205.72,207.3,203.07,203.17,24217339.0
3484,2026-01-11,AMD,201.18,209.88,199.8,207.69,27287274.0
3485,2026-01-12,AMD,215.1,223.11,214.975,220.97,56894937.0
3486,2026-01-13,AMD,217.54,224.09,215.11,223.6,40466520.0
3487,2026-01-14,AMD,227.9,238.35,227.22,227.92,55270210.0
3488,2026-01-15,AMD,234.3,234.49,228.86,231.83,42545614.0
3489,2026-01-19,AMD,226.08,239.5,225.4105,231.92,44327712.0
3490,2026-01-20,AMD,235.99,252.9,235.78,249.8,62385578.0
3491,2026-01-21,AMD,251.745,256.08,246.632,253.73,37945005.0
3492,2026-01-22,AMD,261.18,266.96,256.25,259.68,47525928.0
3493,2024-01-28,AES,17.15,17.36,16.83,17.28,4555981.0
3494,2024-01-29,AES,17.17,17.24,16.785,16.97,4966119.0
3495,2024-01-30,AES,16.94,17.02,16.58,16.68,7354761.0
3496,2024-01-31,AES,16.73,17.16,16.53,17.16,4543295.0
3497,2024-02-01,AES,16.76,17.3,16.35,17.02,10426905.0
3498,2024-02-04,AES,16.69,16.775,16.23,16.51,5550577.0
3499,2024-02-05,AES,16.42,16.65,16.37,16.5,5464376.0
3500,2024-02-06,AES,16.62,16.71,16.15,16.32,8234054.0
3501,2024-02-07,AES,16.25,16.325,15.97,16.2,6388948.0
3502,2024-02-08,AES,16.19,16.48,16.13,16.46,5498441.0
3503,2024-02-11,AES,16.52,16.895,16.405,16.88,6294070.0
3504,2024-02-12,AES,16.43,16.54,15.695,16.0,7946418.0
3505,2024-02-13,AES,16.13,16.355,15.89,16.14,7907874.0
3506,2024-02-14,AES,16.36,16.92,16.3,16.78,6395735.0
3507,2024-02-15,AES,16.52,16.85,16.41,16.77,5774029.0
3508,2024-02-19,AES,16.61,16.89,16.4,16.42,5732645.0
3509,2024-02-20,AES,16.45,16.64,16.32,16.55,4480922.0
3510,2024-02-21,AES,16.4,16.555,15.99,16.0,6580039.0
3511,2024-02-22,AES,16.03,16.21,15.91,16.0,5890604.0
3512,2024-02-25,AES,15.88,15.94,15.405,15.55,10295567.0
3513,2024-02-26,AES,15.79,16.02,14.685,15.1,14453763.0
3514,2024-02-27,AES,15.02,15.3795,14.86,15.06,11942436.0
3515,2024-02-28,AES,15.26,15.55,15.135,15.2,8748095.0
3516,2024-02-29,AES,15.2,15.51,14.835,15.47,7914110.0
3517,2024-03-03,AES,15.48,16.24,15.43,16.07,7254951.0
3518,2024-03-04,AES,16.1,17.18,16.02,16.15,16423224.0
3519,2024-03-05,AES,16.61,16.715,16.085,16.22,13567067.0
3520,2024-03-06,AES,16.5,16.53,16.15,16.16,6692625.0
3521,2024-03-07,AES,16.34,16.396,16.08,16.25,17778757.0
3522,2024-03-10,AES,16.28,16.67,16.17,16.39,10349547.0
3523,2024-03-11,AES,16.32,16.36,15.8,15.94,6213981.0
3524,2024-03-12,AES,16.01,16.2,15.71,15.75,12248480.0
3525,2024-03-13,AES,15.65,15.81,14.86,15.03,14105340.0
3526,2024-03-14,AES,15.06,15.26,14.93,15.01,16883979.0
3527,2024-03-17,AES,15.0,15.06,14.74,14.88,9107039.0
3528,2024-03-18,AES,14.97,15.675,14.86,15.54,8790772.0
3529,2024-03-19,AES,15.45,15.61,15.27,15.54,9195190.0
3530,2024-03-20,AES,15.55,15.9,15.5,15.76,34627820.0
3531,2024-03-21,AES,15.97,16.335,15.82,16.24,11787447.0
3532,2024-03-24,AES,16.24,16.53,16.17,16.45,10622756.0
3533,2024-03-25,AES,16.59,16.88,16.49,16.64,14859335.0
3534,2024-03-26,AES,16.88,17.29,16.65,17.25,10702732.0
3535,2024-03-27,AES,17.33,17.98,17.23,17.93,11784172.0
3536,2024-03-31,AES,18.07,18.11,17.6,18.07,8752551.0
3537,2024-04-01,AES,17.95,18.11,17.665,17.82,7593175.0
3538,2024-04-02,AES,17.74,17.99,17.67,17.9,6434644.0
3539,2024-04-03,AES,18.22,18.6475,18.07,18.14,9475625.0
3540,2024-04-04,AES,18.0,18.28,17.765,18.08,7587158.0
3541,2024-04-07,AES,18.29,18.375,18.05,18.3,7052113.0
3542,2024-04-08,AES,18.37,18.535,18.09,18.29,7805764.0
3543,2024-04-09,AES,17.8,17.82,17.35,17.68,6844517.0
3544,2024-04-10,AES,17.91,17.92,17.4709,17.82,8324836.0
3545,2024-04-11,AES,17.72,17.965,16.83,16.85,7682462.0
3546,2024-04-14,AES,16.9,17.205,15.92,16.16,10443247.0
3547,2024-04-15,AES,16.1,16.23,15.815,15.91,12295418.0
3548,2024-04-16,AES,16.01,16.33,15.73,16.14,7886993.0
3549,2024-04-17,AES,16.34,16.505,16.15,16.27,5497649.0
3550,2024-04-18,AES,16.23,16.49,16.2,16.4,7100682.0
3551,2024-04-21,AES,16.42,16.76,16.185,16.7,6514883.0
3552,2024-04-22,AES,16.65,17.33,16.61,17.13,5742388.0
3553,2024-04-23,AES,16.94,17.438,16.87,17.37,5290136.0
3554,2024-04-24,AES,17.18,17.36,17.05,17.13,4465634.0
3555,2024-04-25,AES,17.24,17.47,17.14,17.21,4772193.0
3556,2024-04-28,AES,17.4,17.96,17.27,17.86,8096203.0
3557,2024-04-29,AES,17.35,17.94,17.31,17.9,8122357.0
3558,2024-04-30,AES,17.9,18.55,17.74,18.17,8972082.0
3559,2024-05-01,AES,18.43,19.01,18.3,18.93,11059060.0
3560,2024-05-02,AES,18.72,19.68,18.345,18.67,11127623.0
3561,2024-05-05,AES,18.86,19.01,18.59,18.88,9578150.0
3562,2024-05-06,AES,19.06,19.3,18.74,18.84,8983231.0
3563,2024-05-07,AES,18.6,19.535,18.455,19.37,11959698.0
3564,2024-05-08,AES,19.36,20.045,19.26,19.99,7898340.0
3565,2024-05-09,AES,20.05,20.45,19.76,19.94,8198022.0
3566,2024-05-12,AES,20.0,20.21,19.93,19.96,7010099.0
3567,2024-05-13,AES,20.19,20.455,20.05,20.32,9218498.0
3568,2024-05-14,AES,20.79,21.285,20.75,21.13,10406834.0
3569,2024-05-15,AES,21.21,21.595,21.01,21.21,12829150.0
3570,2024-05-16,AES,21.1,21.5,20.98,21.28,9083216.0
3571,2024-05-19,AES,21.35,21.47,21.15,21.28,5920356.0
3572,2024-05-20,AES,21.01,21.295,20.85,21.04,8788716.0
3573,2024-05-21,AES,20.84,21.295,20.82,20.93,6937856.0
3574,2024-05-22,AES,20.93,21.0,20.47,20.56,6524613.0
3575,2024-05-23,AES,20.71,21.03,20.59,20.91,7006138.0
3576,2024-05-27,AES,21.03,21.52,20.99,21.13,6978490.0
3577,2024-05-28,AES,20.8,21.16,20.7,21.07,5329199.0
3578,2024-05-29,AES,21.17,21.825,21.08,21.77,7467276.0
3579,2024-05-30,AES,21.91,22.21,21.33,21.59,11403108.0
3580,2024-06-02,AES,21.82,21.82,20.62,20.76,7078208.0
3581,2024-06-03,AES,20.66,20.85,20.17,20.49,7232852.0
3582,2024-06-04,AES,20.55,21.12,20.53,20.86,6247473.0
3583,2024-06-05,AES,20.6,20.895,20.24,20.36,6630895.0
3584,2024-06-06,AES,20.02,20.38,19.84,19.87,5768450.0
3585,2024-06-09,AES,19.86,20.5,19.75,20.38,5454082.0
3586,2024-06-10,AES,20.1,20.28,19.645,19.83,6538571.0
3587,2024-06-11,AES,20.54,20.63,19.54,19.66,6665439.0
3588,2024-06-12,AES,19.55,19.93,19.42,19.6,5093541.0
3589,2024-06-13,AES,19.44,19.62,19.2,19.34,3960474.0
3590,2024-06-16,AES,19.18,19.21,18.47,18.84,8519351.0
3591,2024-06-17,AES,18.74,19.11,18.575,18.96,5872088.0
3592,2024-06-19,AES,18.95,19.0,18.705,18.86,4682103.0
3593,2024-06-20,AES,18.47,18.83,18.4,18.47,17911853.0
3594,2024-06-23,AES,18.57,19.135,18.53,18.99,4883006.0
3595,2024-06-24,AES,19.15,19.24,18.83,18.9,3975755.0
3596,2024-06-25,AES,18.745,19.3098,18.74,18.91,8909525.0
3597,2024-06-26,AES,18.79,19.165,18.73,19.09,4599705.0
3598,2024-06-27,AES,19.21,19.21,17.35,17.57,28445342.0
3599,2024-06-30,AES,17.83,17.89,17.15,17.44,9712401.0
3600,2024-07-01,AES,17.52,17.75,17.235,17.53,8386954.0
3601,2024-07-02,AES,17.72,18.035,17.62,17.89,3243084.0
3602,2024-07-04,AES,18.01,18.05,17.55,17.71,6927967.0
3603,2024-07-07,AES,17.74,17.925,17.68,17.85,3802750.0
3604,2024-07-08,AES,17.78,18.01,17.65,17.68,4176655.0
3605,2024-07-09,AES,17.91,17.99,17.62,17.92,3388296.0
3606,2024-07-10,AES,18.34,18.72,18.2745,18.65,5483197.0
3607,2024-07-11,AES,18.77,19.125,18.68,18.89,6349842.0
3608,2024-07-14,AES,18.25,18.32,16.96,17.0,13899324.0
3609,2024-07-15,AES,17.2,17.6952,17.13,17.65,7590060.0
3610,2024-07-16,AES,17.47,17.565,16.77,16.89,8844171.0
3611,2024-07-17,AES,17.05,17.2154,16.775,17.08,9984220.0
3612,2024-07-18,AES,17.2,17.28,17.06,17.1,4641917.0
3613,2024-07-21,AES,17.4,17.565,17.16,17.52,8080325.0
3614,2024-07-22,AES,17.33,17.88,17.31,17.56,4992999.0
3615,2024-07-23,AES,17.68,17.9055,17.28,17.31,10045539.0
3616,2024-07-24,AES,17.33,17.51,17.14,17.23,11284701.0
3617,2024-07-25,AES,17.52,17.67,17.37,17.52,5224716.0
3618,2024-07-28,AES,17.61,17.72,17.325,17.59,5334487.0
3619,2024-07-29,AES,17.61,17.71,17.38,17.55,7028812.0
3620,2024-07-30,AES,17.89,18.07,17.66,17.79,18534600.0
3621,2024-07-31,AES,17.62,17.96,17.6,17.91,9614619.0
3622,2024-08-01,AES,17.3,17.66,16.85,17.13,10660581.0
3623,2024-08-04,AES,16.75,16.95,15.995,16.29,8794322.0
3624,2024-08-05,AES,16.28,16.94,16.27,16.52,6182943.0
3625,2024-08-06,AES,16.8,17.01,16.3,16.39,7055475.0
3626,2024-08-07,AES,16.39,16.82,16.3,16.65,11742461.0
3627,2024-08-08,AES,16.56,16.77,16.195,16.66,7689283.0
3628,2024-08-11,AES,16.65,16.74,16.44,16.71,6236993.0
3629,2024-08-12,AES,16.9,16.95,16.635,16.89,6322044.0
3630,2024-08-13,AES,16.94,17.095,16.6299,16.94,5670226.0
3631,2024-08-14,AES,16.94,17.46,16.9,17.27,7799665.0
3632,2024-08-15,AES,17.26,17.38,17.16,17.26,6108331.0
3633,2024-08-18,AES,17.24,17.49,17.19,17.37,5804439.0
3634,2024-08-19,AES,17.29,17.47,17.24,17.38,7780326.0
3635,2024-08-20,AES,17.43,17.76,17.33,17.67,5766488.0
3636,2024-08-21,AES,17.66,17.84,17.535,17.77,6082942.0
3637,2024-08-22,AES,17.87,18.23,17.75,18.08,6788472.0
3638,2024-08-25,AES,18.17,18.21,17.89,17.9,4255743.0
3639,2024-08-26,AES,17.8,17.9,17.34,17.37,5240876.0
3640,2024-08-27,AES,17.38,17.4499,17.12,17.2,4646080.0
3641,2024-08-28,AES,17.25,17.385,16.975,17.26,5947681.0
3642,2024-08-29,AES,17.41,17.4472,17.0,17.13,5713821.0
3643,2024-09-02,AES,17.13,17.14,16.65,16.75,7982145.0
3644,2024-09-03,AES,16.76,17.095,16.72,16.94,8666998.0
3645,2024-09-04,AES,17.11,17.18,16.83,16.94,7326564.0
3646,2024-09-05,AES,17.0,17.035,16.18,16.19,8732003.0
3647,2024-09-08,AES,16.21,16.32,16.11,16.2,7817718.0
3648,2024-09-09,AES,16.24,16.7,16.22,16.44,6992279.0
3649,2024-09-10,AES,16.78,17.88,16.75,17.86,13642595.0
3650,2024-09-11,AES,17.95,18.435,17.69,18.12,9276535.0
3651,2024-09-12,AES,18.34,18.645,18.21,18.54,7082872.0
3652,2024-09-15,AES,18.58,19.23,18.58,19.01,10000514.0
3653,2024-09-16,AES,19.2,19.585,19.08,19.24,12312181.0
3654,2024-09-17,AES,19.3,19.65,19.055,19.26,10658632.0
3655,2024-09-18,AES,19.56,19.65,18.85,18.9,13603994.0
3656,2024-09-19,AES,19.16,19.16,18.74,18.9,19704232.0
3657,2024-09-22,AES,18.93,19.34,18.92,19.32,10068508.0
3658,2024-09-23,AES,19.35,19.64,19.1,19.11,9284600.0
3659,2024-09-24,AES,19.16,19.63,19.16,19.53,8380691.0
3660,2024-09-25,AES,19.7,20.015,19.52,19.64,6737532.0
3661,2024-09-26,AES,19.85,20.175,19.85,20.07,6670297.0
3662,2024-09-29,AES,20.09,20.2,19.85,20.06,7123864.0
3663,2024-09-30,AES,19.98,20.3,19.62,20.24,6086070.0
3664,2024-10-01,AES,20.005,20.245,19.77,19.89,6538533.0
3665,2024-10-02,AES,19.92,20.01,19.1,19.13,8837139.0
3666,2024-10-03,AES,19.08,19.29,18.77,18.91,10668366.0
3667,2024-10-06,AES,18.84,19.0,18.4814,18.67,7918994.0
3668,2024-10-07,AES,18.46,18.58,18.12,18.15,4914413.0
3669,2024-10-08,AES,18.0,18.15,17.6,17.69,7439008.0
3670,2024-10-09,AES,17.68,17.68,17.33,17.33,7463407.0
3671,2024-10-10,AES,17.23,17.405,17.08,17.32,7074972.0
3672,2024-10-13,AES,17.32,17.52,17.302,17.46,5815313.0
3673,2024-10-14,AES,18.07,18.31,17.37,17.41,10491907.0
3674,2024-10-15,AES,17.59,17.95,17.52,17.89,10226916.0
3675,2024-10-16,AES,17.89,17.98,17.175,17.25,8137477.0
3676,2024-10-17,AES,17.38,17.47,17.19,17.47,4422377.0
3677,2024-10-20,AES,17.52,17.665,17.085,17.21,7460858.0
3678,2024-10-21,AES,17.02,17.14,16.73,17.0,11199630.0
3679,2024-10-22,AES,16.92,17.33,16.83,17.08,9463587.0
3680,2024-10-23,AES,17.06,17.165,16.85,16.98,6478751.0
3681,2024-10-24,AES,17.09,17.22,16.9,16.96,6808961.0
3682,2024-10-27,AES,17.07,17.37,17.0341,17.05,5239478.0
3683,2024-10-28,AES,16.85,16.86,16.37,16.52,11215702.0
3684,2024-10-29,AES,16.6,16.65,16.37,16.42,11624234.0
3685,2024-10-30,AES,16.42,16.61,16.35,16.49,14759572.0
3686,2024-10-31,AES,16.09,16.2,14.68,14.71,30895243.0
3687,2024-11-03,AES,14.9,15.67,14.86,15.23,15466111.0
3688,2024-11-04,AES,15.07,15.52,14.81,15.51,14503185.0
3689,2024-11-05,AES,14.68,14.71,13.845,14.2,30290848.0
3690,2024-11-06,AES,14.16,14.23,13.62,13.65,25879817.0
3691,2024-11-07,AES,13.56,13.83,13.295,13.6,19844688.0
3692,2024-11-10,AES,13.86,13.935,13.33,13.89,21883787.0
3693,2024-11-11,AES,13.97,14.12,13.27,13.45,14508423.0
3694,2024-11-12,AES,13.63,13.65,13.38,13.62,11706131.0
3695,2024-11-13,AES,13.69,14.355,13.575,14.0,13488297.0
3696,2024-11-14,AES,14.13,14.17,13.75,13.97,11948903.0
3697,2024-11-17,AES,13.86,13.93,13.73,13.74,8500040.0
3698,2024-11-18,AES,13.6,13.83,13.46,13.75,11811244.0
3699,2024-11-19,AES,13.75,13.82,13.16,13.28,17947526.0
3700,2024-11-20,AES,13.26,13.375,13.04,13.25,21346591.0
3701,2024-11-21,AES,13.29,13.53,12.97,13.04,29753068.0
3702,2024-11-24,AES,13.13,13.375,13.05,13.16,17646779.0
3703,2024-11-25,AES,13.0,13.05,12.53,12.58,20868713.0
3704,2024-11-26,AES,12.65,13.19,12.645,12.99,16716342.0
3705,2024-11-28,AES,13.0,13.16,12.96,13.04,7963533.0
3706,2024-12-01,AES,13.06,13.28,12.88,13.01,11820597.0
3707,2024-12-02,AES,13.11,13.38,13.03,13.05,13176887.0
3708,2024-12-03,AES,13.01,13.945,13.01,13.43,24649749.0
3709,2024-12-04,AES,13.5,13.65,13.2,13.29,13809099.0
3710,2024-12-05,AES,13.39,13.49,13.01,13.05,8687536.0
3711,2024-12-08,AES,13.31,13.95,13.22,13.6,18021632.0
3712,2024-12-09,AES,13.45,13.77,13.41,13.64,13348944.0
3713,2024-12-10,AES,13.67,13.79,13.505,13.59,14140544.0
3714,2024-12-11,AES,13.62,13.79,13.51,13.52,12058092.0
3715,2024-12-12,AES,13.5,13.61,13.085,13.35,10761415.0
3716,2024-12-15,AES,13.18,13.31,13.11,13.15,11369167.0
3717,2024-12-16,AES,13.08,13.25,12.8,12.87,10465737.0
3718,2024-12-17,AES,12.9,13.11,12.49,12.5,12404936.0
3719,2024-12-18,AES,12.45,12.58,12.24,12.44,15220771.0
3720,2024-12-19,AES,12.36,13.105,12.36,13.0,25105679.0
3721,2024-12-22,AES,12.89,13.09,12.775,13.06,10108284.0
3722,2024-12-23,AES,13.0,13.05,12.88,13.02,3967429.0
3723,2024-12-25,AES,12.96,12.99,12.76,12.84,7272445.0
3724,2024-12-26,AES,12.75,12.825,12.58,12.75,9280650.0
3725,2024-12-29,AES,12.67,12.71,12.34,12.65,10800653.0
3726,2024-12-30,AES,12.7,13.1,12.66,12.87,9508096.0
3727,2025-01-01,AES,13.05,13.21,12.9615,13.05,8670132.0
3728,2025-01-02,AES,13.15,13.38,13.015,13.23,8762923.0
3729,2025-01-05,AES,13.3,13.44,13.0,13.01,12320274.0
3730,2025-01-06,AES,13.22,13.26,12.835,12.95,12871838.0
3731,2025-01-07,AES,12.81,12.81,12.09,12.4,17785689.0
3732,2025-01-09,AES,12.3,12.31,11.955,12.02,16108784.0
3733,2025-01-12,AES,12.0,12.08,11.57,11.69,14181405.0
3734,2025-01-13,AES,11.78,12.0,11.71,11.85,11151251.0
3735,2025-01-14,AES,12.175,12.33,11.75,11.77,9278338.0
3736,2025-01-15,AES,11.74,12.12,11.705,12.0,14562980.0
3737,2025-01-16,AES,12.03,12.11,11.71,11.82,12469718.0
3738,2025-01-20,AES,11.95,11.98,11.69,11.75,13194028.0
3739,2025-01-21,AES,11.65,11.71,11.09,11.13,17876116.0
3740,2025-01-22,AES,11.15,11.575,11.08,11.53,14042739.0
3741,2025-01-23,AES,11.58,11.84,11.57,11.6,12143929.0
3742,2025-01-26,AES,11.55,11.72,11.18,11.44,15476476.0
3743,2025-01-27,AES,11.43,11.48,10.81,11.01,22668142.0
3744,2025-01-28,AES,11.12,11.26,11.07,11.15,14872446.0
3745,2025-01-29,AES,11.29,11.415,11.11,11.27,13074076.0
3746,2025-01-30,AES,11.18,11.25,10.92,11.0,21785893.0
3747,2025-02-02,AES,10.81,10.85,10.39,10.71,19129302.0
3748,2025-02-03,AES,10.6,10.75,10.33,10.61,15267773.0
3749,2025-02-04,AES,10.63,10.725,10.405,10.48,14480220.0
3750,2025-02-05,AES,10.54,10.91,10.49,10.82,11712773.0
3751,2025-02-06,AES,10.81,10.84,10.54,10.57,9380142.0
3752,2025-02-09,AES,10.6,10.835,10.52,10.75,10232739.0
3753,2025-02-10,AES,10.45,10.5,10.0,10.23,26357211.0
3754,2025-02-11,AES,10.09,10.16,10.0,10.09,14970506.0
3755,2025-02-12,AES,10.15,10.2,9.9,10.14,13016491.0
3756,2025-02-13,AES,10.16,10.26,9.91,9.93,18458172.0
3757,2025-02-17,AES,9.98,10.33,9.88,10.29,16920857.0
3758,2025-02-18,AES,10.28,10.425,10.25,10.4,10035799.0
3759,2025-02-19,AES,10.46,10.83,10.42,10.67,13167585.0
3760,2025-02-20,AES,10.78,10.94,10.55,10.59,19722962.0
3761,2025-02-23,AES,10.57,10.73,10.36,10.72,10345927.0
3762,2025-02-24,AES,10.72,10.965,10.6,10.86,12791966.0
3763,2025-02-25,AES,10.95,11.035,10.7016,10.92,12192601.0
3764,2025-02-26,AES,10.97,10.97,10.38,10.38,16285618.0
3765,2025-02-27,AES,11.05,12.0,10.75,11.59,71508424.0
3766,2025-03-02,AES,11.15,11.62,10.98,11.19,25025201.0
3767,2025-03-03,AES,11.26,11.34,10.74,10.82,20308016.0
3768,2025-03-04,AES,10.8,11.015,10.65,10.96,13399272.0
3769,2025-03-05,AES,10.86,10.9,10.57,10.87,10358756.0
3770,2025-03-06,AES,10.88,11.48,10.83,11.25,20482995.0
3771,2025-03-09,AES,11.16,11.92,11.15,11.78,20807581.0
3772,2025-03-10,AES,11.845,12.08,11.72,11.99,16319993.0
3773,2025-03-11,AES,11.69,11.9,11.53,11.83,11100316.0
3774,2025-03-12,AES,11.87,12.428,11.87,12.28,16779752.0
3775,2025-03-13,AES,12.41,12.5699,12.0694,12.31,13828192.0
3776,2025-03-16,AES,12.44,13.18,12.265,13.05,18247064.0
3777,2025-03-17,AES,12.85,13.005,12.69,12.92,13361922.0
3778,2025-03-18,AES,12.88,13.05,12.8,12.98,10427232.0
3779,2025-03-19,AES,13.0,13.235,12.91,13.16,10160243.0
3780,2025-03-20,AES,13.105,13.165,12.745,13.05,23655293.0
3781,2025-03-23,AES,12.96,13.065,12.75,12.88,10513709.0
3782,2025-03-24,AES,12.9,12.92,12.48,12.66,11417604.0
3783,2025-03-25,AES,12.675,12.805,12.42,12.49,10501771.0
3784,2025-03-26,AES,12.49,12.6282,12.36,12.43,6917358.0
3785,2025-03-27,AES,12.52,12.725,12.4,12.41,11105594.0
3786,2025-03-30,AES,12.19,12.53,12.03,12.42,10863400.0
3787,2025-03-31,AES,12.57,12.57,12.24,12.37,7998226.0
3788,2025-04-01,AES,12.35,12.52,12.27,12.48,9354410.0
3789,2025-04-02,AES,12.0,12.275,11.855,11.9,19800882.0
3790,2025-04-03,AES,11.45,11.45,10.52,10.78,19561215.0
3791,2025-04-06,AES,10.51,11.005,10.135,10.69,17012024.0
3792,2025-04-07,AES,10.93,11.0,10.15,10.23,16248625.0
3793,2025-04-08,AES,10.09,11.23,9.91,11.14,19456966.0
3794,2025-04-09,AES,10.6,10.73,10.05,10.3,17437740.0
3795,2025-04-10,AES,10.33,10.39,9.99,10.3,12487088.0
3796,2025-04-13,AES,10.47,10.65,10.305,10.48,13416238.0
3797,2025-04-14,AES,10.46,10.67,10.21,10.27,12445993.0
3798,2025-04-15,AES,10.22,10.325,9.86,9.96,15587031.0
3799,2025-04-16,AES,10.02,10.26,9.95,10.18,10476120.0
3800,2025-04-20,AES,10.06,10.2,9.57,9.8,13719102.0
3801,2025-04-21,AES,9.93,10.06,9.8,9.98,9778602.0
3802,2025-04-22,AES,10.28,10.455,10.05,10.12,10423372.0
3803,2025-04-23,AES,10.22,10.32,10.06,10.12,13945144.0
3804,2025-04-24,AES,10.08,10.12,9.91,10.05,13192070.0
3805,2025-04-27,AES,10.09,10.255,10.06,10.19,13953826.0
3806,2025-04-28,AES,10.16,10.47,10.135,10.37,13877435.0
3807,2025-04-29,AES,10.3,10.3,9.92,10.0,18034813.0
3808,2025-04-30,AES,9.9,10.26,9.9,9.95,17623659.0
3809,2025-05-01,AES,10.1,10.39,9.91,10.18,17920112.0
3810,2025-05-04,AES,10.22,10.2806,9.955,10.26,16502405.0
3811,2025-05-05,AES,10.23,10.6,10.2,10.44,12178428.0
3812,2025-05-06,AES,10.26,10.485,10.185,10.3,10993988.0
3813,2025-05-07,AES,10.39,10.94,10.28,10.82,14049097.0
3814,2025-05-08,AES,10.92,11.245,10.79,11.12,14690055.0
3815,2025-05-11,AES,11.51,11.9,11.37,11.87,24137715.0
3816,2025-05-12,AES,11.95,12.64,11.95,12.55,23720155.0
3817,2025-05-13,AES,12.46,12.55,12.29,12.52,23330814.0
3818,2025-05-14,AES,12.42,12.665,12.32,12.4,14632398.0
3819,2025-05-15,AES,12.51,12.51,12.135,12.21,13460541.0
3820,2025-05-18,AES,12.02,12.06,11.36,11.71,19366812.0
3821,2025-05-19,AES,11.28,11.51,11.16,11.24,25909689.0
3822,2025-05-20,AES,11.26,11.26,10.12,10.13,44831916.0
3823,2025-05-21,AES,9.85,9.89,9.46,9.63,40712669.0
3824,2025-05-22,AES,9.54,10.07,9.53,9.99,22740524.0
3825,2025-05-26,AES,10.07,10.11,9.86,10.07,13960882.0
3826,2025-05-27,AES,10.0,10.045,9.58,9.7,17583012.0
3827,2025-05-28,AES,9.8,10.09,9.75,10.05,11834131.0
3828,2025-05-29,AES,10.005,10.21,9.92,10.09,11260958.0
3829,2025-06-01,AES,10.02,10.28,9.955,10.18,12773425.0
3830,2025-06-02,AES,10.31,10.345,10.06,10.27,10548976.0
3831,2025-06-03,AES,10.33,10.33,10.085,10.17,9997194.0
3832,2025-06-04,AES,10.22,10.62,10.035,10.51,16984106.0
3833,2025-06-05,AES,10.61,10.95,10.515,10.89,17205153.0
3834,2025-06-08,AES,10.99,11.08,10.67,10.88,11537520.0
3835,2025-06-09,AES,11.07,11.4,10.905,11.29,18812651.0
3836,2025-06-10,AES,11.43,11.52,11.295,11.48,11586101.0
3837,2025-06-11,AES,11.48,11.765,11.455,11.54,18362584.0
3838,2025-06-12,AES,11.4,11.52,11.08,11.44,16793926.0
3839,2025-06-15,AES,11.53,11.725,11.3,11.46,11948567.0
3840,2025-06-16,AES,11.44,11.44,10.395,10.53,28143084.0
3841,2025-06-17,AES,10.5,10.81,10.45,10.52,18232752.0
3842,2025-06-19,AES,10.6,10.7,10.4,10.41,18140262.0
3843,2025-06-22,AES,10.43,10.485,10.07,10.15,13611655.0
3844,2025-06-23,AES,10.2,10.4899,10.1601,10.47,17165083.0
3845,2025-06-24,AES,10.43,10.66,10.36,10.5,9775969.0
3846,2025-06-25,AES,10.58,10.92,10.54,10.81,11127079.0
3847,2025-06-26,AES,10.85,10.89,10.61,10.72,13078257.0
3848,2025-06-29,AES,10.2,10.575,10.02,10.52,24219278.0
3849,2025-06-30,AES,10.55,11.06,10.3601,10.77,27268143.0
3850,2025-07-01,AES,10.85,11.42,10.79,11.13,20482110.0
3851,2025-07-02,AES,11.36,11.63,11.28,11.52,13837893.0
3852,2025-07-06,AES,11.4,11.65,11.315,11.52,11717022.0
3853,2025-07-07,AES,11.13,11.28,10.98,11.07,19675215.0
3854,2025-07-08,AES,12.755,13.335,12.5,13.26,70142243.0
3855,2025-07-09,AES,13.09,13.11,12.36,12.41,35389146.0
3856,2025-07-10,AES,12.27,12.75,12.15,12.59,20994368.0
3857,2025-07-13,AES,12.56,12.81,12.42,12.58,15830030.0
3858,2025-07-14,AES,12.77,13.21,12.655,13.14,20842542.0
3859,2025-07-15,AES,13.28,13.45,12.78,13.02,12922444.0
3860,2025-07-16,AES,13.14,13.38,13.08,13.19,12464516.0
3861,2025-07-17,AES,13.25,13.43,13.2,13.37,9223782.0
3862,2025-07-20,AES,13.51,13.88,13.4,13.69,18075386.0
3863,2025-07-21,AES,13.78,13.895,13.6,13.81,10987942.0
3864,2025-07-22,AES,13.91,13.995,13.67,13.94,9254378.0
3865,2025-07-23,AES,13.9,13.93,13.545,13.8,8090761.0
3866,2025-07-24,AES,13.82,13.88,13.67,13.8,7837581.0
3867,2025-07-27,AES,13.81,13.85,13.435,13.51,10307002.0
3868,2025-07-28,AES,13.49,13.585,13.23,13.43,11333643.0
3869,2025-07-29,AES,13.38,13.4,12.92,13.08,9419627.0
3870,2025-07-30,AES,13.1,13.24,12.97,13.15,15199957.0
3871,2025-07-31,AES,13.16,13.76,13.0,13.23,19650887.0
3872,2025-08-03,AES,13.34,13.56,13.17,13.43,9850655.0
3873,2025-08-04,AES,13.47,13.48,12.67,12.73,9892122.0
3874,2025-08-05,AES,12.77,13.105,12.69,12.84,8651335.0
3875,2025-08-06,AES,13.1,13.25,12.82,12.85,6860180.0
3876,2025-08-07,AES,12.86,13.13,12.795,13.12,6521971.0
3877,2025-08-10,AES,13.15,13.28,12.705,12.8,6236914.0
3878,2025-08-11,AES,12.87,13.06,12.76,12.91,5916180.0
3879,2025-08-12,AES,12.93,13.275,12.84,13.05,6164467.0
3880,2025-08-13,AES,12.83,13.03,12.63,12.94,5770621.0
3881,2025-08-14,AES,12.98,13.54,12.805,13.31,13878410.0
3882,2025-08-17,AES,13.35,13.5,13.29,13.36,9580963.0
3883,2025-08-18,AES,13.42,13.5758,13.27,13.3,12492319.0
3884,2025-08-19,AES,13.36,13.445,13.01,13.2,6568556.0
3885,2025-08-20,AES,13.16,13.19,12.89,12.97,6464558.0
3886,2025-08-21,AES,13.07,13.52,13.03,13.49,6481451.0
3887,2025-08-24,AES,13.41,13.62,13.31,13.49,6339618.0
3888,2025-08-25,AES,13.49,13.54,13.34,13.34,6536147.0
3889,2025-08-26,AES,13.29,13.48,13.22,13.36,7315093.0
3890,2025-08-27,AES,13.44,13.56,13.3,13.48,7638672.0
3891,2025-08-28,AES,13.46,13.66,13.4336,13.54,8384065.0
3892,2025-09-01,AES,13.35,13.42,13.1622,13.41,7490669.0
3893,2025-09-02,AES,13.35,13.44,13.19,13.23,6474780.0
3894,2025-09-03,AES,13.32,13.32,12.335,12.81,14742460.0
3895,2025-09-04,AES,12.88,13.1,12.665,12.93,12318527.0
3896,2025-09-07,AES,12.99,12.99,12.63,12.72,7808185.0
3897,2025-09-08,AES,12.76,12.81,12.56,12.72,6095067.0
3898,2025-09-09,AES,12.76,12.88,12.65,12.73,8260803.0
3899,2025-09-10,AES,12.8,12.99,12.78,12.85,10472036.0
3900,2025-09-11,AES,12.8,13.01,12.7027,12.88,12349934.0
3901,2025-09-14,AES,12.93,13.2,12.87,13.03,14860618.0
3902,2025-09-15,AES,13.01,13.04,12.69,12.7,8825980.0
3903,2025-09-16,AES,12.72,12.85,12.33,12.51,12631846.0
3904,2025-09-17,AES,12.61,12.98,12.515,12.95,7340094.0
3905,2025-09-18,AES,13.03,13.09,12.75,13.05,13127460.0
3906,2025-09-21,AES,13.08,13.1772,12.9001,13.13,6105024.0
3907,2025-09-22,AES,13.19,13.5,13.12,13.14,7183271.0
3908,2025-09-23,AES,13.16,13.45,13.065,13.36,10851797.0
3909,2025-09-24,AES,13.32,13.36,12.965,13.03,7644899.0
3910,2025-09-25,AES,13.11,13.415,13.11,13.24,5898405.0
3911,2025-09-28,AES,13.3,13.37,13.095,13.16,9288709.0
3912,2025-09-29,AES,13.12,13.265,12.97,13.16,6187815.0
3913,2025-09-30,AES,14.92,15.51,14.74,15.37,58988466.0
3914,2025-10-01,AES,15.33,15.33,14.12,14.29,29422735.0
3915,2025-10-02,AES,14.5,14.635,14.2534,14.58,14296040.0
3916,2025-10-05,AES,14.6,14.675,14.16,14.27,14574496.0
3917,2025-10-06,AES,14.27,14.58,14.252,14.4,10747403.0
3918,2025-10-07,AES,14.51,14.85,14.315,14.73,13480185.0
3919,2025-10-08,AES,14.8,14.89,14.515,14.57,8210773.0
3920,2025-10-09,AES,14.65,14.77,14.05,14.07,9074512.0
3921,2025-10-12,AES,14.44,14.6356,14.235,14.44,11563655.0
3922,2025-10-13,AES,14.3,14.53,14.255,14.39,7652974.0
3923,2025-10-14,AES,14.69,15.0,14.615,14.75,11038312.0
3924,2025-10-15,AES,14.855,15.0,14.695,14.82,6478019.0
3925,2025-10-16,AES,14.69,14.71,14.46,14.58,8815072.0
3926,2025-10-19,AES,14.7,14.785,14.37,14.4,6856279.0
3927,2025-10-20,AES,14.48,14.5,14.185,14.32,4900938.0
3928,2025-10-21,AES,14.35,14.43,13.975,14.29,9979743.0
3929,2025-10-22,AES,14.43,14.45,14.125,14.2,5771912.0
3930,2025-10-23,AES,14.49,14.725,14.37,14.55,7043587.0
3931,2025-10-26,AES,14.61,14.655,14.385,14.49,7837392.0
3932,2025-10-27,AES,14.52,14.57,14.23,14.46,6781550.0
3933,2025-10-28,AES,14.55,14.57,14.28,14.37,5900067.0
3934,2025-10-29,AES,14.28,14.4,13.99,14.02,7956704.0
3935,2025-10-30,AES,13.77,13.96,13.55,13.87,14090308.0
3936,2025-11-02,AES,13.89,13.89,13.44,13.62,9559413.0
3937,2025-11-03,AES,13.28,13.735,13.21,13.44,10859419.0
3938,2025-11-04,AES,13.48,14.43,13.37,14.22,15497830.0
3939,2025-11-05,AES,14.35,14.6,13.92,14.19,11561758.0
3940,2025-11-06,AES,14.0,14.145,13.715,14.13,12468909.0
3941,2025-11-09,AES,14.33,14.34,13.89,14.21,6632752.0
3942,2025-11-10,AES,14.35,14.37,14.015,14.27,7805027.0
3943,2025-11-11,AES,14.27,14.27,13.96,14.07,7859210.0
3944,2025-11-12,AES,14.01,14.1385,13.62,13.67,9732789.0
3945,2025-11-13,AES,13.48,14.03,13.36,13.82,7612604.0
3946,2025-11-16,AES,13.84,14.18,13.8,13.92,7689524.0
3947,2025-11-17,AES,14.05,14.14,13.61,13.72,7941570.0
3948,2025-11-18,AES,13.8,13.99,13.69,13.77,9155146.0
3949,2025-11-19,AES,13.99,14.11,13.45,13.51,10222516.0
3950,2025-11-20,AES,13.52,13.76,13.28,13.75,9306663.0
3951,2025-11-23,AES,13.79,13.985,13.72,13.88,5428400.0
3952,2025-11-24,AES,13.94,14.0299,13.77,13.81,4853905.0
3953,2025-11-25,AES,13.86,14.02,13.83,13.91,4373591.0
3954,2025-11-27,AES,13.97,14.08,13.91,14.06,2200723.0
3955,2025-11-30,AES,13.99,14.06,13.85,13.99,7534557.0
3956,2025-12-01,AES,14.06,14.1395,13.9444,13.96,4755737.0
3957,2025-12-02,AES,14.02,14.11,13.7,13.71,8534495.0
3958,2025-12-03,AES,13.7,14.04,13.7,13.93,10009205.0
3959,2025-12-04,AES,14.09,14.17,13.895,13.92,5815847.0
3960,2025-12-07,AES,13.97,14.11,13.8229,13.86,4816437.0
3961,2025-12-08,AES,13.92,14.2,13.885,13.96,7053992.0
3962,2025-12-09,AES,13.99,14.1,13.75,13.8,11788026.0
3963,2025-12-10,AES,13.8,14.115,13.655,14.0,7595512.0
3964,2025-12-11,AES,14.08,14.12,13.76,13.83,7114502.0
3965,2025-12-14,AES,13.82,13.9,13.65,13.86,7835220.0
3966,2025-12-15,AES,13.85,13.85,13.52,13.62,5183533.0
3967,2025-12-16,AES,13.67,13.755,13.36,13.48,6537223.0
3968,2025-12-17,AES,13.6,13.745,13.54,13.68,6758548.0
3969,2025-12-18,AES,13.72,13.885,13.5,13.53,11204125.0
3970,2025-12-21,AES,13.58,13.88,13.52,13.86,7903864.0
3971,2025-12-22,AES,13.92,14.02,13.805,13.9,4812515.0
3972,2025-12-23,AES,13.87,13.99,13.82,13.96,2488315.0
3973,2025-12-25,AES,14.01,14.08,13.92,14.07,3090572.0
3974,2025-12-28,AES,14.06,14.2,14.01,14.13,5289272.0
3975,2025-12-29,AES,14.19,14.56,14.1012,14.5,8104125.0
3976,2025-12-30,AES,14.53,14.56,14.32,14.34,5820827.0
3977,2026-01-01,AES,14.51,14.868,14.3814,14.82,7290457.0
3978,2026-01-04,AES,14.97,15.02,14.46,14.73,7642307.0
3979,2026-01-05,AES,14.77,14.985,14.685,14.9,6892900.0
3980,2026-01-06,AES,14.85,14.9167,14.43,14.45,7656502.0
3981,2026-01-07,AES,14.4,14.56,14.2,14.22,7339406.0
3982,2026-01-08,AES,14.33,14.725,14.29,14.32,7743770.0
3983,2026-01-11,AES,14.25,14.25,13.9,14.04,8247841.0
3984,2026-01-12,AES,14.05,14.16,13.905,13.97,8807099.0
3985,2026-01-13,AES,13.9,14.2,13.89,14.0,9524157.0
3986,2026-01-14,AES,14.08,14.615,14.03,14.44,14605977.0
3987,2026-01-15,AES,14.32,14.8,14.14,14.19,10519606.0
3988,2026-01-19,AES,13.95,14.02,13.63,13.77,14382994.0
3989,2026-01-20,AES,14.04,14.405,13.985,14.24,10919086.0
3990,2026-01-21,AES,14.42,14.66,14.13,14.61,8078463.0
3991,2026-01-22,AES,14.57,14.62,14.15,14.25,6835753.0
3992,2024-01-28,AFL,84.93,85.3,84.07,84.59,1737617.0
3993,2024-01-29,AFL,84.62,85.75,84.21,85.73,1663576.0
3994,2024-01-30,AFL,86.0,86.2,84.29,84.34,2820008.0
3995,2024-01-31,AFL,78.87,79.8,75.075,76.2,9777505.0
3996,2024-02-01,AFL,76.91,77.62,76.2,76.82,4071306.0
3997,2024-02-04,AFL,76.15,76.61,75.44,76.33,3068663.0
3998,2024-02-05,AFL,76.2,77.3916,75.69,76.92,3157126.0
3999,2024-02-06,AFL,77.37,79.02,77.25,78.83,3192535.0
4000,2024-02-07,AFL,78.63,78.975,77.41,78.11,1924930.0
4001,2024-02-08,AFL,77.73,78.365,77.56,78.23,1950954.0
4002,2024-02-11,AFL,78.1,78.91,78.1,78.51,2333377.0
4003,2024-02-12,AFL,78.87,79.31,77.01,78.06,2973836.0
4004,2024-02-13,AFL,78.23,79.07,78.2,78.92,1927554.0
4005,2024-02-14,AFL,79.19,80.545,79.03,80.17,1894926.0
4006,2024-02-15,AFL,79.91,80.28,79.35,79.38,2185647.0
4007,2024-02-19,AFL,78.43,79.42,78.38,78.78,2173295.0
4008,2024-02-20,AFL,79.28,79.62,78.6,79.26,2087929.0
4009,2024-02-21,AFL,79.34,80.18,79.21,79.65,2073410.0
4010,2024-02-22,AFL,79.71,80.56,79.54,80.41,1870992.0
4011,2024-02-25,AFL,80.1,80.615,79.6,79.7,2056205.0
4012,2024-02-26,AFL,79.57,80.3,79.405,80.21,1662954.0
4013,2024-02-27,AFL,80.2,80.97,80.06,80.56,1759550.0
4014,2024-02-28,AFL,80.97,81.255,80.34,80.74,4337990.0
4015,2024-02-29,AFL,80.56,80.79,80.15,80.43,2197398.0
4016,2024-03-03,AFL,79.79,79.8,78.62,79.74,2540297.0
4017,2024-03-04,AFL,79.61,80.925,79.2194,80.83,2033610.0
4018,2024-03-05,AFL,81.15,82.21,80.64,82.16,1914503.0
4019,2024-03-06,AFL,82.35,82.91,82.07,82.29,1534333.0
4020,2024-03-07,AFL,82.51,82.7,82.0,82.11,1904220.0
4021,2024-03-10,AFL,81.91,83.19,81.91,83.17,1739074.0
4022,2024-03-11,AFL,83.03,83.45,82.46,82.94,1844343.0
4023,2024-03-12,AFL,83.33,84.225,83.13,83.8,2268591.0
4024,2024-03-13,AFL,84.25,84.26,82.96,83.57,2487979.0
4025,2024-03-14,AFL,83.09,84.5,82.58,84.37,6153803.0
4026,2024-03-17,AFL,84.45,85.17,83.85,84.49,2381831.0
4027,2024-03-18,AFL,84.85,85.045,83.965,84.34,3025998.0
4028,2024-03-19,AFL,84.1,85.12,83.96,84.98,2133960.0
4029,2024-03-20,AFL,85.04,85.23,84.52,85.02,2063289.0
4030,2024-03-21,AFL,85.11,85.22,84.15,84.16,1659728.0
4031,2024-03-24,AFL,84.23,85.085,83.61,84.81,1584996.0
4032,2024-03-25,AFL,84.58,85.3412,84.33,84.95,1690159.0
4033,2024-03-26,AFL,85.3,85.86,84.71,85.62,1819347.0
4034,2024-03-27,AFL,86.0,86.26,85.67,85.86,2564010.0
4035,2024-03-31,AFL,85.85,85.905,85.03,85.19,1360504.0
4036,2024-04-01,AFL,85.27,85.8,84.72,84.93,1817959.0
4037,2024-04-02,AFL,84.97,85.64,84.65,85.18,1397224.0
4038,2024-04-03,AFL,85.5,86.05,84.06,84.36,1472123.0
4039,2024-04-04,AFL,84.68,85.8,84.57,85.42,1888166.0
4040,2024-04-07,AFL,85.39,85.68,84.93,85.14,1537081.0
4041,2024-04-08,AFL,85.14,85.41,82.615,83.17,2500577.0
4042,2024-04-09,AFL,82.68,83.49,82.5,82.92,2084201.0
4043,2024-04-10,AFL,82.75,82.96,79.465,79.64,3399048.0
4044,2024-04-11,AFL,79.46,80.76,79.31,80.28,2882756.0
4045,2024-04-14,AFL,81.06,81.52,80.01,80.27,2437394.0
4046,2024-04-15,AFL,80.46,80.81,79.69,80.43,2114324.0
4047,2024-04-16,AFL,80.64,80.95,79.93,80.26,1961109.0
4048,2024-04-17,AFL,80.97,81.325,80.11,80.98,2129906.0
4049,2024-04-18,AFL,81.47,83.545,80.99,83.23,6558436.0
4050,2024-04-21,AFL,83.7,84.07,83.01,83.52,1809298.0
4051,2024-04-22,AFL,83.98,84.16,83.51,83.75,1764459.0
4052,2024-04-23,AFL,83.48,84.46,83.26,84.28,2431535.0
4053,2024-04-24,AFL,84.09,84.34,83.2222,83.73,1849604.0
4054,2024-04-25,AFL,83.43,83.86,83.11,83.61,1839028.0
4055,2024-04-28,AFL,83.85,84.8,83.16,84.54,2002590.0
4056,2024-04-29,AFL,84.08,84.5,83.63,83.65,2375264.0
4057,2024-04-30,AFL,83.4,85.32,82.12,84.57,2335323.0
4058,2024-05-01,AFL,83.75,84.56,80.59,84.04,4761596.0
4059,2024-05-02,AFL,83.97,84.27,81.955,83.21,2938536.0
4060,2024-05-05,AFL,83.8,85.1,83.27,84.73,1957983.0
4061,2024-05-06,AFL,85.15,85.49,84.63,84.68,2293240.0
4062,2024-05-07,AFL,84.84,85.25,84.375,84.83,1698703.0
4063,2024-05-08,AFL,84.66,85.555,84.3,85.38,1314279.0
4064,2024-05-09,AFL,85.75,86.16,85.43,86.08,1258617.0
4065,2024-05-12,AFL,86.08,86.49,85.5,85.87,1759711.0
4066,2024-05-13,AFL,85.87,86.58,85.54,86.3,1561100.0
4067,2024-05-14,AFL,86.15,87.6,85.77,87.48,1964551.0
4068,2024-05-15,AFL,87.97,88.08,87.1,87.14,1646690.0
4069,2024-05-16,AFL,87.52,88.41,86.7,88.37,2300175.0
4070,2024-05-19,AFL,88.51,88.59,87.55,87.69,1996191.0
4071,2024-05-20,AFL,87.24,87.72,87.06,87.59,1357631.0
4072,2024-05-21,AFL,87.41,87.845,87.21,87.66,1690819.0
4073,2024-05-22,AFL,87.5,87.87,86.66,86.78,1827115.0
4074,2024-05-23,AFL,86.99,87.71,86.65,87.69,1311085.0
4075,2024-05-27,AFL,87.5,87.5,86.92,87.26,2230927.0
4076,2024-05-28,AFL,86.98,87.5,86.56,87.18,1509484.0
4077,2024-05-29,AFL,87.16,88.4,86.97,87.98,1565965.0
4078,2024-05-30,AFL,88.0,89.91,88.0,89.87,4671822.0
4079,2024-06-02,AFL,89.71,89.83,88.57,88.91,2285783.0
4080,2024-06-03,AFL,88.48,89.24,87.83,88.04,2182131.0
4081,2024-06-04,AFL,88.15,88.67,87.7,88.38,2032136.0
4082,2024-06-05,AFL,88.45,89.01,87.9105,88.35,1485641.0
4083,2024-06-06,AFL,88.46,89.29,88.075,88.79,1683723.0
4084,2024-06-09,AFL,88.67,88.75,87.94,88.4,2987012.0
4085,2024-06-10,AFL,87.96,88.29,87.08,87.57,2193707.0
4086,2024-06-11,AFL,87.7,88.285,87.12,88.19,1684411.0
4087,2024-06-12,AFL,88.0,88.0,87.03,87.31,1584808.0
4088,2024-06-13,AFL,86.69,87.31,86.46,87.04,1330743.0
4089,2024-06-16,AFL,86.94,88.0,86.55,87.96,2632674.0
4090,2024-06-17,AFL,87.87,89.01,87.68,88.99,2782753.0
4091,2024-06-19,AFL,88.99,90.05,88.7,89.76,1652509.0
4092,2024-06-20,AFL,89.77,90.24,89.53,89.67,5577544.0
4093,2024-06-23,AFL,89.5,91.15,89.07,90.43,2108553.0
4094,2024-06-24,AFL,90.43,90.93,89.785,90.01,2211963.0
4095,2024-06-25,AFL,89.37,89.7,88.235,89.22,2686233.0
4096,2024-06-26,AFL,89.35,89.36,88.705,89.16,1993967.0
4097,2024-06-27,AFL,89.35,90.21,88.83,89.31,3455193.0
4098,2024-06-30,AFL,89.82,90.27,88.9,89.06,1850626.0
4099,2024-07-01,AFL,88.47,89.51,88.2,89.43,1898605.0
4100,2024-07-02,AFL,89.13,89.7399,89.04,89.09,1292717.0
4101,2024-07-04,AFL,89.0,89.055,88.54,89.05,1687252.0
4102,2024-07-07,AFL,89.22,89.83,88.46,88.52,1585310.0
4103,2024-07-08,AFL,88.52,89.64,88.0,88.93,1895530.0
4104,2024-07-09,AFL,88.93,90.25,88.7,90.21,1413067.0
4105,2024-07-10,AFL,90.77,92.54,90.38,92.42,2122091.0
4106,2024-07-11,AFL,92.86,93.08,91.99,92.64,1526931.0
4107,2024-07-14,AFL,92.86,93.86,92.6,93.37,1515052.0
4108,2024-07-15,AFL,93.51,94.455,93.23,93.55,1944509.0
4109,2024-07-16,AFL,93.8,94.85,92.83,94.06,2120702.0
4110,2024-07-17,AFL,93.74,95.4901,93.28,94.29,1523544.0
4111,2024-07-18,AFL,94.42,94.441,92.44,92.91,5323218.0
4112,2024-07-21,AFL,93.15,94.56,93.0,94.5,1411267.0
4113,2024-07-22,AFL,94.48,94.64,93.96,94.32,1040045.0
4114,2024-07-23,AFL,94.65,94.83,93.72,94.14,1673116.0
4115,2024-07-24,AFL,94.73,95.46,94.0,94.12,1264856.0
4116,2024-07-25,AFL,94.12,95.245,94.03,94.82,1146715.0
4117,2024-07-28,AFL,94.89,95.32,94.07,94.54,1204055.0
4118,2024-07-29,AFL,95.01,96.23,94.91,95.36,1903100.0
4119,2024-07-30,AFL,95.36,95.97,94.87,95.38,4508632.0
4120,2024-07-31,AFL,104.38,104.905,100.86,101.65,7552769.0
4121,2024-08-01,AFL,100.29,101.7568,97.535,99.24,3471909.0
4122,2024-08-04,AFL,99.2,99.2,95.97,97.17,2901097.0
4123,2024-08-05,AFL,97.27,99.04,96.15,98.6,2200142.0
4124,2024-08-06,AFL,98.91,100.04,98.66,99.29,2395861.0
4125,2024-08-07,AFL,99.55,101.06,98.89,100.86,2004747.0
4126,2024-08-08,AFL,101.05,101.435,100.3301,101.21,1628608.0
4127,2024-08-11,AFL,101.53,101.7999,101.0,101.19,1460900.0
4128,2024-08-12,AFL,101.48,101.845,100.78,101.73,1456607.0
4129,2024-08-13,AFL,102.0,102.86,101.86,102.37,1787906.0
4130,2024-08-14,AFL,102.66,103.27,102.12,102.54,2016879.0
4131,2024-08-15,AFL,102.84,104.835,102.16,104.76,2613116.0
4132,2024-08-18,AFL,104.61,105.39,104.35,105.21,2731987.0
4133,2024-08-19,AFL,105.2,105.65,104.62,104.8,1982983.0
4134,2024-08-20,AFL,104.41,105.8,104.41,105.34,2161020.0
4135,2024-08-21,AFL,105.32,106.64,105.25,106.61,2366867.0
4136,2024-08-22,AFL,106.99,107.48,106.24,107.34,1526748.0
4137,2024-08-25,AFL,107.48,108.31,107.34,107.51,1739122.0
4138,2024-08-26,AFL,107.79,108.26,107.11,107.71,1693019.0
4139,2024-08-27,AFL,107.85,109.34,107.85,108.83,1397777.0
4140,2024-08-28,AFL,108.83,109.87,108.12,109.63,1509943.0
4141,2024-08-29,AFL,109.69,110.68,109.42,110.36,3793535.0
4142,2024-09-02,AFL,110.27,110.795,108.56,109.07,2239557.0
4143,2024-09-03,AFL,109.96,111.14,109.0,110.49,1882343.0
4144,2024-09-04,AFL,110.53,110.86,108.28,109.69,2746546.0
4145,2024-09-05,AFL,109.76,110.8,108.52,108.89,2976091.0
4146,2024-09-08,AFL,109.3,109.78,108.61,109.4,2621681.0
4147,2024-09-09,AFL,109.75,110.25,108.235,108.44,2335498.0
4148,2024-09-10,AFL,108.07,108.38,105.73,107.36,2896782.0
4149,2024-09-11,AFL,107.43,108.09,106.93,107.97,1680862.0
4150,2024-09-12,AFL,108.25,108.8,108.06,108.59,1716373.0
4151,2024-09-15,AFL,109.29,110.2684,108.86,110.17,2396873.0
4152,2024-09-16,AFL,110.0,110.25,109.12,109.56,2590339.0
4153,2024-09-17,AFL,109.72,110.55,108.87,108.96,2118881.0
4154,2024-09-18,AFL,109.33,109.44,107.81,107.87,2679575.0
4155,2024-09-19,AFL,107.58,108.105,107.07,107.92,8463031.0
4156,2024-09-22,AFL,108.23,110.11,108.23,110.02,2128972.0
4157,2024-09-23,AFL,109.25,109.61,108.78,109.1,1508225.0
4158,2024-09-24,AFL,109.59,110.3598,108.86,109.69,1773695.0
4159,2024-09-25,AFL,109.19,110.87,109.19,110.07,1709528.0
4160,2024-09-26,AFL,110.02,110.97,109.68,110.59,2301650.0
4161,2024-09-29,AFL,110.71,112.095,110.02,111.8,3790833.0
4162,2024-09-30,AFL,111.77,112.96,111.14,112.82,1894972.0
4163,2024-10-01,AFL,113.06,114.32,112.43,114.23,2031878.0
4164,2024-10-02,AFL,114.12,114.37,112.83,113.53,1631834.0
4165,2024-10-03,AFL,114.11,115.5,113.75,115.26,1717703.0
4166,2024-10-06,AFL,114.97,114.97,111.0401,111.84,3066296.0
4167,2024-10-07,AFL,112.28,112.93,112.01,112.47,1203060.0
4168,2024-10-08,AFL,112.23,112.485,110.47,111.06,2563860.0
4169,2024-10-09,AFL,112.17,112.76,111.25,111.61,1693405.0
4170,2024-10-10,AFL,112.1,113.67,112.1,113.26,1478490.0
4171,2024-10-13,AFL,113.6,114.22,113.25,114.07,1285423.0
4172,2024-10-14,AFL,114.28,115.13,113.83,113.99,3009838.0
4173,2024-10-15,AFL,113.84,114.495,113.5385,114.38,1237588.0
4174,2024-10-16,AFL,115.29,115.35,114.45,114.99,1859515.0
4175,2024-10-17,AFL,115.44,115.44,113.91,114.5,1996871.0
4176,2024-10-20,AFL,114.44,114.69,112.45,112.75,1256723.0
4177,2024-10-21,AFL,112.48,112.74,111.17,112.16,1155589.0
4178,2024-10-22,AFL,111.98,112.64,111.69,112.14,1256897.0
4179,2024-10-23,AFL,112.46,112.69,111.58,112.01,1166375.0
4180,2024-10-24,AFL,112.01,112.23,108.9846,109.75,2136293.0
4181,2024-10-27,AFL,110.0,110.585,109.49,109.79,2162710.0
4182,2024-10-28,AFL,109.5,110.36,109.22,110.0,2846623.0
4183,2024-10-29,AFL,109.95,110.81,109.55,110.09,2268856.0
4184,2024-10-30,AFL,107.19,108.24,104.09,104.79,4855607.0
4185,2024-10-31,AFL,105.29,106.69,104.32,104.71,2823181.0
4186,2024-11-03,AFL,105.06,105.23,104.05,104.51,2578176.0
4187,2024-11-04,AFL,104.39,105.59,104.0,105.56,2351263.0
4188,2024-11-05,AFL,109.69,109.86,106.92,108.56,2815811.0
4189,2024-11-06,AFL,108.28,108.345,107.28,107.44,1889929.0
4190,2024-11-07,AFL,108.33,108.71,107.87,108.27,1727329.0
4191,2024-11-10,AFL,108.86,110.8996,108.22,110.43,1687769.0
4192,2024-11-11,AFL,110.19,111.14,110.04,110.65,1684625.0
4193,2024-11-12,AFL,110.42,111.09,110.27,110.44,1456856.0
4194,2024-11-13,AFL,110.0,110.53,109.12,109.68,1638442.0
4195,2024-11-14,AFL,109.88,111.91,108.87,111.32,2895295.0
4196,2024-11-17,AFL,111.32,112.25,111.07,112.04,1850459.0
4197,2024-11-18,AFL,110.9,111.53,110.07,111.13,1449362.0
4198,2024-11-19,AFL,110.97,111.16,109.78,110.24,1339589.0
4199,2024-11-20,AFL,111.0,112.33,110.42,111.73,1331411.0
4200,2024-11-21,AFL,112.17,113.15,112.15,112.39,1770175.0
4201,2024-11-24,AFL,112.76,113.98,112.45,113.2,3663811.0
4202,2024-11-25,AFL,112.73,114.33,112.33,114.02,1238607.0
4203,2024-11-26,AFL,114.5,115.43,113.94,114.1,1208781.0
4204,2024-11-28,AFL,114.01,115.07,113.9,114.0,1307241.0
4205,2024-12-01,AFL,114.17,114.6,111.11,111.4,2491455.0
4206,2024-12-02,AFL,112.24,112.24,106.74,106.76,3045127.0
4207,2024-12-03,AFL,105.92,107.25,105.0,106.99,2379598.0
4208,2024-12-04,AFL,107.4,108.525,107.16,107.75,1897707.0
4209,2024-12-05,AFL,107.77,108.35,107.09,107.31,1913390.0
4210,2024-12-08,AFL,106.87,107.0,104.665,105.0,2367830.0
4211,2024-12-09,AFL,104.37,104.87,102.78,104.22,1827499.0
4212,2024-12-10,AFL,104.43,104.76,103.75,104.21,1803526.0
4213,2024-12-11,AFL,104.99,105.54,104.32,104.38,1792556.0
4214,2024-12-12,AFL,104.56,105.31,104.195,104.52,2078327.0
4215,2024-12-15,AFL,104.34,104.63,103.75,103.81,2386887.0
4216,2024-12-16,AFL,103.0,103.7,102.33,102.75,2040665.0
4217,2024-12-17,AFL,102.52,103.32,100.3,100.37,2958586.0
4218,2024-12-18,AFL,100.91,102.09,100.59,101.25,2447773.0
4219,2024-12-19,AFL,101.04,103.17,100.65,102.69,4847599.0
4220,2024-12-22,AFL,102.06,102.925,101.78,102.74,1655806.0
4221,2024-12-23,AFL,102.8,103.41,102.14,103.24,901319.0
4222,2024-12-25,AFL,102.75,104.02,102.51,103.66,2491009.0
4223,2024-12-26,AFL,103.18,104.45,102.74,103.38,1104883.0
4224,2024-12-29,AFL,102.28,103.59,101.75,102.97,1405746.0
4225,2024-12-30,AFL,103.04,103.89,103.04,103.44,1689836.0
4226,2025-01-01,AFL,103.61,104.0426,101.97,102.36,1701793.0
4227,2025-01-02,AFL,102.57,103.35,102.17,103.16,1367986.0
4228,2025-01-05,AFL,103.05,103.79,101.49,101.79,1903112.0
4229,2025-01-06,AFL,101.98,103.7,101.79,102.84,1670483.0
4230,2025-01-07,AFL,103.01,103.595,102.035,103.57,1327669.0
4231,2025-01-09,AFL,102.36,102.7,100.235,100.99,2176707.0
4232,2025-01-12,AFL,100.96,102.948,100.0,102.49,1408363.0
4233,2025-01-13,AFL,102.79,103.68,102.39,103.65,1610038.0
4234,2025-01-14,AFL,105.18,105.18,104.41,104.79,2004791.0
4235,2025-01-15,AFL,104.91,106.0299,104.78,105.93,1442274.0
4236,2025-01-16,AFL,105.94,106.835,104.72,106.49,2080502.0
4237,2025-01-20,AFL,106.32,107.21,105.76,106.39,1658383.0
4238,2025-01-21,AFL,106.33,106.39,104.12,104.3,1915032.0
4239,2025-01-22,AFL,104.44,105.0,104.0,104.47,1651613.0
4240,2025-01-23,AFL,104.34,105.38,104.0,104.91,1237222.0
4241,2025-01-26,AFL,105.92,108.19,105.6,108.15,1768340.0
4242,2025-01-27,AFL,107.81,108.63,106.975,107.28,1419978.0
4243,2025-01-28,AFL,107.26,108.83,106.85,107.62,1239149.0
4244,2025-01-29,AFL,108.52,108.93,107.71,108.25,1237144.0
4245,2025-01-30,AFL,107.84,108.86,107.27,107.38,2071618.0
4246,2025-02-02,AFL,105.73,107.26,105.27,106.71,1942698.0
4247,2025-02-03,AFL,106.61,108.1225,106.32,106.76,1559442.0
4248,2025-02-04,AFL,107.46,107.46,105.94,107.29,1566732.0
4249,2025-02-05,AFL,106.33,106.36,101.5,103.08,4397975.0
4250,2025-02-06,AFL,103.57,104.49,102.54,103.58,2761585.0
4251,2025-02-09,AFL,103.48,103.815,102.45,102.61,1955654.0
4252,2025-02-10,AFL,102.79,103.36,101.7,102.99,2278056.0
4253,2025-02-11,AFL,102.19,103.03,101.94,102.94,1811964.0
4254,2025-02-12,AFL,103.0,104.17,102.63,104.08,1647565.0
4255,2025-02-13,AFL,104.31,104.88,103.31,103.34,1450313.0
4256,2025-02-17,AFL,103.31,104.3,102.84,104.26,1635752.0
4257,2025-02-18,AFL,103.74,104.78,103.58,104.51,1579211.0
4258,2025-02-19,AFL,104.0,104.44,103.31,104.28,1431391.0
4259,2025-02-20,AFL,104.14,104.46,101.96,102.16,3539592.0
4260,2025-02-23,AFL,102.47,104.6,102.3,104.09,2475565.0
4261,2025-02-24,AFL,104.92,106.845,104.17,106.73,2147217.0
4262,2025-02-25,AFL,106.48,107.095,105.555,105.81,1586191.0
4263,2025-02-26,AFL,106.42,107.89,105.6,107.43,1831116.0
4264,2025-02-27,AFL,108.49,109.7,107.86,109.47,2704395.0
4265,2025-03-02,AFL,110.0,110.75,109.2,110.14,2141076.0
4266,2025-03-03,AFL,109.83,110.03,107.51,107.6,2395851.0
4267,2025-03-04,AFL,107.45,108.6301,107.05,108.16,1523792.0
4268,2025-03-05,AFL,107.6,108.5299,106.76,107.95,2320625.0
4269,2025-03-06,AFL,107.63,108.89,106.7069,108.41,2080163.0
4270,2025-03-09,AFL,107.42,108.75,105.94,106.76,2580130.0
4271,2025-03-10,AFL,106.57,107.32,105.58,106.27,2050328.0
4272,2025-03-11,AFL,106.38,106.545,104.21,104.69,1956509.0
4273,2025-03-12,AFL,105.16,106.6,104.22,105.1,1596336.0
4274,2025-03-13,AFL,105.47,107.53,105.06,107.25,1395111.0
4275,2025-03-16,AFL,106.75,108.77,106.11,108.4,1344241.0
4276,2025-03-17,AFL,108.48,109.08,107.13,107.36,1534702.0
4277,2025-03-18,AFL,107.23,108.77,106.5,108.46,1846810.0
4278,2025-03-19,AFL,108.05,109.27,107.93,108.7,1754632.0
4279,2025-03-20,AFL,108.56,108.8175,107.2301,108.24,5333657.0
4280,2025-03-23,AFL,108.14,109.88,107.62,109.65,1553918.0
4281,2025-03-24,AFL,110.0,110.55,108.695,109.73,1675609.0
4282,2025-03-25,AFL,110.42,111.5,109.32,110.44,1357842.0
4283,2025-03-26,AFL,110.91,111.0,109.865,110.78,1804380.0
4284,2025-03-27,AFL,110.98,111.42,109.24,109.8,1876428.0
4285,2025-03-30,AFL,110.08,111.78,108.52,111.19,2930516.0
4286,2025-03-31,AFL,111.36,112.72,110.42,112.45,2085773.0
4287,2025-04-01,AFL,112.41,113.05,111.79,112.27,1817885.0
4288,2025-04-02,AFL,110.51,113.45,108.75,111.75,2370434.0
4289,2025-04-03,AFL,109.34,109.97,101.82,101.98,3221799.0
4290,2025-04-06,AFL,99.62,103.085,97.4786,100.0,3676127.0
4291,2025-04-07,AFL,103.55,104.91,98.32,99.77,2662193.0
4292,2025-04-08,AFL,97.94,105.86,97.2,105.3,3031526.0
4293,2025-04-09,AFL,104.88,105.94,102.2492,104.68,2694969.0
4294,2025-04-10,AFL,104.68,107.26,103.73,106.83,2297522.0
4295,2025-04-13,AFL,107.765,109.8399,106.89,108.51,2004063.0
4296,2025-04-14,AFL,109.01,109.5,107.81,108.03,1228480.0
4297,2025-04-15,AFL,108.72,109.06,106.79,107.34,2240182.0
4298,2025-04-16,AFL,107.83,109.23,107.01,107.44,2294664.0
4299,2025-04-20,AFL,106.86,107.52,103.48,104.97,1692522.0
4300,2025-04-21,AFL,106.57,108.66,106.03,108.31,1545672.0
4301,2025-04-22,AFL,108.55,110.31,107.855,108.43,1552325.0
4302,2025-04-23,AFL,108.49,109.33,107.56,109.14,1613764.0
4303,2025-04-24,AFL,108.83,109.03,106.69,107.94,1829749.0
4304,2025-04-27,AFL,108.3,109.18,107.42,108.49,1756303.0
4305,2025-04-28,AFL,108.0,108.86,107.61,108.6,1275788.0
4306,2025-04-29,AFL,107.68,108.91,105.92,108.68,2713314.0
4307,2025-04-30,AFL,105.5,106.54,103.1,103.52,3391204.0
4308,2025-05-01,AFL,104.36,106.035,103.965,105.53,1886188.0
4309,2025-05-04,AFL,105.21,106.495,104.5,105.75,2002903.0
4310,2025-05-05,AFL,105.57,106.65,104.75,105.9,1443261.0
4311,2025-05-06,AFL,106.15,107.42,105.7,106.96,2028750.0
4312,2025-05-07,AFL,106.79,107.97,105.99,106.3,1926329.0
4313,2025-05-08,AFL,106.46,107.24,105.88,105.97,1353074.0
4314,2025-05-11,AFL,106.1,106.875,104.6168,105.57,2078237.0
4315,2025-05-12,AFL,105.18,105.84,104.87,105.03,1975752.0
4316,2025-05-13,AFL,104.98,105.5527,103.71,103.9,1831983.0
4317,2025-05-14,AFL,103.97,105.97,103.97,105.78,1521850.0
4318,2025-05-15,AFL,105.72,107.0,105.37,106.82,3427210.0
4319,2025-05-18,AFL,106.86,107.36,106.02,106.43,1689985.0
4320,2025-05-19,AFL,106.35,106.695,105.31,105.62,1868398.0
4321,2025-05-20,AFL,104.76,104.96,103.47,103.54,2380727.0
4322,2025-05-21,AFL,103.5,103.89,101.96,102.45,1700390.0
4323,2025-05-22,AFL,102.0,102.91,101.67,102.53,1641569.0
4324,2025-05-26,AFL,102.99,103.45,102.36,103.41,1683301.0
4325,2025-05-27,AFL,103.14,103.88,101.88,101.99,1745544.0
4326,2025-05-28,AFL,102.22,102.99,101.92,102.81,1871185.0
4327,2025-05-29,AFL,102.61,104.01,102.1,103.54,3415441.0
4328,2025-06-01,AFL,102.67,103.84,102.18,103.8,1809869.0
4329,2025-06-02,AFL,103.52,104.225,102.13,104.07,1757093.0
4330,2025-06-03,AFL,104.25,104.36,102.83,102.83,1568903.0
4331,2025-06-04,AFL,103.14,103.15,101.66,102.21,1774274.0
4332,2025-06-05,AFL,103.04,103.789,102.78,103.68,2035571.0
4333,2025-06-08,AFL,103.41,103.585,101.13,102.51,2027629.0
4334,2025-06-09,AFL,102.34,102.775,101.82,102.27,2903113.0
4335,2025-06-10,AFL,102.21,102.4,100.99,101.35,2282494.0
4336,2025-06-11,AFL,100.525,102.69,100.215,102.63,1800580.0
4337,2025-06-12,AFL,102.25,103.055,101.01,102.18,2259305.0
4338,2025-06-15,AFL,102.77,103.28,102.33,102.72,2160874.0
4339,2025-06-16,AFL,102.68,102.995,101.41,102.09,2056900.0
4340,2025-06-17,AFL,102.25,103.68,102.1531,102.63,2127293.0
4341,2025-06-19,AFL,101.97,103.73,101.11,103.3,6258903.0
4342,2025-06-22,AFL,103.25,104.93,102.88,104.84,2156652.0
4343,2025-06-23,AFL,104.79,105.19,103.62,104.16,1977778.0
4344,2025-06-24,AFL,103.92,104.0,102.19,102.48,2273245.0
4345,2025-06-25,AFL,102.33,104.09,102.19,103.91,2149039.0
4346,2025-06-26,AFL,104.07,105.28,103.74,105.07,11667992.0
4347,2025-06-29,AFL,104.92,105.58,104.45,105.46,2628119.0
4348,2025-06-30,AFL,105.2,106.48,104.8,105.78,2519029.0
4349,2025-07-01,AFL,105.49,105.77,102.775,103.52,1968331.0
4350,2025-07-02,AFL,104.22,104.7199,103.67,104.57,994901.0
4351,2025-07-06,AFL,104.37,104.56,102.65,102.88,1667600.0
4352,2025-07-07,AFL,102.3,103.6425,102.21,103.24,2434246.0
4353,2025-07-08,AFL,103.0,103.05,101.6,101.91,1689173.0
4354,2025-07-09,AFL,101.73,102.31,101.095,102.28,2123923.0
4355,2025-07-10,AFL,101.54,102.03,101.17,101.57,1348231.0
4356,2025-07-13,AFL,101.41,102.73,100.86,102.67,2048876.0
4357,2025-07-14,AFL,102.08,102.66,100.58,100.62,1695896.0
4358,2025-07-15,AFL,100.98,101.52,100.05,101.44,1606758.0
4359,2025-07-16,AFL,101.0,101.655,100.65,101.42,1955794.0
4360,2025-07-17,AFL,101.68,102.51,101.2,101.83,4577769.0
4361,2025-07-20,AFL,101.95,102.38,101.11,101.12,2101968.0
4362,2025-07-21,AFL,101.28,102.84,100.74,102.7,1970102.0
4363,2025-07-22,AFL,103.09,103.1545,102.01,102.89,1687114.0
4364,2025-07-23,AFL,102.55,103.22,102.12,102.45,2409429.0
4365,2025-07-24,AFL,102.63,103.53,102.0,103.37,2023594.0
4366,2025-07-27,AFL,103.0,103.29,100.735,100.88,1877566.0
4367,2025-07-28,AFL,101.53,102.08,100.59,100.82,2002778.0
4368,2025-07-29,AFL,100.72,100.72,98.11,98.59,2508746.0
4369,2025-07-30,AFL,98.36,100.23,98.05,99.36,3106208.0
4370,2025-07-31,AFL,99.41,99.41,96.95,98.09,2768318.0
4371,2025-08-03,AFL,98.06,98.7,97.63,98.56,2033465.0
4372,2025-08-04,AFL,99.1,99.6,98.625,98.92,2985544.0
4373,2025-08-05,AFL,101.5,102.6,97.47,102.31,3640277.0
4374,2025-08-06,AFL,102.47,103.78,101.49,102.28,3676048.0
4375,2025-08-07,AFL,102.57,103.795,101.49,103.52,2014653.0
4376,2025-08-10,AFL,103.95,104.35,103.28,104.17,2013062.0
4377,2025-08-11,AFL,104.51,104.8,103.51,103.55,3231493.0
4378,2025-08-12,AFL,104.09,105.85,103.8,105.7,2447468.0
4379,2025-08-13,AFL,105.92,105.92,104.95,105.3,2575059.0
4380,2025-08-14,AFL,105.785,106.155,105.15,105.38,2645889.0
4381,2025-08-17,AFL,105.44,105.815,104.99,105.76,1771743.0
4382,2025-08-18,AFL,105.71,106.97,105.525,106.89,2275425.0
4383,2025-08-19,AFL,106.63,108.635,106.5,107.9,2684861.0
4384,2025-08-20,AFL,107.86,108.54,107.54,108.19,3395452.0
4385,2025-08-21,AFL,108.67,109.65,108.32,108.46,2230970.0
4386,2025-08-24,AFL,108.26,108.71,107.34,107.38,1719708.0
4387,2025-08-25,AFL,106.94,108.22,106.3826,108.16,4624500.0
4388,2025-08-26,AFL,107.79,108.41,107.41,107.41,3554791.0
4389,2025-08-27,AFL,107.13,107.215,105.791,106.1,2439606.0
4390,2025-08-28,AFL,106.39,107.18,106.295,106.86,2399020.0
4391,2025-09-01,AFL,106.63,106.8,104.97,105.62,2980072.0
4392,2025-09-02,AFL,105.09,106.82,104.75,106.74,2169150.0
4393,2025-09-03,AFL,107.15,108.765,106.7,108.55,2429654.0
4394,2025-09-04,AFL,108.51,108.945,106.3,106.93,2547829.0
4395,2025-09-07,AFL,106.31,106.55,104.6569,106.34,2971259.0
4396,2025-09-08,AFL,106.22,106.96,105.48,106.28,1833393.0
4397,2025-09-09,AFL,105.86,107.29,105.66,107.23,2093187.0
4398,2025-09-10,AFL,107.18,108.75,106.925,108.69,1927219.0
4399,2025-09-11,AFL,108.51,109.51,108.12,109.13,1799997.0
4400,2025-09-14,AFL,109.04,109.29,108.2,108.41,1836514.0
4401,2025-09-15,AFL,108.01,108.1145,106.955,107.63,2874541.0
4402,2025-09-16,AFL,107.99,109.99,107.1,109.23,2354386.0
4403,2025-09-17,AFL,108.69,109.34,107.98,108.0,3167909.0
4404,2025-09-18,AFL,108.37,108.5725,107.795,108.04,6940718.0
4405,2025-09-21,AFL,107.77,108.17,107.23,107.4,2673822.0
4406,2025-09-22,AFL,107.35,109.415,106.85,108.23,2539896.0
4407,2025-09-23,AFL,108.19,109.36,107.91,109.31,2134291.0
4408,2025-09-24,AFL,109.57,110.11,108.62,109.48,1913151.0
4409,2025-09-25,AFL,110.3,111.4425,109.94,111.36,1878532.0
4410,2025-09-28,AFL,111.45,111.66,110.7,111.35,2286243.0
4411,2025-09-29,AFL,111.37,111.85,110.5975,111.7,2523054.0
4412,2025-09-30,AFL,111.0,111.34,110.17,110.75,1708950.0
4413,2025-10-01,AFL,110.3,111.19,109.66,110.6,1704231.0
4414,2025-10-02,AFL,110.57,112.42,110.06,112.32,1621347.0
4415,2025-10-05,AFL,112.39,113.39,111.37,113.07,1607019.0
4416,2025-10-06,AFL,113.33,113.9,112.55,112.93,1719378.0
4417,2025-10-07,AFL,113.0,113.285,111.7401,111.9,1756727.0
4418,2025-10-08,AFL,112.4,113.36,110.75,111.17,1622550.0
4419,2025-10-09,AFL,112.14,112.33,110.64,110.95,1480760.0
4420,2025-10-12,AFL,110.57,111.59,109.69,110.26,1961958.0
4421,2025-10-13,AFL,110.24,111.57,109.89,111.51,1788016.0
4422,2025-10-14,AFL,111.01,112.0,109.39,109.81,1548586.0
4423,2025-10-15,AFL,109.025,109.025,106.4604,106.73,2025015.0
4424,2025-10-16,AFL,107.09,108.04,106.9601,107.71,1501451.0
4425,2025-10-19,AFL,107.83,109.1,107.55,108.77,1108866.0
4426,2025-10-20,AFL,108.49,109.04,107.69,108.18,2172425.0
4427,2025-10-21,AFL,108.19,108.82,107.07,107.85,1824624.0
4428,2025-10-22,AFL,108.3,108.3,107.015,107.55,1514192.0
4429,2025-10-23,AFL,107.48,107.88,106.71,107.18,1673040.0
4430,2025-10-26,AFL,107.42,107.74,106.77,107.55,1715316.0
4431,2025-10-27,AFL,106.86,107.36,106.1779,106.68,1589707.0
4432,2025-10-28,AFL,106.36,106.84,105.426,105.7,1668694.0
4433,2025-10-29,AFL,105.97,107.5,105.775,106.84,1503046.0
4434,2025-10-30,AFL,105.85,107.63,105.75,107.19,2608967.0
4435,2025-11-02,AFL,107.04,108.03,105.48,106.97,1853000.0
4436,2025-11-03,AFL,107.87,108.82,106.865,108.81,2365391.0
4437,2025-11-04,AFL,110.74,113.84,109.1501,111.24,2965977.0
4438,2025-11-05,AFL,111.35,113.895,111.03,113.7,2769029.0
4439,2025-11-06,AFL,114.0,114.78,113.3,114.09,2337699.0
4440,2025-11-09,AFL,113.3,114.195,112.39,113.58,1784536.0
4441,2025-11-10,AFL,114.12,115.08,113.04,113.79,1985126.0
4442,2025-11-11,AFL,113.76,114.88,113.71,114.61,1825103.0
4443,2025-11-12,AFL,114.7,115.45,114.28,115.01,2911835.0
4444,2025-11-13,AFL,115.1,115.835,113.31,114.34,1925899.0
4445,2025-11-16,AFL,114.34,114.44,111.945,112.27,2633431.0
4446,2025-11-17,AFL,111.86,112.62,111.555,111.76,2253591.0
4447,2025-11-18,AFL,110.82,111.15,108.31,109.4,2596864.0
4448,2025-11-19,AFL,109.86,110.905,109.38,110.55,2368731.0
4449,2025-11-20,AFL,110.99,111.75,110.455,110.98,2411064.0
4450,2025-11-23,AFL,110.89,111.0,109.42,110.38,6647208.0
4451,2025-11-24,AFL,111.12,112.46,110.68,111.63,2085534.0
4452,2025-11-25,AFL,111.46,111.62,110.535,110.55,1825286.0
4453,2025-11-27,AFL,110.47,111.56,110.1,110.31,1140381.0
4454,2025-11-30,AFL,110.31,110.98,109.34,109.55,2485625.0
4455,2025-12-01,AFL,109.59,109.785,108.55,108.83,1623777.0
4456,2025-12-02,AFL,108.83,109.51,108.29,109.04,1721214.0
4457,2025-12-03,AFL,109.04,110.135,109.005,109.24,2192487.0
4458,2025-12-04,AFL,108.94,109.46,108.5,109.28,2061594.0
4459,2025-12-07,AFL,108.52,108.92,107.85,108.06,2170592.0
4460,2025-12-08,AFL,108.61,109.425,107.59,108.02,2219574.0
4461,2025-12-09,AFL,108.04,108.31,107.01,107.19,2751959.0
4462,2025-12-10,AFL,107.7,109.92,107.6625,108.85,2293934.0
4463,2025-12-11,AFL,109.38,110.185,109.19,110.05,2185690.0
4464,2025-12-14,AFL,110.97,111.95,110.05,111.5,4213655.0
4465,2025-12-15,AFL,111.0,112.0,109.16,109.49,3608948.0
4466,2025-12-16,AFL,108.98,110.81,108.89,110.5,3867927.0
4467,2025-12-17,AFL,109.93,110.765,109.525,110.46,3268771.0
4468,2025-12-18,AFL,110.29,111.281,108.88,110.36,6832645.0
4469,2025-12-21,AFL,110.24,110.77,109.77,110.05,2142283.0
4470,2025-12-22,AFL,110.22,111.08,109.75,110.72,1659268.0
4471,2025-12-23,AFL,110.27,110.96,110.2001,110.62,891436.0
4472,2025-12-25,AFL,110.55,110.855,109.66,109.9,979047.0
4473,2025-12-28,AFL,110.16,110.55,109.3,109.96,1550048.0
4474,2025-12-29,AFL,110.08,110.83,109.33,110.8,1153029.0
4475,2025-12-30,AFL,110.73,111.03,110.22,110.27,1434043.0
4476,2026-01-01,AFL,110.14,110.345,108.955,110.24,1659335.0
4477,2026-01-04,AFL,109.3,112.93,108.59,112.19,1961799.0
4478,2026-01-05,AFL,111.5,112.715,111.005,111.96,2211910.0
4479,2026-01-06,AFL,111.26,111.605,110.11,110.19,1339759.0
4480,2026-01-07,AFL,110.14,111.56,109.98,110.26,2004738.0
4481,2026-01-08,AFL,109.87,110.75,109.23,109.24,1720992.0
4482,2026-01-11,AFL,109.57,110.05,108.59,108.88,1486014.0
4483,2026-01-12,AFL,108.88,109.43,107.355,107.96,1942579.0
4484,2026-01-13,AFL,108.11,110.4,108.11,110.18,2173616.0
4485,2026-01-14,AFL,110.31,110.81,109.48,109.61,2138144.0
4486,2026-01-15,AFL,109.28,109.91,108.985,109.51,6139904.0
4487,2026-01-19,AFL,109.34,110.23,108.88,109.26,2398312.0
4488,2026-01-20,AFL,109.05,109.7,107.28,108.56,2493284.0
4489,2026-01-21,AFL,108.11,108.78,107.47,108.3,2068659.0
4490,2026-01-22,AFL,108.27,108.58,106.32,107.09,1859206.0
4491,2024-01-28,A,131.75,132.9,131.28,132.83,1407250.0
4492,2024-01-29,A,132.83,134.52,132.69,134.28,1428810.0
4493,2024-01-30,A,134.61,134.62,129.996,130.1,1101452.0
4494,2024-01-31,A,130.06,133.05,129.2605,133.05,862025.0
4495,2024-02-01,A,131.84,133.92,130.31,132.97,1066283.0
4496,2024-02-04,A,132.74,134.95,132.38,132.82,2374531.0
4497,2024-02-05,A,132.65,136.1,131.075,135.86,1766821.0
4498,2024-02-06,A,136.52,136.91,132.34,132.79,1758005.0
4499,2024-02-07,A,132.42,134.82,132.13,134.07,1352524.0
4500,2024-02-08,A,133.93,135.23,132.76,133.34,909735.0
4501,2024-02-11,A,133.28,133.28,130.38,132.31,1231836.0
4502,2024-02-12,A,130.34,131.64,128.26,129.76,1031115.0
4503,2024-02-13,A,131.0,132.33,130.2094,132.24,1405219.0
4504,2024-02-14,A,132.99,135.595,132.68,134.75,1514490.0
4505,2024-02-15,A,133.59,136.27,133.59,134.84,1066838.0
4506,2024-02-19,A,133.67,135.33,133.575,134.14,1563909.0
4507,2024-02-20,A,133.36,135.445,133.17,135.33,1134724.0
4508,2024-02-21,A,132.48,133.03,129.015,132.02,2664453.0
4509,2024-02-22,A,132.8,133.36,131.57,132.03,1877997.0
4510,2024-02-25,A,131.78,132.92,130.83,131.49,1677474.0
4511,2024-02-26,A,131.45,133.18,130.87,132.55,1772701.0
4512,2024-02-27,A,139.88,139.88,136.35,137.01,2537079.0
4513,2024-02-28,A,137.51,138.03,135.86,137.36,2622608.0
4514,2024-02-29,A,137.03,139.15,134.67,139.06,1531000.0
4515,2024-03-03,A,139.15,143.49,138.81,142.86,2169240.0
4516,2024-03-04,A,143.0,146.4,143.0,144.35,2622599.0
4517,2024-03-05,A,145.0,147.44,144.75,146.22,2357946.0
4518,2024-03-06,A,147.09,149.64,147.09,149.31,1942872.0
4519,2024-03-07,A,149.64,151.58,147.85,147.87,1588318.0
4520,2024-03-10,A,148.0,149.28,146.12,147.29,1397577.0
4521,2024-03-11,A,147.61,149.475,147.242,147.84,1192289.0
4522,2024-03-12,A,148.17,149.105,147.54,147.82,2231544.0
4523,2024-03-13,A,147.9,148.25,144.29,145.21,2098229.0
4524,2024-03-14,A,143.99,148.65,143.99,147.48,3775456.0
4525,2024-03-17,A,147.88,148.36,145.895,146.09,2281316.0
4526,2024-03-18,A,145.99,147.57,145.47,147.39,1976201.0
4527,2024-03-19,A,147.21,147.71,146.38,147.28,1526485.0
4528,2024-03-20,A,147.58,150.14,147.175,148.74,1574232.0
4529,2024-03-21,A,148.85,149.28,146.42,147.45,1076551.0
4530,2024-03-24,A,147.54,148.07,143.78,145.56,1710504.0
4531,2024-03-25,A,145.61,146.2612,144.38,144.41,2021230.0
4532,2024-03-26,A,145.65,147.48,144.53,147.37,1212197.0
4533,2024-03-27,A,147.54,147.68,145.36,145.51,2176553.0
4534,2024-03-31,A,146.18,146.5,144.42,145.56,968324.0
4535,2024-04-01,A,144.02,144.33,142.59,144.17,1376542.0
4536,2024-04-02,A,143.77,144.85,142.795,143.73,1211174.0
4537,2024-04-03,A,145.12,145.26,141.13,141.34,1183951.0
4538,2024-04-04,A,144.18,145.5,143.43,144.12,1655846.0
4539,2024-04-07,A,143.8,145.79,143.01,144.46,1247293.0
4540,2024-04-08,A,146.0,147.43,145.5004,147.4,873691.0
4541,2024-04-09,A,144.42,145.06,143.55,144.16,1051822.0
4542,2024-04-10,A,145.65,145.857,143.67,145.0,720175.0
4543,2024-04-11,A,143.59,144.66,140.26,140.73,1124507.0
4544,2024-04-14,A,142.31,143.25,139.02,140.22,1506028.0
4545,2024-04-15,A,140.28,140.36,136.625,136.8,1345667.0
4546,2024-04-16,A,137.24,137.46,132.87,134.55,2084075.0
4547,2024-04-17,A,131.26,134.44,128.34,132.44,1936566.0
4548,2024-04-18,A,133.06,133.74,132.15,132.73,1303352.0
4549,2024-04-21,A,133.54,135.02,131.78,133.91,850521.0
4550,2024-04-22,A,137.98,139.65,136.015,139.2,1979443.0
4551,2024-04-23,A,138.34,139.89,136.21,137.49,1553274.0
4552,2024-04-24,A,137.06,137.21,134.12,136.37,940765.0
4553,2024-04-25,A,136.45,138.36,135.0,137.74,754945.0
4554,2024-04-28,A,138.26,139.87,137.88,139.59,781155.0
4555,2024-04-29,A,138.6,139.65,136.97,137.04,1087383.0
4556,2024-04-30,A,136.72,140.56,136.13,138.69,850440.0
4557,2024-05-01,A,139.23,139.885,136.71,137.52,1146813.0
4558,2024-05-02,A,139.69,140.95,138.41,139.45,1097922.0
4559,2024-05-05,A,139.54,141.47,138.335,140.61,1639410.0
4560,2024-05-06,A,141.12,142.15,139.76,141.27,1486842.0
4561,2024-05-07,A,141.12,143.0,140.04,142.8,1423532.0
4562,2024-05-08,A,143.11,145.48,142.82,145.14,1254089.0
4563,2024-05-09,A,145.89,152.81,145.12,149.76,2246750.0
4564,2024-05-12,A,149.53,150.26,147.18,147.76,1317676.0
4565,2024-05-13,A,148.75,151.55,148.38,151.28,1679903.0
4566,2024-05-14,A,153.0,154.55,152.51,154.08,1524633.0
4567,2024-05-15,A,152.57,154.84,152.57,154.31,1325064.0
4568,2024-05-16,A,154.51,155.35,153.03,154.23,1856998.0
4569,2024-05-19,A,153.97,154.95,153.465,154.64,906242.0
4570,2024-05-20,A,154.35,154.65,152.34,153.67,997114.0
4571,2024-05-21,A,153.58,154.49,152.64,152.87,1231261.0
4572,2024-05-22,A,152.47,152.47,150.11,150.55,1005202.0
4573,2024-05-23,A,150.81,151.4555,149.56,150.66,784333.0
4574,2024-05-27,A,150.82,151.19,147.7,148.21,1366918.0
4575,2024-05-28,A,146.74,146.99,144.75,145.48,1603212.0
4576,2024-05-29,A,125.3,135.18,125.3,131.42,5138548.0
4577,2024-05-30,A,131.0,134.065,129.56,130.41,5333147.0
4578,2024-06-02,A,130.0,132.58,130.0,131.4,3114841.0
4579,2024-06-03,A,131.24,132.25,130.2801,130.85,2893665.0
4580,2024-06-04,A,130.54,134.2,130.01,133.56,2707455.0
4581,2024-06-05,A,132.46,134.35,132.28,132.82,2269636.0
4582,2024-06-06,A,131.95,133.3799,131.29,132.98,2365340.0
4583,2024-06-09,A,132.87,133.85,132.25,133.03,1673611.0
4584,2024-06-10,A,132.64,132.99,131.49,132.11,2081563.0
4585,2024-06-11,A,133.63,133.635,132.33,133.16,2399911.0
4586,2024-06-12,A,132.59,133.0,130.04,130.57,2555442.0
4587,2024-06-13,A,130.0,130.74,129.24,129.85,2163274.0
4588,2024-06-16,A,131.11,132.07,129.5,131.83,2090521.0
4589,2024-06-17,A,132.13,135.15,131.56,134.9,3453080.0
4590,2024-06-19,A,133.26,134.65,132.53,132.73,2887363.0
4591,2024-06-20,A,132.85,134.5,132.2,133.25,4461292.0
4592,2024-06-23,A,135.3,137.71,134.34,135.08,3339551.0
4593,2024-06-24,A,135.0,136.01,134.29,134.69,2310830.0
4594,2024-06-25,A,133.99,135.21,132.76,133.09,1836777.0
4595,2024-06-26,A,132.2,132.99,130.58,130.8,1897978.0
4596,2024-06-27,A,131.66,133.039,128.39,129.63,9817612.0
4597,2024-06-30,A,130.69,131.785,127.061,127.4,2364844.0
4598,2024-07-01,A,127.43,128.57,125.44,125.78,1981143.0
4599,2024-07-02,A,126.12,127.66,125.83,126.13,1288210.0
4600,2024-07-04,A,126.4,126.61,125.29,126.37,1341656.0
4601,2024-07-07,A,126.68,126.73,125.4,126.07,2091058.0
4602,2024-07-08,A,126.24,126.24,124.16,125.42,1558888.0
4603,2024-07-09,A,126.42,127.14,125.542,127.07,1837330.0
4604,2024-07-10,A,128.8,131.535,127.8775,130.82,1667172.0
4605,2024-07-11,A,131.17,133.4,130.64,132.23,1477340.0
4606,2024-07-14,A,132.01,133.14,130.775,131.01,1015719.0
4607,2024-07-15,A,131.99,136.1899,131.595,136.06,1064333.0
4608,2024-07-16,A,135.16,136.0,133.42,133.5,1031195.0
4609,2024-07-17,A,132.32,135.21,131.66,131.97,2783526.0
4610,2024-07-18,A,131.96,132.78,130.29,131.78,1731443.0
4611,2024-07-21,A,133.06,133.93,131.4,133.42,2009368.0
4612,2024-07-22,A,137.61,137.66,130.49,130.65,1640805.0
4613,2024-07-23,A,130.87,134.43,130.18,134.16,2066682.0
4614,2024-07-24,A,133.95,138.365,133.45,134.98,1338851.0
4615,2024-07-25,A,136.69,140.29,136.08,137.32,1717670.0
4616,2024-07-28,A,137.585,137.78,135.62,137.38,1222648.0
4617,2024-07-29,A,138.04,139.73,137.11,139.49,1428034.0
4618,2024-07-30,A,140.39,144.0,139.71,141.4,2582725.0
4619,2024-07-31,A,142.24,144.22,141.75,142.86,2896452.0
4620,2024-08-01,A,141.98,143.17,135.76,139.04,2298354.0
4621,2024-08-04,A,136.55,136.82,133.06,134.7,1885243.0
4622,2024-08-05,A,135.42,138.92,134.27,136.26,1461969.0
4623,2024-08-06,A,137.25,138.085,133.69,133.96,1553910.0
4624,2024-08-07,A,134.15,137.22,133.78,136.76,976850.0
4625,2024-08-08,A,136.84,137.86,136.105,136.9,737614.0
4626,2024-08-11,A,136.81,136.81,134.48,135.6,1347172.0
4627,2024-08-12,A,135.83,137.7,135.33,137.42,1157979.0
4628,2024-08-13,A,137.93,138.69,135.88,136.03,1090040.0
4629,2024-08-14,A,137.66,139.99,137.66,139.89,1120379.0
4630,2024-08-15,A,139.79,140.9,138.52,140.04,1284834.0
4631,2024-08-18,A,140.55,141.29,139.28,140.51,1714079.0
4632,2024-08-19,A,140.6,141.535,139.43,139.75,1227757.0
4633,2024-08-20,A,139.98,140.79,139.145,139.99,2262977.0
4634,2024-08-21,A,145.375,145.45,138.15,140.22,2634529.0
4635,2024-08-22,A,141.21,142.27,140.16,140.87,1735656.0
4636,2024-08-25,A,141.11,141.18,139.96,140.49,1013194.0
4637,2024-08-26,A,140.48,141.2099,139.71,141.1,949743.0
4638,2024-08-27,A,141.53,142.31,140.29,141.06,1089854.0
4639,2024-08-28,A,142.07,143.44,141.11,142.53,1577379.0
4640,2024-08-29,A,142.16,143.27,141.02,142.92,1570696.0
4641,2024-09-02,A,141.63,143.27,138.06,138.96,1629187.0
4642,2024-09-03,A,138.39,139.66,136.49,138.16,1368684.0
4643,2024-09-04,A,138.36,139.06,136.925,138.36,1194620.0
4644,2024-09-05,A,138.45,140.0,136.51,137.2,1298388.0
4645,2024-09-08,A,138.8,139.54,137.15,138.09,1770253.0
4646,2024-09-09,A,137.53,138.21,135.94,138.03,1357677.0
4647,2024-09-10,A,137.34,138.86,134.76,138.7,1405535.0
4648,2024-09-11,A,138.2,138.62,134.25,136.39,1616489.0
4649,2024-09-12,A,136.81,137.61,136.365,137.31,917759.0
4650,2024-09-15,A,138.28,139.78,137.495,138.31,887044.0
4651,2024-09-16,A,138.66,139.775,137.39,138.35,1210176.0
4652,2024-09-17,A,138.5,141.0,137.43,139.01,1390546.0
4653,2024-09-18,A,141.85,143.44,141.455,141.95,1225954.0
4654,2024-09-19,A,141.21,141.3952,137.88,140.09,2613595.0
4655,2024-09-22,A,141.15,141.15,138.6007,139.79,2179480.0
4656,2024-09-23,A,140.1,143.27,139.31,141.87,1930083.0
4657,2024-09-24,A,141.97,142.835,139.21,139.44,1437304.0
4658,2024-09-25,A,141.26,146.96,140.54,146.74,2149759.0
4659,2024-09-26,A,147.18,150.08,147.18,148.06,2213029.0
4660,2024-09-29,A,147.7,148.83,146.71,148.48,1408312.0
4661,2024-09-30,A,148.19,148.19,144.02,146.56,1408643.0
4662,2024-10-01,A,146.27,147.65,145.11,146.54,1200066.0
4663,2024-10-02,A,145.43,145.98,144.09,144.55,1100049.0
4664,2024-10-03,A,146.2,146.56,144.2,144.97,1001140.0
4665,2024-10-06,A,144.13,144.4499,142.83,143.89,836738.0
4666,2024-10-07,A,144.0,145.24,143.84,144.61,914968.0
4667,2024-10-08,A,145.03,145.5899,144.18,144.8,634673.0
4668,2024-10-09,A,143.21,144.41,142.595,142.74,1288934.0
4669,2024-10-10,A,143.06,145.055,143.06,143.82,1427375.0
4670,2024-10-13,A,144.0,145.07,142.82,144.25,1765112.0
4671,2024-10-14,A,144.35,146.66,144.068,144.58,1251198.0
4672,2024-10-15,A,141.51,142.565,138.44,139.11,1702132.0
4673,2024-10-16,A,141.81,142.53,136.48,137.42,1592884.0
4674,2024-10-17,A,138.53,139.52,137.2375,138.83,1185274.0
4675,2024-10-20,A,138.35,138.81,136.22,136.76,975947.0
4676,2024-10-21,A,134.69,134.75,131.98,133.46,1822734.0
4677,2024-10-22,A,133.27,134.3,131.36,133.03,1657530.0
4678,2024-10-23,A,133.14,133.31,130.69,130.69,1830078.0
4679,2024-10-24,A,131.18,131.71,129.35,130.19,1248591.0
4680,2024-10-27,A,131.75,132.23,130.34,131.54,1739863.0
4681,2024-10-28,A,131.14,132.29,130.56,131.23,941585.0
4682,2024-10-29,A,131.66,134.11,131.14,131.49,1550574.0
4683,2024-10-30,A,130.67,131.44,129.86,130.31,1596089.0
4684,2024-10-31,A,139.135,140.97,135.27,136.87,2077724.0
4685,2024-11-03,A,137.32,140.64,136.905,139.65,1795434.0
4686,2024-11-04,A,138.18,140.79,137.241,140.41,1240710.0
4687,2024-11-05,A,143.0,143.07,137.04,137.78,2528903.0
4688,2024-11-06,A,138.79,140.07,137.57,139.63,2182801.0
4689,2024-11-07,A,137.67,138.665,134.94,136.68,1918633.0
4690,2024-11-10,A,137.07,137.46,133.2,133.86,5405489.0
4691,2024-11-11,A,133.86,136.04,133.64,133.67,1490800.0
4692,2024-11-12,A,133.26,134.87,132.19,134.28,1103090.0
4693,2024-11-13,A,133.69,134.35,130.16,130.22,1971103.0
4694,2024-11-14,A,129.47,129.71,125.82,127.07,2631136.0
4695,2024-11-17,A,126.92,128.09,126.01,126.92,1444996.0
4696,2024-11-18,A,125.78,127.12,125.12,125.69,1838200.0
4697,2024-11-19,A,125.32,128.71,124.89,128.57,1696093.0
4698,2024-11-20,A,129.71,132.19,129.06,132.06,2882187.0
4699,2024-11-21,A,132.1,134.32,131.5,133.84,2067844.0
4700,2024-11-24,A,134.53,135.61,133.76,134.49,3355400.0
4701,2024-11-25,A,127.02,134.81,126.17,134.37,3444150.0
4702,2024-11-26,A,134.69,139.0,134.235,138.14,2336938.0
4703,2024-11-28,A,137.27,139.095,137.084,137.97,1183296.0
4704,2024-12-01,A,137.83,140.02,137.105,139.58,1702239.0
4705,2024-12-02,A,138.81,139.595,136.7,139.28,1715048.0
4706,2024-12-03,A,139.2,142.41,137.69,140.2,1948899.0
4707,2024-12-04,A,139.0,140.57,137.56,137.87,1994522.0
4708,2024-12-05,A,139.47,141.79,138.96,140.58,1298025.0
4709,2024-12-08,A,140.81,144.57,140.44,144.0,1547275.0
4710,2024-12-09,A,144.25,144.9,141.7252,141.93,1261264.0
4711,2024-12-10,A,142.86,143.59,141.17,141.19,1848678.0
4712,2024-12-11,A,140.5,141.715,139.88,140.91,976363.0
4713,2024-12-12,A,140.36,140.465,137.29,139.0,1474294.0
4714,2024-12-15,A,138.63,139.938,137.0,137.67,1580702.0
4715,2024-12-16,A,137.58,139.34,136.2,136.46,2430649.0
4716,2024-12-17,A,136.95,137.57,132.91,133.01,1746949.0
4717,2024-12-18,A,133.14,134.27,131.62,133.19,2166908.0
4718,2024-12-19,A,133.23,135.53,133.23,134.51,4363950.0
4719,2024-12-22,A,134.16,134.69,133.17,134.6,1194949.0
4720,2024-12-23,A,134.6,136.1,134.15,136.1,370216.0
4721,2024-12-25,A,135.01,135.98,134.97,135.83,556576.0
4722,2024-12-26,A,134.62,136.2221,134.59,135.54,631818.0
4723,2024-12-29,A,134.4,135.59,133.24,134.42,993643.0
4724,2024-12-30,A,134.81,135.91,134.03,134.34,719606.0
4725,2025-01-01,A,135.21,135.73,132.87,133.43,953587.0
4726,2025-01-02,A,133.45,136.05,132.755,135.69,1246919.0
4727,2025-01-05,A,135.6,138.34,135.34,136.43,1047034.0
4728,2025-01-06,A,136.83,140.28,135.98,137.41,1056693.0
4729,2025-01-07,A,137.68,137.68,135.63,137.0,1684573.0
4730,2025-01-09,A,134.75,140.14,134.709,137.47,1369875.0
4731,2025-01-12,A,137.22,142.82,137.0,141.95,1561959.0
4732,2025-01-13,A,142.0,145.38,140.15,143.43,2445434.0
4733,2025-01-14,A,144.14,146.5,138.68,142.23,2328643.0
4734,2025-01-15,A,142.78,145.11,140.43,144.72,1661474.0
4735,2025-01-16,A,145.88,148.46,145.195,147.36,3210310.0
4736,2025-01-20,A,148.67,153.18,148.01,152.57,2759636.0
4737,2025-01-21,A,152.83,153.76,151.72,152.6,1730996.0
4738,2025-01-22,A,152.83,152.955,148.18,152.45,1332235.0
4739,2025-01-23,A,152.1,152.77,150.78,151.44,1844887.0
4740,2025-01-26,A,151.56,152.22,148.7301,150.96,2229590.0
4741,2025-01-27,A,152.61,153.24,150.21,150.34,1791623.0
4742,2025-01-28,A,148.99,149.9,146.55,147.09,1583243.0
4743,2025-01-29,A,148.95,152.48,147.65,151.38,1496057.0
4744,2025-01-30,A,150.96,153.84,150.5,151.52,1886605.0
4745,2025-02-02,A,149.76,150.315,147.88,148.63,1637928.0
4746,2025-02-03,A,148.02,148.65,146.27,147.04,1290985.0
4747,2025-02-04,A,147.89,148.71,146.31,147.99,1348074.0
4748,2025-02-05,A,147.02,148.61,146.2,147.64,1142978.0
4749,2025-02-06,A,148.21,149.3875,144.41,145.21,1557768.0
4750,2025-02-09,A,145.58,145.8538,141.83,143.69,1764731.0
4751,2025-02-10,A,142.23,144.2,141.3175,141.75,1134256.0
4752,2025-02-11,A,138.78,139.8,136.4,138.08,2103555.0
4753,2025-02-12,A,138.27,138.3454,136.06,136.45,1395435.0
4754,2025-02-13,A,136.99,137.16,134.31,134.67,1358730.0
4755,2025-02-17,A,134.51,136.185,133.94,135.2,2121049.0
4756,2025-02-18,A,134.59,137.49,134.05,137.15,1738150.0
4757,2025-02-19,A,137.66,138.58,136.1,136.79,872747.0
4758,2025-02-20,A,136.86,137.525,135.15,135.37,1112247.0
4759,2025-02-23,A,135.5,136.94,134.77,135.28,2037577.0
4760,2025-02-24,A,135.15,136.28,133.2,134.18,2606955.0
4761,2025-02-25,A,135.0,136.47,133.65,134.47,1539877.0
4762,2025-02-26,A,128.78,131.32,125.81,127.08,3469145.0
4763,2025-02-27,A,128.2,129.51,125.955,127.92,2852776.0
4764,2025-03-02,A,129.0,129.0,125.64,126.33,2184538.0
4765,2025-03-03,A,125.0,125.75,121.45,123.06,2524159.0
4766,2025-03-04,A,122.48,127.3,122.29,126.51,2047254.0
4767,2025-03-05,A,126.0,129.5,125.765,126.55,2299955.0
4768,2025-03-06,A,125.95,128.1,124.4,126.7,2056080.0
4769,2025-03-09,A,125.21,126.654,121.62,121.9,3412347.0
4770,2025-03-10,A,122.59,123.28,119.301,121.03,2106624.0
4771,2025-03-11,A,122.1,123.7,119.08,119.85,1807094.0
4772,2025-03-12,A,119.0,120.08,117.17,117.33,1984761.0
4773,2025-03-13,A,118.81,122.05,117.5,121.18,2978763.0
4774,2025-03-16,A,121.1,123.5,120.78,122.49,2015386.0
4775,2025-03-17,A,122.1,123.2,121.42,123.1,1415437.0
4776,2025-03-18,A,122.56,123.235,121.305,122.21,1706063.0
4777,2025-03-19,A,121.72,122.08,119.6898,120.28,1620607.0
4778,2025-03-20,A,119.38,120.78,117.92,120.75,3041433.0
4779,2025-03-23,A,121.88,124.43,120.89,121.97,1557414.0
4780,2025-03-24,A,122.6,123.04,119.76,120.51,1605993.0
4781,2025-03-25,A,120.72,121.14,119.05,119.9,2652930.0
4782,2025-03-26,A,120.0,120.33,118.73,118.97,2075742.0
4783,2025-03-27,A,119.21,119.66,116.36,116.69,1772883.0
4784,2025-03-30,A,116.36,117.73,113.76,116.98,2014022.0
4785,2025-03-31,A,116.42,116.465,113.36,114.05,2302795.0
4786,2025-04-01,A,113.12,116.24,112.75,115.99,1948045.0
4787,2025-04-02,A,113.1,113.9,109.57,109.67,3802507.0
4788,2025-04-03,A,107.14,107.7,102.85,103.0,3826426.0
4789,2025-04-06,A,102.63,107.0,98.51,103.59,3563028.0
4790,2025-04-07,A,106.06,106.76,97.37,99.29,4525196.0
4791,2025-04-08,A,98.06,107.2982,96.43,107.05,4234699.0
4792,2025-04-09,A,104.82,105.28,96.81,99.95,4977804.0
4793,2025-04-10,A,101.15,103.335,98.86,102.71,2849084.0
4794,2025-04-13,A,104.94,106.21,104.0,105.19,1906747.0
4795,2025-04-14,A,104.3,105.25,102.54,103.12,1326713.0
4796,2025-04-15,A,103.22,104.83,101.87,102.7,1454411.0
4797,2025-04-16,A,102.63,103.5,101.355,102.48,1769917.0
4798,2025-04-20,A,101.85,102.04,99.12,100.26,2321821.0
4799,2025-04-21,A,102.0,103.94,101.2,102.81,2321791.0
4800,2025-04-22,A,106.67,109.62,104.75,105.0,2236208.0
4801,2025-04-23,A,105.42,107.08,103.16,107.02,1989456.0
4802,2025-04-24,A,105.87,106.43,104.35,106.28,1120576.0
4803,2025-04-27,A,107.35,108.56,105.39,106.87,1689804.0
4804,2025-04-28,A,106.9,108.02,105.78,107.46,1201839.0
4805,2025-04-29,A,106.96,107.95,105.45,107.6,1452202.0
4806,2025-04-30,A,107.25,108.23,104.1014,106.46,1523233.0
4807,2025-05-01,A,109.24,110.33,107.45,108.63,1213204.0
4808,2025-05-04,A,108.1,109.25,107.46,108.37,1385558.0
4809,2025-05-05,A,107.25,108.21,104.355,105.24,1960586.0
4810,2025-05-06,A,106.69,107.6,104.79,107.52,2144049.0
4811,2025-05-07,A,108.0,110.65,106.55,108.7,2093356.0
4812,2025-05-08,A,108.96,109.86,106.79,106.93,1369559.0
4813,2025-05-11,A,110.81,115.71,110.45,115.55,2873150.0
4814,2025-05-12,A,115.43,116.88,114.815,115.42,2845274.0
4815,2025-05-13,A,114.95,115.5,111.28,111.52,2563392.0
4816,2025-05-14,A,111.28,112.4,108.93,112.4,1873978.0
4817,2025-05-15,A,112.28,113.83,110.82,113.77,1811966.0
4818,2025-05-18,A,112.5,113.47,112.03,113.44,2086318.0
4819,2025-05-19,A,113.45,114.14,112.66,113.48,2245800.0
4820,2025-05-20,A,112.0,112.605,108.7,108.91,2859893.0
4821,2025-05-21,A,108.36,110.19,107.965,109.68,2379944.0
4822,2025-05-22,A,107.78,109.06,107.07,108.53,1690993.0
4823,2025-05-26,A,110.75,111.77,109.965,111.26,2103910.0
4824,2025-05-27,A,110.83,111.58,110.14,110.88,2733052.0
4825,2025-05-28,A,116.945,116.99,113.0,113.28,3837419.0
4826,2025-05-29,A,112.03,112.91,110.788,111.92,4753647.0
4827,2025-06-01,A,111.14,111.41,110.03,111.05,1757023.0
4828,2025-06-02,A,110.89,112.9925,109.75,112.76,1491237.0
4829,2025-06-03,A,113.36,115.29,112.885,114.94,2692885.0
4830,2025-06-04,A,115.42,115.5,113.64,113.94,1875889.0
4831,2025-06-05,A,115.41,116.02,114.78,115.8,1556451.0
4832,2025-06-08,A,116.61,118.47,115.77,116.74,2147886.0
4833,2025-06-09,A,117.9,121.16,117.125,120.52,3499481.0
4834,2025-06-10,A,120.76,122.83,119.67,119.72,2752398.0
4835,2025-06-11,A,118.98,120.05,118.53,118.91,1361525.0
4836,2025-06-12,A,116.68,118.9,116.45,117.08,1652070.0
4837,2025-06-15,A,117.69,119.34,115.57,119.02,1402847.0
4838,2025-06-16,A,117.5,118.47,115.82,116.09,1577141.0
4839,2025-06-17,A,116.09,116.88,114.665,115.52,1560338.0
4840,2025-06-19,A,116.17,116.86,115.08,115.56,3043869.0
4841,2025-06-22,A,114.95,116.23,113.7,116.13,1448381.0
4842,2025-06-23,A,117.33,118.0,116.57,117.64,1945271.0
4843,2025-06-24,A,117.11,119.78,116.97,118.62,1690325.0
4844,2025-06-25,A,119.18,120.54,118.04,119.42,1487991.0
4845,2025-06-26,A,120.0,120.21,118.18,119.17,1734703.0
4846,2025-06-29,A,119.19,119.66,117.445,118.01,1602496.0
4847,2025-06-30,A,117.44,123.16,116.835,120.45,1935742.0
4848,2025-07-01,A,121.0,121.585,119.4613,120.66,1467147.0
4849,2025-07-02,A,121.0,121.75,120.67,121.38,944958.0
4850,2025-07-06,A,120.4,120.75,118.1,119.25,1459911.0
4851,2025-07-07,A,119.58,123.11,119.28,121.01,1917086.0
4852,2025-07-08,A,121.4,122.35,118.9,121.3,1806744.0
4853,2025-07-09,A,121.63,126.435,120.94,124.17,2269535.0
4854,2025-07-10,A,122.93,123.66,122.335,123.28,1382971.0
4855,2025-07-13,A,121.84,121.86,119.27,120.08,2028729.0
4856,2025-07-14,A,118.0,119.76,111.93,112.94,3950858.0
4857,2025-07-15,A,113.46,114.46,111.86,113.43,2248845.0
4858,2025-07-16,A,114.1,116.57,113.25,116.36,1552869.0
4859,2025-07-17,A,116.82,117.2,113.53,113.99,1521861.0
4860,2025-07-20,A,113.23,113.66,110.75,112.04,2060791.0
4861,2025-07-21,A,112.85,117.05,112.14,116.19,1692114.0
4862,2025-07-22,A,119.38,120.79,117.48,119.47,1939728.0
4863,2025-07-23,A,119.43,122.75,119.43,120.35,1602812.0
4864,2025-07-24,A,120.5,121.01,119.02,120.18,1972730.0
4865,2025-07-27,A,119.41,120.77,118.72,119.54,1679152.0
4866,2025-07-28,A,119.75,120.505,118.855,119.84,1212204.0
4867,2025-07-29,A,120.24,120.46,117.23,118.05,979111.0
4868,2025-07-30,A,116.57,118.34,114.47,114.81,2339514.0
4869,2025-07-31,A,113.45,114.32,111.19,113.5,1888649.0
4870,2025-08-03,A,113.17,115.03,112.01,114.84,1343207.0
4871,2025-08-04,A,114.81,115.43,114.25,114.89,1271053.0
4872,2025-08-05,A,115.08,115.08,112.56,113.23,1058665.0
4873,2025-08-06,A,114.5,114.92,113.16,113.98,1157465.0
4874,2025-08-07,A,114.31,115.0,113.39,114.62,1129762.0
4875,2025-08-10,A,115.04,115.67,113.73,114.13,1082339.0
4876,2025-08-11,A,114.51,117.37,114.395,117.32,917388.0
4877,2025-08-12,A,118.06,120.395,117.86,120.29,983597.0
4878,2025-08-13,A,119.23,119.405,118.15,118.87,926367.0
4879,2025-08-14,A,119.61,119.96,118.49,119.2,1238471.0
4880,2025-08-17,A,119.12,119.6,118.15,118.15,1021103.0
4881,2025-08-18,A,118.5,120.59,118.145,120.11,1313481.0
4882,2025-08-19,A,119.87,120.46,118.2801,119.11,1431859.0
4883,2025-08-20,A,118.49,118.7,117.03,117.15,744734.0
4884,2025-08-21,A,118.27,122.41,117.465,121.63,1290989.0
4885,2025-08-24,A,121.5,121.685,118.48,119.15,1482531.0
4886,2025-08-25,A,119.23,119.63,118.105,118.3,1898309.0
4887,2025-08-26,A,118.5,119.2,117.51,118.69,1698630.0
4888,2025-08-27,A,118.8,125.4204,118.2,124.96,3886441.0
4889,2025-08-28,A,125.0,126.3,124.11,125.66,1781215.0
4890,2025-09-01,A,124.88,125.52,121.8,125.21,2412797.0
4891,2025-09-02,A,124.96,125.83,123.72,125.22,2497362.0
4892,2025-09-03,A,125.0,128.83,123.8,128.48,2715490.0
4893,2025-09-04,A,128.72,131.0,128.39,128.75,1633203.0
4894,2025-09-07,A,127.475,128.42,126.28,128.13,2136444.0
4895,2025-09-08,A,128.1,128.265,125.85,126.25,1470310.0
4896,2025-09-09,A,125.92,126.72,124.01,124.12,1669516.0
4897,2025-09-10,A,125.51,127.045,124.87,126.73,1474119.0
4898,2025-09-11,A,126.45,126.525,123.13,123.24,1250891.0
4899,2025-09-14,A,123.99,126.41,123.7,125.63,2084922.0
4900,2025-09-15,A,125.63,127.5814,125.02,127.19,1721123.0
4901,2025-09-16,A,127.72,130.08,126.38,126.72,1921728.0
4902,2025-09-17,A,127.76,128.54,126.76,127.62,1513336.0
4903,2025-09-18,A,128.28,128.55,126.015,126.32,2844313.0
4904,2025-09-21,A,125.5,126.62,125.17,126.33,976668.0
4905,2025-09-22,A,126.17,126.985,125.8975,125.94,1281537.0
4906,2025-09-23,A,125.17,125.96,124.075,124.38,1239935.0
4907,2025-09-24,A,123.66,123.66,120.78,121.89,1411798.0
4908,2025-09-25,A,122.05,124.05,121.55,123.39,1167127.0
4909,2025-09-28,A,123.76,124.23,122.5725,123.75,1486050.0
4910,2025-09-29,A,123.42,128.39,123.0138,128.35,2417880.0
4911,2025-09-30,A,128.34,138.98,128.1851,138.58,4333406.0
4912,2025-10-01,A,137.55,140.64,136.9,138.7,2228754.0
4913,2025-10-02,A,139.0,143.09,138.855,141.64,2345960.0
4914,2025-10-05,A,141.51,141.935,139.9,141.61,1538402.0
4915,2025-10-06,A,141.86,142.27,138.44,138.56,1444593.0
4916,2025-10-07,A,140.36,142.44,138.97,140.81,1698819.0
4917,2025-10-08,A,140.28,140.94,138.48,140.11,1149998.0
4918,2025-10-09,A,139.66,140.575,136.29,136.62,1968156.0
4919,2025-10-12,A,137.85,139.84,136.7575,138.23,1481472.0
4920,2025-10-13,A,136.27,139.92,135.54,138.04,1142071.0
4921,2025-10-14,A,138.68,140.22,137.35,139.65,1692458.0
4922,2025-10-15,A,140.84,143.325,140.26,141.1,2180226.0
4923,2025-10-16,A,139.76,142.235,139.02,141.92,1506511.0
4924,2025-10-19,A,143.0,144.63,142.27,143.0,1580463.0
4925,2025-10-20,A,145.3,149.5,144.27,145.68,1658454.0
4926,2025-10-21,A,145.28,147.74,144.455,145.87,1495380.0
4927,2025-10-22,A,146.3,148.3329,145.6,147.46,1210044.0
4928,2025-10-23,A,148.12,149.12,147.525,148.03,1135521.0
4929,2025-10-26,A,148.28,148.65,146.52,146.59,1187952.0
4930,2025-10-27,A,145.74,147.27,144.63,145.85,1470066.0
4931,2025-10-28,A,145.52,146.05,142.87,143.2,1902524.0
4932,2025-10-29,A,142.93,145.27,142.205,143.36,1519645.0
4933,2025-10-30,A,142.78,146.99,142.6,146.36,1487227.0
4934,2025-11-02,A,145.07,145.575,142.53,144.69,1785846.0
4935,2025-11-03,A,143.5,148.71,143.5,146.08,2176781.0
4936,2025-11-04,A,143.15,147.49,142.46,146.77,1664689.0
4937,2025-11-05,A,145.79,148.01,145.1,147.49,1285960.0
4938,2025-11-06,A,146.52,147.12,144.575,146.74,1027170.0
4939,2025-11-09,A,146.93,147.8751,145.1,146.36,1310703.0
4940,2025-11-10,A,146.91,149.9763,146.78,149.42,1218692.0
4941,2025-11-11,A,149.91,152.67,148.78,151.52,2064616.0
4942,2025-11-12,A,149.44,152.095,146.52,146.89,1940747.0
4943,2025-11-13,A,145.32,148.0,144.5,146.82,1302640.0
4944,2025-11-16,A,146.37,147.035,144.05,144.52,1445776.0
4945,2025-11-17,A,143.24,145.29,140.24,143.84,2330773.0
4946,2025-11-18,A,145.49,145.49,142.76,144.4,1848316.0
4947,2025-11-19,A,147.16,147.36,143.95,145.06,1443693.0
4948,2025-11-20,A,144.47,151.76,144.47,151.25,2469168.0
4949,2025-11-23,A,151.9,153.6,150.47,153.6,3984489.0
4950,2025-11-24,A,150.78,160.27,148.0001,157.2,3697954.0
4951,2025-11-25,A,155.74,158.12,154.02,154.37,3294453.0
4952,2025-11-27,A,154.11,154.56,153.22,153.5,1531612.0
4953,2025-11-30,A,152.54,153.95,149.19,150.1,2044215.0
4954,2025-12-01,A,150.96,151.455,148.75,148.81,1653182.0
4955,2025-12-02,A,149.77,151.43,149.1,149.26,2163067.0
4956,2025-12-03,A,149.26,149.8,144.22,148.32,2865181.0
4957,2025-12-04,A,148.79,149.0,144.76,145.49,2142102.0
4958,2025-12-07,A,144.82,144.82,142.18,142.44,2195344.0
4959,2025-12-08,A,142.3,142.77,140.22,140.64,2324485.0
4960,2025-12-09,A,141.51,143.93,141.06,143.47,1864408.0
4961,2025-12-10,A,143.57,143.8811,142.14,142.87,1226087.0
4962,2025-12-11,A,142.59,142.85,139.15,139.68,1962054.0
4963,2025-12-14,A,141.82,143.365,139.72,140.6,2712076.0
4964,2025-12-15,A,140.48,140.5069,138.035,139.19,1798750.0
4965,2025-12-16,A,138.67,139.305,136.27,136.66,2242051.0
4966,2025-12-17,A,137.09,138.98,136.23,136.9,2693852.0
4967,2025-12-18,A,137.21,138.27,136.43,137.24,4959132.0
4968,2025-12-21,A,137.62,139.19,137.205,138.52,2038316.0
4969,2025-12-22,A,138.17,138.92,137.64,138.36,1208713.0
4970,2025-12-23,A,138.35,138.57,137.77,138.32,508961.0
4971,2025-12-25,A,138.5,138.63,137.87,138.39,739337.0
4972,2025-12-28,A,138.4,139.07,137.62,137.93,1640851.0
4973,2025-12-29,A,137.57,138.16,136.8301,137.62,2423111.0
4974,2025-12-30,A,137.61,137.97,136.04,136.07,949976.0
4975,2026-01-01,A,136.24,137.95,135.27,137.95,1650714.0
4976,2026-01-04,A,137.67,142.97,137.66,142.93,2981500.0
4977,2026-01-05,A,142.18,148.555,142.17,147.6,2627715.0
4978,2026-01-06,A,147.64,149.39,145.55,147.81,2279107.0
4979,2026-01-07,A,146.74,148.735,145.365,145.76,1728989.0
4980,2026-01-08,A,147.48,150.03,147.15,148.52,1819076.0
4981,2026-01-11,A,148.6,150.0,146.911,147.99,1127976.0
4982,2026-01-12,A,148.57,150.095,143.14,146.32,2593455.0
4983,2026-01-13,A,146.41,148.37,145.515,145.92,1684111.0
4984,2026-01-14,A,146.59,146.895,144.68,144.83,1674980.0
4985,2026-01-15,A,144.2,144.88,139.485,139.64,2603512.0
4986,2026-01-19,A,138.0,138.7699,134.63,135.83,3300771.0
4987,2026-01-20,A,136.22,140.47,136.02,139.77,1988052.0
4988,2026-01-21,A,139.3,141.19,138.43,138.63,1453170.0
4989,2026-01-22,A,138.0,138.365,133.955,135.05,1811642.0
4990,2024-01-28,APD,261.9,262.23,259.755,261.13,1192369.0
4991,2024-01-29,APD,259.93,262.27,259.15,259.28,2053730.0
4992,2024-01-30,APD,261.11,261.25,255.42,255.71,1941511.0
4993,2024-01-31,APD,257.82,260.195,256.145,259.56,1517126.0
4994,2024-02-01,APD,257.11,260.0,255.5,258.17,1934825.0
4995,2024-02-04,APD,227.0,228.04,217.03,218.02,7998235.0
4996,2024-02-05,APD,218.71,219.98,212.24,218.05,4983253.0
4997,2024-02-06,APD,218.34,219.62,213.0701,215.38,3469430.0
4998,2024-02-07,APD,214.03,220.76,213.8,219.91,3243666.0
4999,2024-02-08,APD,219.49,219.94,216.5,219.84,2381777.0
5000,2024-02-11,APD,220.38,223.38,219.12,222.59,1946386.0
5001,2024-02-12,APD,220.72,222.615,216.335,217.61,2769733.0
5002,2024-02-13,APD,217.93,219.38,216.3001,217.01,2117089.0
5003,2024-02-14,APD,221.14,228.46,220.26,226.95,2429375.0
5004,2024-02-15,APD,226.87,227.84,225.91,226.85,1694224.0
5005,2024-02-19,APD,226.45,228.23,225.2601,228.09,1927219.0
5006,2024-02-20,APD,229.0,229.8664,226.95,228.1,1582694.0
5007,2024-02-21,APD,227.67,231.85,227.1,231.5,2181332.0
5008,2024-02-22,APD,231.2,233.3,229.65,232.79,1795388.0
5009,2024-02-25,APD,230.09,231.93,228.51,229.36,1657054.0
5010,2024-02-26,APD,230.0,233.91,229.6,231.73,2338106.0
5011,2024-02-27,APD,231.0,234.56,229.75,232.41,1793591.0
5012,2024-02-28,APD,233.89,237.65,233.44,234.04,1726274.0
5013,2024-02-29,APD,233.71,236.49,232.41,236.0,1230670.0
5014,2024-03-03,APD,235.4,239.505,235.4,238.41,1861676.0
5015,2024-03-04,APD,238.02,240.36,237.73,239.58,2566643.0
5016,2024-03-05,APD,242.07,243.89,240.7,243.1,2325382.0
5017,2024-03-06,APD,246.0,247.9999,244.28,245.17,1993027.0
5018,2024-03-07,APD,245.54,245.99,241.42,241.61,1726670.0
5019,2024-03-10,APD,243.25,249.34,242.4201,247.94,1452050.0
5020,2024-03-11,APD,247.53,248.195,243.925,244.87,1632646.0
5021,2024-03-12,APD,245.47,249.11,244.96,247.29,1144520.0
5022,2024-03-13,APD,246.65,247.4,244.71,245.14,1416177.0
5023,2024-03-14,APD,243.36,246.605,243.0,244.63,2369631.0
5024,2024-03-17,APD,244.57,248.87,244.57,245.61,1172461.0
5025,2024-03-18,APD,245.9,246.245,241.06,241.82,1156568.0
5026,2024-03-19,APD,239.8,240.52,237.64,238.95,2848665.0
5027,2024-03-20,APD,239.18,239.57,235.41,235.49,2328606.0
5028,2024-03-21,APD,235.0,237.49,234.96,236.71,1153804.0
5029,2024-03-24,APD,235.97,238.81,235.195,237.56,944214.0
5030,2024-03-25,APD,239.14,239.14,236.21,237.83,1097060.0
5031,2024-03-26,APD,238.88,243.11,238.5797,243.1,926790.0
5032,2024-03-27,APD,241.73,243.45,240.78,242.27,1439940.0
5033,2024-03-31,APD,242.93,244.65,241.53,243.42,851323.0
5034,2024-04-01,APD,243.08,243.715,237.28,239.84,1227294.0
5035,2024-04-02,APD,240.12,241.3,238.895,239.6,1008988.0
5036,2024-04-03,APD,241.12,241.4399,236.589,237.11,829702.0
5037,2024-04-04,APD,236.88,239.785,236.63,238.68,1588820.0
5038,2024-04-07,APD,239.52,240.82,237.31,237.63,1013613.0
5039,2024-04-08,APD,238.87,239.71,237.02,239.66,890942.0
5040,2024-04-09,APD,235.6,236.83,234.6839,235.91,1407451.0
5041,2024-04-10,APD,236.5,238.225,234.95,236.25,1737606.0
5042,2024-04-11,APD,234.32,235.37,230.68,231.53,1520072.0
5043,2024-04-14,APD,233.13,234.26,229.66,231.16,1307420.0
5044,2024-04-15,APD,230.6,231.115,227.53,227.76,2590139.0
5045,2024-04-16,APD,229.17,230.15,227.76,229.01,1452506.0
5046,2024-04-17,APD,230.92,233.53,228.48,233.02,1302044.0
5047,2024-04-18,APD,233.07,235.72,230.9,231.64,1797253.0
5048,2024-04-21,APD,231.93,234.58,229.19,234.36,1591168.0
5049,2024-04-22,APD,233.47,235.185,232.09,233.71,1175219.0
5050,2024-04-23,APD,232.43,235.08,231.75,234.68,1297346.0
5051,2024-04-24,APD,234.48,235.98,233.47,235.08,1037756.0
5052,2024-04-25,APD,234.88,238.4,234.46,236.08,1251373.0
5053,2024-04-28,APD,237.0,239.54,236.595,238.12,1628936.0
5054,2024-04-29,APD,232.58,237.15,228.81,236.34,3555868.0
5055,2024-04-30,APD,233.98,240.87,233.52,237.49,1845058.0
5056,2024-05-01,APD,238.67,244.13,235.1405,243.69,1811411.0
5057,2024-05-02,APD,244.23,247.39,244.08,245.87,1559471.0
5058,2024-05-05,APD,247.43,247.75,244.89,247.6,936858.0
5059,2024-05-06,APD,248.62,248.96,246.53,248.65,1099763.0
5060,2024-05-07,APD,248.6,248.99,245.75,246.27,891360.0
5061,2024-05-08,APD,247.36,250.8,246.7,250.61,840356.0
5062,2024-05-09,APD,251.86,252.92,249.88,250.55,1555105.0
5063,2024-05-12,APD,251.58,253.73,250.05,250.26,2289362.0
5064,2024-05-13,APD,251.77,252.19,248.37,248.56,1613369.0
5065,2024-05-14,APD,250.12,251.77,248.599,251.6,1068157.0
5066,2024-05-15,APD,252.53,258.13,252.14,257.04,2746018.0
5067,2024-05-16,APD,258.0,262.98,255.86,262.7,2877892.0
5068,2024-05-19,APD,261.57,266.43,261.1365,266.21,2246039.0
5069,2024-05-20,APD,266.11,267.25,263.72,264.66,1900229.0
5070,2024-05-21,APD,263.23,264.7,261.2694,264.65,1059966.0
5071,2024-05-22,APD,264.5,265.195,261.41,263.0,1466600.0
5072,2024-05-23,APD,264.62,266.44,263.4501,264.61,1070639.0
5073,2024-05-27,APD,264.2,265.34,263.01,264.63,1207703.0
5074,2024-05-28,APD,262.51,264.17,259.56,260.27,1109083.0
5075,2024-05-29,APD,260.86,261.5,258.32,260.5,1185596.0
5076,2024-05-30,APD,261.5,266.93,260.535,266.7,2569052.0
5077,2024-06-02,APD,266.26,271.55,265.72,270.91,2101840.0
5078,2024-06-03,APD,269.8,271.19,267.385,270.3,1453831.0
5079,2024-06-04,APD,270.97,271.98,268.945,270.33,804050.0
5080,2024-06-05,APD,269.77,270.1,267.18,269.72,1341339.0
5081,2024-06-06,APD,270.32,281.2,268.44,279.53,2225324.0
5082,2024-06-09,APD,280.95,282.81,278.43,282.31,1942041.0
5083,2024-06-10,APD,281.04,283.16,280.02,280.81,1700703.0
5084,2024-06-11,APD,282.63,283.595,280.71,283.05,1400193.0
5085,2024-06-12,APD,282.91,286.61,282.4595,285.31,2049417.0
5086,2024-06-13,APD,283.53,284.57,274.86,275.14,1503360.0
5087,2024-06-16,APD,273.43,275.14,271.1301,273.11,1217464.0
5088,2024-06-17,APD,272.7,276.225,271.56,274.7,1160553.0
5089,2024-06-19,APD,273.92,275.3652,272.0,272.07,1146600.0
5090,2024-06-20,APD,268.81,275.28,268.35,272.91,2500376.0
5091,2024-06-23,APD,273.93,273.93,270.47,270.9,2891078.0
5092,2024-06-24,APD,270.14,270.29,265.39,267.09,3695936.0
5093,2024-06-25,APD,265.92,266.015,258.94,263.7,6456145.0
5094,2024-06-26,APD,264.98,265.0,261.37,263.07,2748179.0
5095,2024-06-27,APD,261.57,262.45,257.39,258.05,2606874.0
5096,2024-06-30,APD,256.53,257.905,246.69,247.34,1974740.0
5097,2024-07-01,APD,248.57,251.88,246.0,251.0,2832488.0
5098,2024-07-02,APD,251.36,254.425,251.23,253.0,763687.0
5099,2024-07-04,APD,252.66,254.29,251.97,252.67,1381395.0
5100,2024-07-07,APD,254.06,255.38,253.79,254.9,1182063.0
5101,2024-07-08,APD,254.27,255.9,253.87,254.7,1740796.0
5102,2024-07-09,APD,256.7,257.72,254.11,255.66,2172365.0
5103,2024-07-10,APD,256.14,262.54,255.74,258.0,1410477.0
5104,2024-07-11,APD,260.89,263.73,258.355,261.31,1054735.0
5105,2024-07-14,APD,260.16,261.4733,258.86,259.84,998551.0
5106,2024-07-15,APD,260.32,269.28,259.23,267.53,1210761.0
5107,2024-07-16,APD,267.78,271.9199,267.72,270.47,725308.0
5108,2024-07-17,APD,267.72,272.7699,266.49,266.59,696866.0
5109,2024-07-18,APD,267.16,267.16,261.9128,262.91,762658.0
5110,2024-07-21,APD,262.87,263.0,248.03,248.55,3865931.0
5111,2024-07-22,APD,249.4,256.0,248.43,256.0,3224254.0
5112,2024-07-23,APD,256.41,260.26,256.23,260.2,2826957.0
5113,2024-07-24,APD,257.6,260.745,257.3605,258.64,1760230.0
5114,2024-07-25,APD,259.95,263.47,258.69,260.98,1042927.0
5115,2024-07-28,APD,261.52,266.37,261.0,265.74,1539557.0
5116,2024-07-29,APD,264.66,267.33,263.955,264.23,964570.0
5117,2024-07-30,APD,265.9,268.05,263.44,263.85,1812979.0
5118,2024-07-31,APD,288.61,296.0,282.0,287.47,3842782.0
5119,2024-08-01,APD,282.8,285.97,277.39,281.74,1832140.0
5120,2024-08-04,APD,275.62,281.06,275.41,278.47,1111470.0
5121,2024-08-05,APD,278.76,282.14,277.79,278.56,838543.0
5122,2024-08-06,APD,280.65,283.31,277.38,277.44,1167906.0
5123,2024-08-07,APD,277.0,280.1,276.91,279.21,940775.0
5124,2024-08-08,APD,278.99,280.12,276.77,278.23,1228661.0
5125,2024-08-11,APD,277.64,277.755,273.0,273.93,1375661.0
5126,2024-08-12,APD,274.77,277.3391,273.6801,276.55,695254.0
5127,2024-08-13,APD,276.22,277.245,273.3,276.49,706631.0
5128,2024-08-14,APD,277.51,278.0,271.79,273.88,846419.0
5129,2024-08-15,APD,274.36,276.1,273.32,276.04,764877.0
5130,2024-08-18,APD,275.33,277.38,273.72,274.17,548014.0
5131,2024-08-19,APD,273.27,275.395,272.12,273.42,564405.0
5132,2024-08-20,APD,273.05,276.55,271.87,275.52,598614.0
5133,2024-08-21,APD,275.71,276.04,273.34,274.43,545847.0
5134,2024-08-22,APD,275.59,276.41,274.03,275.86,514167.0
5135,2024-08-25,APD,275.75,279.64,275.75,278.76,1058505.0
5136,2024-08-26,APD,278.85,279.81,274.91,277.91,1595321.0
5137,2024-08-27,APD,278.15,279.73,275.4,276.79,670226.0
5138,2024-08-28,APD,277.57,279.44,275.64,277.1,506747.0
5139,2024-08-29,APD,277.89,279.27,274.38,278.85,919017.0
5140,2024-09-02,APD,276.53,278.49,273.855,275.19,1600075.0
5141,2024-09-03,APD,275.84,279.0,274.39,274.67,718481.0
5142,2024-09-04,APD,274.64,275.41,270.87,273.55,1008654.0
5143,2024-09-05,APD,272.83,275.01,267.35,268.71,1066164.0
5144,2024-09-08,APD,269.19,273.95,268.46,273.82,1244947.0
5145,2024-09-09,APD,274.36,275.9799,271.955,275.23,771392.0
5146,2024-09-10,APD,277.01,278.49,270.13,277.71,914435.0
5147,2024-09-11,APD,277.35,280.42,273.76,280.02,1400396.0
5148,2024-09-12,APD,280.94,286.49,279.74,284.13,1044833.0
5149,2024-09-15,APD,287.0,289.97,286.3201,288.87,1311543.0
5150,2024-09-16,APD,289.61,291.865,289.115,291.13,1056326.0
5151,2024-09-17,APD,291.8,291.98,286.71,287.3,1016924.0
5152,2024-09-18,APD,290.23,291.54,287.52,287.72,958373.0
5153,2024-09-19,APD,286.79,288.94,285.73,287.98,4148385.0
5154,2024-09-22,APD,289.14,293.09,288.21,292.05,1539129.0
5155,2024-09-23,APD,293.49,297.5253,293.49,295.59,1294602.0
5156,2024-09-24,APD,297.13,297.13,293.5001,295.72,1349407.0
5157,2024-09-25,APD,296.04,300.45,296.025,299.46,1798690.0
5158,2024-09-26,APD,301.01,302.03,298.5,300.36,1057098.0
5159,2024-09-29,APD,300.0,301.6,296.59,297.74,1032492.0
5160,2024-09-30,APD,295.72,295.72,291.115,291.43,1267403.0
5161,2024-10-01,APD,291.0,292.33,288.62,290.0,1346960.0
5162,2024-10-02,APD,289.27,290.14,284.97,285.58,982175.0
5163,2024-10-03,APD,286.05,287.15,283.9742,285.5,924756.0
5164,2024-10-06,APD,306.0,313.0,301.3,312.69,4243205.0
5165,2024-10-07,APD,309.26,312.43,305.8,310.36,1556656.0
5166,2024-10-08,APD,311.54,318.32,310.205,313.97,2375242.0
5167,2024-10-09,APD,313.98,323.865,313.18,314.61,2574170.0
5168,2024-10-10,APD,315.75,317.98,315.49,316.66,775755.0
5169,2024-10-13,APD,316.88,320.61,316.01,320.34,1058246.0
5170,2024-10-14,APD,321.42,324.52,320.0851,323.23,2092365.0
5171,2024-10-15,APD,323.88,328.72,323.07,326.7,1886503.0
5172,2024-10-16,APD,326.7,329.03,324.51,328.77,1182021.0
5173,2024-10-17,APD,329.95,332.17,328.04,332.1,1074148.0
5174,2024-10-20,APD,330.42,332.425,328.98,331.56,857804.0
5175,2024-10-21,APD,330.09,330.59,326.92,330.37,1246877.0
5176,2024-10-22,APD,329.73,330.37,325.05,326.62,1045136.0
5177,2024-10-23,APD,325.4,325.8,320.387,322.1,1588528.0
5178,2024-10-24,APD,322.75,322.75,317.89,318.02,1294777.0
5179,2024-10-27,APD,319.96,319.96,315.48,318.26,1185671.0
5180,2024-10-28,APD,316.78,317.1145,314.58,315.3,1579491.0
5181,2024-10-29,APD,315.57,315.57,311.92,312.77,1043061.0
5182,2024-10-30,APD,308.75,314.31,307.13,310.53,2281026.0
5183,2024-10-31,APD,309.84,312.6,308.91,309.21,794696.0
5184,2024-11-03,APD,310.62,311.2956,305.16,306.09,1608056.0
5185,2024-11-04,APD,305.54,308.445,303.22,306.37,1502918.0
5186,2024-11-05,APD,311.54,311.54,301.82,306.73,1871478.0
5187,2024-11-06,APD,309.76,318.63,302.5,312.82,2141693.0
5188,2024-11-07,APD,310.95,314.62,308.48,312.99,2585110.0
5189,2024-11-10,APD,312.78,315.035,310.14,313.91,1940751.0
5190,2024-11-11,APD,314.23,315.65,309.41,311.12,1021001.0
5191,2024-11-12,APD,310.5,313.04,308.857,312.89,955239.0
5192,2024-11-13,APD,312.61,318.4,311.125,315.88,1081170.0
5193,2024-11-14,APD,315.47,317.42,314.06,317.1,1113047.0
5194,2024-11-17,APD,320.58,328.09,319.59,327.89,1898376.0
5195,2024-11-18,APD,325.92,328.04,322.46,328.0,1881544.0
5196,2024-11-19,APD,328.32,330.65,325.515,327.85,1694307.0
5197,2024-11-20,APD,326.86,330.19,325.91,328.88,1972041.0
5198,2024-11-21,APD,329.73,332.6899,328.95,331.83,2200243.0
5199,2024-11-24,APD,333.0,336.4231,333.0,333.97,2640608.0
5200,2024-11-25,APD,333.89,335.68,330.3775,334.78,1785068.0
5201,2024-11-26,APD,333.91,336.22,332.78,333.22,1293809.0
5202,2024-11-28,APD,332.9,334.62,331.31,334.33,769798.0
5203,2024-12-01,APD,335.9,335.9,331.4,335.62,766330.0
5204,2024-12-02,APD,336.72,337.0,329.17,330.64,1441903.0
5205,2024-12-03,APD,329.95,329.95,325.62,327.48,974890.0
5206,2024-12-04,APD,314.49,323.36,312.6,321.97,1730080.0
5207,2024-12-05,APD,323.14,324.4,320.04,320.11,1020293.0
5208,2024-12-08,APD,322.44,322.44,315.905,316.62,1215981.0
5209,2024-12-09,APD,315.63,316.28,311.475,315.21,742183.0
5210,2024-12-10,APD,314.98,316.08,311.53,312.36,858303.0
5211,2024-12-11,APD,312.2,313.16,310.22,310.89,653111.0
5212,2024-12-12,APD,310.87,312.41,307.39,312.3,1025347.0
5213,2024-12-15,APD,311.32,312.04,306.31,306.72,984852.0
5214,2024-12-16,APD,305.77,307.1,303.78,304.71,924600.0
5215,2024-12-17,APD,304.69,305.23,294.67,295.31,1043244.0
5216,2024-12-18,APD,296.15,297.81,292.62,293.17,1041343.0
5217,2024-12-19,APD,292.91,297.35,292.505,294.99,2258717.0
5218,2024-12-22,APD,293.42,295.0,290.74,293.55,797315.0
5219,2024-12-23,APD,293.12,296.02,292.3045,296.02,296074.0
5220,2024-12-25,APD,294.84,296.2,294.1601,295.08,418518.0
5221,2024-12-26,APD,293.17,295.83,291.42,292.81,456997.0
5222,2024-12-29,APD,291.98,291.98,287.89,288.69,816159.0
5223,2024-12-30,APD,289.91,290.925,288.18,290.04,777950.0
5224,2025-01-01,APD,286.56,290.21,282.86,283.29,918147.0
5225,2025-01-02,APD,283.77,287.4499,282.5201,283.91,1581597.0
5226,2025-01-05,APD,284.32,285.25,281.97,283.24,1458220.0
5227,2025-01-06,APD,285.85,292.38,285.09,286.33,1260178.0
5228,2025-01-07,APD,286.29,287.27,284.23,285.25,1041748.0
5229,2025-01-09,APD,293.72,295.22,290.0,293.08,2423539.0
5230,2025-01-12,APD,293.75,302.03,292.9301,301.74,2290701.0
5231,2025-01-13,APD,306.3,309.23,304.41,307.96,1949426.0
5232,2025-01-14,APD,308.46,311.32,300.2,306.9,2212001.0
5233,2025-01-15,APD,309.21,312.2,306.3,312.06,1237947.0
5234,2025-01-16,APD,314.5,318.09,311.33,317.8,2315359.0
5235,2025-01-20,APD,318.92,321.01,318.25,319.76,1975059.0
5236,2025-01-21,APD,320.66,320.66,314.56,316.99,1621339.0
5237,2025-01-22,APD,319.54,324.2,314.29,324.0,2270044.0
5238,2025-01-23,APD,326.09,329.94,325.42,329.26,2052126.0
5239,2025-01-26,APD,325.69,328.04,320.435,326.62,2109337.0
5240,2025-01-27,APD,328.71,328.71,324.735,327.0,1699775.0
5241,2025-01-28,APD,327.35,327.85,324.155,327.31,1650153.0
5242,2025-01-29,APD,326.67,335.23,325.63,335.1,1381455.0
5243,2025-01-30,APD,336.41,338.0,333.33,335.26,2367597.0
5244,2025-02-02,APD,330.88,339.1,329.19,338.07,1789806.0
5245,2025-02-03,APD,337.3,341.14,335.13,335.67,2022136.0
5246,2025-02-04,APD,333.9,336.07,330.48,333.15,2117987.0
5247,2025-02-05,APD,329.93,336.644,317.9717,328.13,2662821.0
5248,2025-02-06,APD,319.9,320.06,307.52,310.44,2902858.0
5249,2025-02-09,APD,310.7,311.29,303.92,310.55,2782695.0
5250,2025-02-10,APD,309.39,311.75,307.55,309.49,1265910.0
5251,2025-02-11,APD,306.51,311.42,306.51,310.35,1372818.0
5252,2025-02-12,APD,312.26,316.115,310.245,315.16,900310.0
5253,2025-02-13,APD,316.4,318.41,315.07,316.12,1171498.0
5254,2025-02-17,APD,316.0,317.35,311.68,317.0,1260183.0
5255,2025-02-18,APD,314.82,317.22,313.41,317.05,971619.0
5256,2025-02-19,APD,316.17,317.7,313.465,314.28,1073499.0
5257,2025-02-20,APD,314.05,314.76,306.48,309.89,1392859.0
5258,2025-02-23,APD,308.87,311.3176,305.69,309.39,933148.0
5259,2025-02-24,APD,309.75,318.25,309.75,317.36,1257338.0
5260,2025-02-25,APD,317.3,317.375,313.04,313.85,950041.0
5261,2025-02-26,APD,312.71,315.9,311.33,312.41,1048145.0
5262,2025-02-27,APD,313.27,316.74,311.2497,316.15,1375104.0
5263,2025-03-02,APD,319.07,321.47,309.43,310.65,1222512.0
5264,2025-03-03,APD,311.25,312.34,304.67,305.35,1618593.0
5265,2025-03-04,APD,307.06,314.92,305.57,311.58,2285931.0
5266,2025-03-05,APD,310.53,312.645,307.9926,310.96,1378217.0
5267,2025-03-06,APD,309.97,318.66,309.81,316.41,1383860.0
5268,2025-03-09,APD,312.94,316.385,301.43,303.71,1591645.0
5269,2025-03-10,APD,303.64,304.63,296.885,298.08,1128396.0
5270,2025-03-11,APD,298.59,299.1029,292.6662,294.65,859470.0
5271,2025-03-12,APD,294.65,296.34,291.73,292.85,1081672.0
5272,2025-03-13,APD,293.9,294.625,290.1,291.92,1143940.0
5273,2025-03-16,APD,291.75,297.025,289.955,295.62,1178848.0
5274,2025-03-17,APD,296.4,296.4,289.39,291.82,1356175.0
5275,2025-03-18,APD,291.82,295.07,290.64,294.0,1028485.0
5276,2025-03-19,APD,292.29,294.45,290.26,292.92,860587.0
5277,2025-03-20,APD,290.76,291.68,287.35,291.65,2875198.0
5278,2025-03-23,APD,293.81,294.935,291.72,293.45,1023428.0
5279,2025-03-24,APD,294.58,294.58,291.07,293.16,790968.0
5280,2025-03-25,APD,293.4,295.9892,292.245,295.26,789055.0
5281,2025-03-26,APD,294.95,297.41,292.3,295.12,627763.0
5282,2025-03-27,APD,296.07,297.0,292.09,292.27,604707.0
5283,2025-03-30,APD,290.69,296.39,288.59,294.92,1150105.0
5284,2025-03-31,APD,290.86,294.58,289.09,293.45,702128.0
5285,2025-04-01,APD,291.4,295.37,290.35,294.96,751553.0
5286,2025-04-02,APD,289.25,291.46,282.17,283.2,1067386.0
5287,2025-04-03,APD,278.67,279.225,262.69,263.47,1762367.0
5288,2025-04-06,APD,259.05,267.14,249.11,259.1,2081368.0
5289,2025-04-07,APD,266.76,266.76,243.6921,248.61,1671104.0
5290,2025-04-08,APD,247.13,270.965,244.63,270.2,2285731.0
5291,2025-04-09,APD,267.77,268.66,257.055,262.04,1854565.0
5292,2025-04-10,APD,263.71,271.21,260.33,269.01,1003063.0
5293,2025-04-13,APD,272.07,274.51,269.22,272.58,817993.0
5294,2025-04-14,APD,267.02,271.0,265.24,265.3,1305286.0
5295,2025-04-15,APD,265.91,268.14,259.0,261.32,1556804.0
5296,2025-04-16,APD,263.42,265.7437,262.36,262.9,2233312.0
5297,2025-04-20,APD,261.39,262.9,254.04,257.58,1082897.0
5298,2025-04-21,APD,259.9,267.385,259.08,265.36,1463924.0
5299,2025-04-22,APD,269.7,273.59,262.92,264.74,1001409.0
5300,2025-04-23,APD,265.9,269.33,263.11,268.85,813660.0
5301,2025-04-24,APD,266.65,268.6,264.7391,267.11,668497.0
5302,2025-04-27,APD,267.66,270.06,265.11,269.45,916156.0
5303,2025-04-28,APD,270.16,273.08,268.5,270.93,1145908.0
5304,2025-04-29,APD,267.72,272.08,264.76,271.09,2560504.0
5305,2025-04-30,APD,258.62,277.1,254.005,272.16,3669671.0
5306,2025-05-01,APD,272.5,281.62,272.26,277.62,1446936.0
5307,2025-05-04,APD,274.16,276.84,271.9,272.21,960732.0
5308,2025-05-05,APD,272.17,274.83,266.66,267.62,1185173.0
5309,2025-05-06,APD,267.64,268.992,262.99,264.61,1379198.0
5310,2025-05-07,APD,266.54,271.963,264.51,269.64,1073766.0
5311,2025-05-08,APD,270.31,272.48,269.3601,271.13,913095.0
5312,2025-05-11,APD,278.23,281.76,273.85,276.21,1358343.0
5313,2025-05-12,APD,276.2,277.06,273.2805,273.64,868345.0
5314,2025-05-13,APD,272.42,272.67,268.14,271.48,944680.0
5315,2025-05-14,APD,271.0,275.46,270.39,274.42,1253541.0
5316,2025-05-15,APD,274.17,278.97,272.39,278.93,918219.0
5317,2025-05-18,APD,276.19,278.64,276.13,277.33,732640.0
5318,2025-05-19,APD,276.72,277.68,274.9,275.67,1050658.0
5319,2025-05-20,APD,273.9,274.89,269.41,269.67,605078.0
5320,2025-05-21,APD,268.79,270.0599,265.571,269.24,1016741.0
5321,2025-05-22,APD,267.04,270.845,266.84,269.84,527583.0
5322,2025-05-26,APD,271.62,274.8238,271.49,274.56,788352.0
5323,2025-05-27,APD,275.0,276.63,271.43,271.76,1455058.0
5324,2025-05-28,APD,272.31,273.67,268.525,273.17,1291751.0
5325,2025-05-29,APD,274.62,279.45,271.11,278.91,2872928.0
5326,2025-06-01,APD,278.64,279.0,275.5501,278.7,1346389.0
5327,2025-06-02,APD,278.17,283.63,276.5385,283.29,1395638.0
5328,2025-06-03,APD,283.7,284.9,279.74,280.21,1401258.0
5329,2025-06-04,APD,280.84,283.12,275.92,276.22,1151467.0
5330,2025-06-05,APD,279.26,281.52,277.665,279.78,1078646.0
5331,2025-06-08,APD,279.4,281.76,277.72,279.92,1101151.0
5332,2025-06-09,APD,280.26,282.22,278.2901,281.88,1340864.0
5333,2025-06-10,APD,281.67,283.72,279.7,282.21,1069849.0
5334,2025-06-11,APD,280.79,284.1,279.14,283.28,678368.0
5335,2025-06-12,APD,283.9,285.03,279.27,280.37,933047.0
5336,2025-06-15,APD,283.07,284.0043,278.76,280.43,889419.0
5337,2025-06-16,APD,279.68,280.39,277.01,277.05,1154620.0
5338,2025-06-17,APD,277.35,279.22,275.2,275.38,718782.0
5339,2025-06-19,APD,276.05,276.2508,270.47,270.5,2050312.0
5340,2025-06-22,APD,270.0,273.37,266.5387,273.18,1133071.0
5341,2025-06-23,APD,274.43,281.02,273.1301,281.0,1580694.0
5342,2025-06-24,APD,281.0,282.7,280.215,282.0,1617307.0
5343,2025-06-25,APD,282.75,283.34,280.96,283.0,1462817.0
5344,2025-06-26,APD,282.15,284.75,281.42,282.35,2433377.0
5345,2025-06-29,APD,281.13,283.32,278.1,282.06,1286079.0
5346,2025-06-30,APD,278.44,287.23,276.49,285.47,1324425.0
5347,2025-07-01,APD,286.04,290.51,285.06,290.3,1113771.0
5348,2025-07-02,APD,288.46,292.67,288.46,291.84,682381.0
5349,2025-07-06,APD,290.38,291.295,287.55,289.02,979737.0
5350,2025-07-07,APD,290.34,292.96,287.88,292.35,968597.0
5351,2025-07-08,APD,292.82,295.55,290.47,294.24,1040418.0
5352,2025-07-09,APD,294.62,297.38,293.6,294.1,982171.0
5353,2025-07-10,APD,291.61,292.42,288.7549,291.97,1042269.0
5354,2025-07-13,APD,290.38,292.095,288.9,290.8,617622.0
5355,2025-07-14,APD,292.04,292.04,284.245,286.65,817013.0
5356,2025-07-15,APD,286.64,289.88,284.89,288.99,959449.0
5357,2025-07-16,APD,288.27,294.0,288.27,293.58,1254264.0
5358,2025-07-17,APD,292.92,296.07,291.5,295.31,2097653.0
5359,2025-07-20,APD,296.09,297.025,293.6001,293.72,727878.0
5360,2025-07-21,APD,294.03,298.25,293.825,298.13,739496.0
5361,2025-07-22,APD,299.54,300.5155,297.0301,297.89,654596.0
5362,2025-07-23,APD,297.3,298.46,295.21,297.22,686563.0
5363,2025-07-24,APD,297.48,299.53,294.55,299.24,712970.0
5364,2025-07-27,APD,297.83,297.87,294.69,295.56,661933.0
5365,2025-07-28,APD,296.05,296.49,293.46,295.19,654101.0
5366,2025-07-29,APD,294.78,294.78,288.32,290.13,1539755.0
5367,2025-07-30,APD,292.54,296.51,285.9901,287.88,1544283.0
5368,2025-07-31,APD,285.17,285.17,278.405,281.75,1072181.0
5369,2025-08-03,APD,282.28,287.635,282.28,287.48,855530.0
5370,2025-08-04,APD,289.0,293.02,289.0,292.48,773480.0
5371,2025-08-05,APD,293.17,293.28,288.96,289.05,560633.0
5372,2025-08-06,APD,292.0,293.14,287.77,288.56,670677.0
5373,2025-08-07,APD,288.84,290.29,287.38,288.74,1372310.0
5374,2025-08-10,APD,288.87,290.02,280.76,283.95,1115155.0
5375,2025-08-11,APD,285.34,289.6,284.15,289.27,1061420.0
5376,2025-08-12,APD,289.84,294.25,288.76,294.21,902496.0
5377,2025-08-13,APD,291.92,292.41,288.36,292.17,1208358.0
5378,2025-08-14,APD,293.19,293.29,289.975,290.46,1033343.0
5379,2025-08-17,APD,288.1,290.38,287.105,288.14,607209.0
5380,2025-08-18,APD,288.58,291.7324,288.17,290.22,962406.0
5381,2025-08-19,APD,290.57,294.39,289.265,292.37,534087.0
5382,2025-08-20,APD,290.96,293.67,290.26,293.52,777189.0
5383,2025-08-21,APD,295.0,301.105,294.57,299.3,765247.0
5384,2025-08-24,APD,298.81,300.0,293.55,294.17,403842.0
5385,2025-08-25,APD,293.74,294.6,292.84,293.97,660733.0
5386,2025-08-26,APD,293.06,295.62,293.06,294.59,543390.0
5387,2025-08-27,APD,295.42,297.3,293.245,295.02,541777.0
5388,2025-08-28,APD,295.51,296.39,293.17,294.11,510794.0
5389,2025-09-01,APD,292.13,293.4564,290.9612,292.19,868680.0
5390,2025-09-02,APD,291.23,292.595,290.43,291.28,606656.0
5391,2025-09-03,APD,291.66,291.99,286.2201,289.97,579650.0
5392,2025-09-04,APD,290.96,292.69,287.97,289.86,544532.0
5393,2025-09-07,APD,289.37,289.37,286.16,288.91,717214.0
5394,2025-09-08,APD,288.3,289.01,285.37,287.14,440360.0
5395,2025-09-09,APD,285.53,288.305,283.73,287.5,801630.0
5396,2025-09-10,APD,288.0,294.89,286.77,294.52,716429.0
5397,2025-09-11,APD,295.7,298.31,292.75,292.82,985980.0
5398,2025-09-14,APD,294.06,296.69,289.43,289.52,1002557.0
5399,2025-09-15,APD,288.43,290.355,282.64,284.95,735932.0
5400,2025-09-16,APD,286.48,294.71,284.3655,290.63,957121.0
5401,2025-09-17,APD,290.28,293.06,288.01,292.45,678019.0
5402,2025-09-18,APD,293.0,293.07,288.67,290.15,1374442.0
5403,2025-09-21,APD,287.91,290.96,286.3,287.49,834890.0
5404,2025-09-22,APD,288.06,288.56,274.71,276.58,1911916.0
5405,2025-09-23,APD,278.1,278.1,271.3,272.28,1284341.0
5406,2025-09-24,APD,271.26,271.71,265.32,265.78,1973576.0
5407,2025-09-25,APD,267.12,269.21,265.1,266.78,1178718.0
5408,2025-09-28,APD,267.76,273.52,266.42,270.48,1949258.0
5409,2025-09-29,APD,269.94,272.88,268.61,272.72,1616271.0
5410,2025-09-30,APD,269.46,272.36,265.91,268.7,1216006.0
5411,2025-10-01,APD,267.68,274.83,267.68,270.6,1421325.0
5412,2025-10-02,APD,269.83,272.02,268.27,271.47,841941.0
5413,2025-10-05,APD,271.35,273.61,270.15,270.95,909062.0
5414,2025-10-06,APD,270.3,273.16,269.2901,270.89,745527.0
5415,2025-10-07,APD,269.8,270.1,267.74,268.58,853832.0
5416,2025-10-08,APD,268.14,269.46,261.6,262.71,1069527.0
5417,2025-10-09,APD,262.93,264.07,256.96,257.08,896216.0
5418,2025-10-12,APD,259.43,262.485,258.735,260.86,856183.0
5419,2025-10-13,APD,258.1,266.1,258.01,262.0,1343457.0
5420,2025-10-14,APD,262.79,264.56,255.44,257.41,1161771.0
5421,2025-10-15,APD,256.09,257.0,251.76,253.18,2119395.0
5422,2025-10-16,APD,254.02,255.46,251.16,253.2,1324471.0
5423,2025-10-19,APD,254.23,255.32,252.84,254.21,969067.0
5424,2025-10-20,APD,254.21,256.84,253.56,254.71,1058772.0
5425,2025-10-21,APD,254.04,255.22,252.3086,253.15,1098314.0
5426,2025-10-22,APD,254.54,255.785,251.73,254.93,956374.0
5427,2025-10-23,APD,255.38,256.9,253.58,254.91,829492.0
5428,2025-10-26,APD,255.75,257.45,254.6,255.76,914817.0
5429,2025-10-27,APD,255.75,256.94,253.8101,254.43,996703.0
5430,2025-10-28,APD,253.63,254.125,247.83,248.34,1142962.0
5431,2025-10-29,APD,246.83,248.6921,244.4,244.66,1090558.0
5432,2025-10-30,APD,244.02,244.02,239.03,242.59,2161574.0
5433,2025-11-02,APD,241.91,242.065,235.97,239.36,1472904.0
5434,2025-11-03,APD,238.51,241.3,237.11,240.77,1720322.0
5435,2025-11-04,APD,240.77,241.48,235.55,237.56,2159950.0
5436,2025-11-05,APD,249.39,264.31,249.29,258.79,4254492.0
5437,2025-11-06,APD,256.64,260.74,255.0001,259.74,1666868.0
5438,2025-11-09,APD,260.55,261.02,256.46,258.43,1208720.0
5439,2025-11-10,APD,259.5,265.08,257.9101,262.23,1113750.0
5440,2025-11-11,APD,262.52,265.79,261.16,261.55,983196.0
5441,2025-11-12,APD,260.0,264.3,260.0,263.03,1255582.0
5442,2025-11-13,APD,261.99,263.15,258.6801,259.34,843181.0
5443,2025-11-16,APD,258.28,258.64,252.64,253.09,1200229.0
5444,2025-11-17,APD,251.32,254.0,249.2,252.16,1008091.0
5445,2025-11-18,APD,252.62,253.75,250.0262,253.25,965496.0
5446,2025-11-19,APD,254.07,258.56,250.89,251.09,1156389.0
5447,2025-11-20,APD,252.22,257.77,251.3755,257.37,1780868.0
5448,2025-11-23,APD,256.375,257.3168,252.7125,256.58,1633581.0
5449,2025-11-24,APD,258.48,259.88,257.0,258.93,1233963.0
5450,2025-11-25,APD,258.3,260.83,257.57,258.96,725671.0
5451,2025-11-27,APD,260.16,262.29,258.9701,261.05,457346.0
5452,2025-11-30,APD,260.0,263.067,259.5,260.86,1284784.0
5453,2025-12-01,APD,260.84,261.095,256.23,256.77,1044506.0
5454,2025-12-02,APD,257.82,261.55,257.6605,260.35,1465397.0
5455,2025-12-03,APD,260.37,262.5399,258.0,261.62,1354139.0
5456,2025-12-04,APD,261.52,265.52,260.33,260.69,1315574.0
5457,2025-12-07,APD,255.02,256.7199,230.35,236.05,4138237.0
5458,2025-12-08,APD,236.51,240.185,230.05,230.76,3329699.0
5459,2025-12-09,APD,229.82,237.24,229.11,236.71,3623065.0
5460,2025-12-10,APD,239.0,243.805,238.105,243.73,1911598.0
5461,2025-12-11,APD,242.88,244.5,239.93,243.0,3053511.0
5462,2025-12-14,APD,240.92,245.11,239.93,245.01,2099056.0
5463,2025-12-15,APD,243.29,245.24,238.9,242.25,2690299.0
5464,2025-12-16,APD,242.25,247.72,241.61,246.38,2454132.0
5465,2025-12-17,APD,247.85,249.17,243.66,243.75,1892283.0
5466,2025-12-18,APD,241.61,243.48,238.6,239.96,2972743.0
5467,2025-12-21,APD,239.96,245.71,239.49,244.78,1926480.0
5468,2025-12-22,APD,244.38,245.51,242.22,244.77,919775.0
5469,2025-12-23,APD,244.78,246.26,244.15,245.84,645479.0
5470,2025-12-25,APD,246.91,247.94,245.0,247.42,950802.0
5471,2025-12-28,APD,247.0,248.795,246.045,247.85,1303302.0
5472,2025-12-29,APD,247.85,249.59,246.5575,248.82,1077697.0
5473,2025-12-30,APD,248.48,249.6099,246.92,247.02,876768.0
5474,2026-01-01,APD,245.28,251.44,242.3397,250.47,1407788.0
5475,2026-01-04,APD,247.8,255.97,247.45,253.84,1606336.0
5476,2026-01-05,APD,254.22,260.16,252.45,258.36,1531013.0
5477,2026-01-06,APD,257.96,262.77,255.23,261.87,2065716.0
5478,2026-01-07,APD,262.82,265.1601,259.055,261.22,1543532.0
5479,2026-01-08,APD,260.27,265.7,260.06,263.72,1505492.0
5480,2026-01-11,APD,263.5,267.68,261.7901,267.04,1475397.0
5481,2026-01-12,APD,266.76,268.58,264.445,266.18,1045179.0
5482,2026-01-13,APD,266.28,270.88,265.91,267.25,1417410.0
5483,2026-01-14,APD,268.0,269.68,264.45,265.98,1229920.0
5484,2026-01-15,APD,264.0,267.85,264.0,267.53,1459989.0
5485,2026-01-19,APD,263.99,265.85,256.59,258.18,1986988.0
5486,2026-01-20,APD,261.19,264.3699,258.56,263.11,1233569.0
5487,2026-01-21,APD,263.8,267.2173,262.74,264.04,1357240.0
5488,2026-01-22,APD,264.07,264.21,259.6,261.35,1295005.0
5489,2024-01-28,ABNB,150.0,153.38,148.54,152.7,5316315.0
5490,2024-01-29,ABNB,150.54,151.03,148.68,149.44,3884021.0
5491,2024-01-30,ABNB,148.645,148.74,143.92,144.14,4126572.0
5492,2024-01-31,ABNB,144.8,146.85,143.65,146.49,3416682.0
5493,2024-02-01,ABNB,143.99,148.08,141.2401,146.55,4252797.0
5494,2024-02-04,ABNB,146.09,146.4,142.68,144.78,3010888.0
5495,2024-02-05,ABNB,145.1,145.13,142.9517,144.53,3697593.0
5496,2024-02-06,ABNB,145.12,148.77,143.86,147.55,4214118.0
5497,2024-02-07,ABNB,149.25,150.67,148.06,150.54,3508283.0
5498,2024-02-08,ABNB,145.84,148.68,145.18,147.595,5006763.0
5499,2024-02-11,ABNB,148.68,157.345,148.34,153.8,7909487.0
5500,2024-02-12,ABNB,149.21,153.02,148.58,150.82,11801679.0
5501,2024-02-13,ABNB,146.16,149.53,142.57,148.2,16021806.0
5502,2024-02-14,ABNB,148.91,158.27,148.75,157.69,11922986.0
5503,2024-02-15,ABNB,156.1,156.1,151.78,152.51,6520114.0
5504,2024-02-19,ABNB,150.31,150.68,145.88,148.15,5229688.0
5505,2024-02-20,ABNB,145.98,149.26,145.396,149.24,4570787.0
5506,2024-02-21,ABNB,151.02,155.7,150.265,155.26,6115025.0
5507,2024-02-22,ABNB,153.27,155.3,150.825,152.66,4851068.0
5508,2024-02-25,ABNB,149.96,150.18,148.56,149.27,5277943.0
5509,2024-02-26,ABNB,150.0,152.47,149.23,152.06,4623715.0
5510,2024-02-27,ABNB,152.03,154.9,151.79,153.43,4329074.0
5511,2024-02-28,ABNB,153.4,160.0,153.22,157.47,8002291.0
5512,2024-02-29,ABNB,157.23,160.98,156.8106,159.72,5367283.0
5513,2024-03-03,ABNB,159.9,163.015,157.93,158.09,4403219.0
5514,2024-03-04,ABNB,157.2,159.98,156.14,159.33,4714293.0
5515,2024-03-05,ABNB,160.1,164.59,160.07,163.87,5167916.0
5516,2024-03-06,ABNB,165.0,165.385,162.24,163.54,3810295.0
5517,2024-03-07,ABNB,166.0,168.19,163.48,164.91,4105743.0
5518,2024-03-10,ABNB,163.76,164.26,161.975,162.99,3149599.0
5519,2024-03-11,ABNB,163.0,167.0,162.73,166.67,3945890.0
5520,2024-03-12,ABNB,162.42,168.0,160.69,164.76,7502821.0
5521,2024-03-13,ABNB,165.74,166.7199,162.72,166.44,5078143.0
5522,2024-03-14,ABNB,166.39,166.5225,160.16,160.64,7153845.0
5523,2024-03-17,ABNB,161.945,162.87,160.6,161.86,4296942.0
5524,2024-03-18,ABNB,161.49,164.0999,161.055,161.79,3420732.0
5525,2024-03-19,ABNB,162.39,165.75,162.265,164.71,4766298.0
5526,2024-03-20,ABNB,165.81,170.1,165.0,168.18,5986505.0
5527,2024-03-21,ABNB,167.0,168.8,166.6401,167.86,2837023.0
5528,2024-03-24,ABNB,167.86,169.08,166.28,167.99,3216070.0
5529,2024-03-25,ABNB,169.69,170.0,167.32,167.39,2747663.0
5530,2024-03-26,ABNB,169.11,169.11,165.5,166.41,3921949.0
5531,2024-03-27,ABNB,166.57,167.38,164.59,164.96,3415958.0
5532,2024-03-31,ABNB,166.43,166.72,162.75,163.37,2496282.0
5533,2024-04-01,ABNB,160.95,160.98,158.68,160.11,4000867.0
5534,2024-04-02,ABNB,158.75,161.33,158.58,159.34,2288078.0
5535,2024-04-03,ABNB,161.22,163.65,158.52,158.84,3539700.0
5536,2024-04-04,ABNB,159.15,162.71,158.9,161.77,2225889.0
5537,2024-04-07,ABNB,160.36,161.18,159.29,160.27,2299005.0
5538,2024-04-08,ABNB,161.55,163.205,159.91,162.66,2290960.0
5539,2024-04-09,ABNB,159.63,160.96,158.63,160.28,2478757.0
5540,2024-04-10,ABNB,159.0,166.22,158.9,165.42,3580302.0
5541,2024-04-11,ABNB,162.42,162.7123,158.78,159.37,3700504.0
5542,2024-04-14,ABNB,161.81,162.9,154.41,155.6,3723317.0
5543,2024-04-15,ABNB,155.83,158.94,155.3,156.66,2728607.0
5544,2024-04-16,ABNB,158.45,159.7,156.41,158.37,3905042.0
5545,2024-04-17,ABNB,159.6,162.94,159.21,160.1,3930357.0
5546,2024-04-18,ABNB,159.54,160.335,154.56,155.01,3904759.0
5547,2024-04-21,ABNB,156.19,157.25,153.765,156.61,3029952.0
5548,2024-04-22,ABNB,157.24,161.14,156.7,160.95,3455413.0
5549,2024-04-23,ABNB,164.475,166.7446,161.09,162.84,3854493.0
5550,2024-04-24,ABNB,161.51,163.73,159.5,163.01,2401828.0
5551,2024-04-25,ABNB,163.68,165.16,162.77,164.23,2821077.0
5552,2024-04-28,ABNB,164.75,165.5,161.28,162.25,2312554.0
5553,2024-04-29,ABNB,160.56,162.09,158.52,158.57,3017911.0
5554,2024-04-30,ABNB,157.58,160.95,156.0,156.16,2752108.0
5555,2024-05-01,ABNB,157.21,158.4,153.2,158.33,4778430.0
5556,2024-05-02,ABNB,161.81,165.5,159.15,159.71,4529908.0
5557,2024-05-05,ABNB,161.0,162.41,160.17,162.0,2912176.0
5558,2024-05-06,ABNB,161.81,162.88,159.75,159.81,2916232.0
5559,2024-05-07,ABNB,157.1,158.62,155.84,157.9,8236465.0
5560,2024-05-08,ABNB,146.6,150.005,145.5701,147.05,14802560.0
5561,2024-05-09,ABNB,147.75,148.12,144.63,146.32,5524840.0
5562,2024-05-12,ABNB,147.05,149.24,145.7,149.13,5647508.0
5563,2024-05-13,ABNB,149.4,149.4,146.31,146.7,4167440.0
5564,2024-05-14,ABNB,147.57,147.69,144.75,145.8,5996014.0
5565,2024-05-15,ABNB,146.34,147.79,145.85,147.19,3827765.0
5566,2024-05-16,ABNB,146.81,147.495,145.305,145.66,3279035.0
5567,2024-05-19,ABNB,146.18,146.48,145.21,146.37,3747439.0
5568,2024-05-20,ABNB,145.71,145.71,144.09,144.1,4484983.0
5569,2024-05-21,ABNB,143.94,144.21,142.36,142.71,3190821.0
5570,2024-05-22,ABNB,142.58,143.44,140.82,141.04,3900851.0
5571,2024-05-23,ABNB,142.5,145.97,142.3,144.47,4497760.0
5572,2024-05-27,ABNB,146.0,147.87,145.11,147.01,5741611.0
5573,2024-05-28,ABNB,144.88,147.13,144.7342,146.61,2570900.0
5574,2024-05-29,ABNB,145.4,147.59,144.41,145.52,3576681.0
5575,2024-05-30,ABNB,145.78,146.43,142.57,144.93,3778585.0
5576,2024-06-02,ABNB,145.74,146.96,144.36,146.25,3843406.0
5577,2024-06-03,ABNB,145.82,147.92,145.44,147.08,3048535.0
5578,2024-06-04,ABNB,147.98,148.7,145.141,145.78,3121512.0
5579,2024-06-05,ABNB,145.51,148.79,145.155,147.0,3463102.0
5580,2024-06-06,ABNB,146.2,147.03,145.38,146.66,2595555.0
5581,2024-06-09,ABNB,146.01,148.32,146.0,148.07,3080317.0
5582,2024-06-10,ABNB,147.97,148.795,146.48,147.75,3285755.0
5583,2024-06-11,ABNB,149.99,150.29,148.621,149.32,3579847.0
5584,2024-06-12,ABNB,148.99,149.0,143.73,146.1,4450397.0
5585,2024-06-13,ABNB,145.5,146.05,144.28,145.97,2754612.0
5586,2024-06-16,ABNB,147.0,150.12,146.775,149.5,5158771.0
5587,2024-06-17,ABNB,149.9,150.549,146.9,147.29,3316730.0
5588,2024-06-19,ABNB,147.77,149.75,147.6,147.88,2874248.0
5589,2024-06-20,ABNB,148.76,150.0,147.25,149.57,7648402.0
5590,2024-06-23,ABNB,149.15,150.04,146.71,148.39,4530892.0
5591,2024-06-24,ABNB,148.97,151.275,148.85,150.91,5008296.0
5592,2024-06-25,ABNB,149.73,150.385,149.37,150.0,3797877.0
5593,2024-06-26,ABNB,150.46,151.88,149.39,151.61,3588639.0
5594,2024-06-27,ABNB,151.54,152.93,150.68,151.63,3842498.0
5595,2024-06-30,ABNB,152.2,152.2,149.14,151.63,2904962.0
5596,2024-07-01,ABNB,151.29,155.21,151.29,154.34,3526073.0
5597,2024-07-02,ABNB,153.91,154.43,152.3,152.73,1725631.0
5598,2024-07-04,ABNB,152.4,152.88,151.44,152.5,3836132.0
5599,2024-07-07,ABNB,152.65,154.2,150.755,151.96,3228334.0
5600,2024-07-08,ABNB,152.92,155.66,151.965,152.45,4329182.0
5601,2024-07-09,ABNB,153.11,153.2,150.09,151.84,3263527.0
5602,2024-07-10,ABNB,150.55,152.0,144.13,146.0,6289510.0
5603,2024-07-11,ABNB,146.83,148.0,146.19,146.78,2923457.0
5604,2024-07-14,ABNB,145.88,148.47,144.75,147.22,3546065.0
5605,2024-07-15,ABNB,148.47,151.64,147.88,151.26,4079268.0
5606,2024-07-16,ABNB,149.24,150.1,147.26,148.0,3242315.0
5607,2024-07-17,ABNB,148.17,150.145,146.75,146.88,3593705.0
5608,2024-07-18,ABNB,147.03,149.16,147.03,147.99,3131618.0
5609,2024-07-21,ABNB,148.14,150.37,146.55,150.18,3672064.0
5610,2024-07-22,ABNB,150.56,151.25,147.83,148.75,2676905.0
5611,2024-07-23,ABNB,146.73,147.11,142.98,144.23,5461901.0
5612,2024-07-24,ABNB,141.25,141.945,137.58,140.03,5626549.0
5613,2024-07-25,ABNB,141.9,141.91,139.03,140.1,5101418.0
5614,2024-07-28,ABNB,141.24,142.4299,140.0,140.29,2723157.0
5615,2024-07-29,ABNB,140.65,140.99,137.9,138.99,2996153.0
5616,2024-07-30,ABNB,140.79,141.2199,139.1,139.56,3331392.0
5617,2024-07-31,ABNB,139.7,139.78,132.9,135.09,5166851.0
5618,2024-08-01,ABNB,129.31,129.6,126.5,128.23,7745494.0
5619,2024-08-04,ABNB,123.77,125.95,122.06,125.31,7521889.0
5620,2024-08-05,ABNB,126.905,131.45,126.3,130.47,11148435.0
5621,2024-08-06,ABNB,112.44,115.55,110.38,113.01,29027861.0
5622,2024-08-07,ABNB,113.98,116.43,112.42,114.64,8006214.0
5623,2024-08-08,ABNB,114.465,116.26,112.6,115.08,4764351.0
5624,2024-08-11,ABNB,115.48,115.5,113.27,113.62,3980998.0
5625,2024-08-12,ABNB,114.39,117.77,114.05,116.9,4662047.0
5626,2024-08-13,ABNB,117.72,118.74,116.18,116.24,3504796.0
5627,2024-08-14,ABNB,118.195,119.133,116.37,118.88,5266295.0
5628,2024-08-15,ABNB,117.9,118.8,116.22,116.31,4592024.0
5629,2024-08-18,ABNB,116.93,119.3,116.44,119.14,4184729.0
5630,2024-08-19,ABNB,118.94,119.28,117.175,117.38,3940048.0
5631,2024-08-20,ABNB,118.04,118.27,116.7,117.68,5028525.0
5632,2024-08-21,ABNB,117.68,118.395,115.3,115.45,4875497.0
5633,2024-08-22,ABNB,116.64,118.7,116.37,116.85,4998414.0
5634,2024-08-25,ABNB,116.85,117.39,115.35,115.71,4948158.0
5635,2024-08-26,ABNB,115.3,117.42,115.17,116.74,3457429.0
5636,2024-08-27,ABNB,116.0,117.73,115.76,117.53,3463705.0
5637,2024-08-28,ABNB,118.17,119.38,116.42,116.6,3330982.0
5638,2024-08-29,ABNB,116.94,118.05,116.29,117.31,3279531.0
5639,2024-09-02,ABNB,116.395,117.835,114.13,114.98,4678840.0
5640,2024-09-03,ABNB,114.27,115.99,114.19,115.21,3281564.0
5641,2024-09-04,ABNB,114.64,116.45,114.6,116.16,3593436.0
5642,2024-09-05,ABNB,116.37,117.26,113.24,114.28,4072379.0
5643,2024-09-08,ABNB,115.11,117.92,114.985,116.36,4178558.0
5644,2024-09-09,ABNB,117.01,117.4063,112.86,115.12,4080373.0
5645,2024-09-10,ABNB,115.09,116.17,112.55,115.96,3644976.0
5646,2024-09-11,ABNB,116.33,117.38,115.05,117.36,3076184.0
5647,2024-09-12,ABNB,117.75,119.21,117.15,117.75,3514203.0
5648,2024-09-15,ABNB,117.99,118.3,116.16,117.55,3229853.0
5649,2024-09-16,ABNB,119.87,124.74,119.485,122.12,6323569.0
5650,2024-09-17,ABNB,122.32,125.66,122.0,122.42,3861293.0
5651,2024-09-18,ABNB,127.93,131.35,127.44,128.75,7691622.0
5652,2024-09-19,ABNB,129.83,131.95,129.03,131.18,12476321.0
5653,2024-09-22,ABNB,131.5,131.64,128.9,129.03,3682591.0
5654,2024-09-23,ABNB,130.58,131.67,129.59,131.48,4189105.0
5655,2024-09-24,ABNB,131.31,131.9,130.3,130.71,2310696.0
5656,2024-09-25,ABNB,132.706,133.34,129.146,129.25,3825948.0
5657,2024-09-26,ABNB,130.16,130.31,128.17,128.25,2525697.0
5658,2024-09-29,ABNB,127.32,128.23,125.92,126.81,3810992.0
5659,2024-09-30,ABNB,127.35,128.2,123.71,125.47,3895531.0
5660,2024-10-01,ABNB,125.33,126.44,124.55,126.18,2707663.0
5661,2024-10-02,ABNB,124.6,125.555,123.58,125.29,2246999.0
5662,2024-10-03,ABNB,128.42,129.93,127.27,129.85,2988440.0
5663,2024-10-06,ABNB,129.085,131.31,128.77,130.23,2847769.0
5664,2024-10-07,ABNB,130.15,134.43,130.15,132.5,3304421.0
5665,2024-10-08,ABNB,133.4,135.76,132.84,135.49,3731800.0
5666,2024-10-09,ABNB,135.55,136.37,132.52,132.81,3060026.0
5667,2024-10-10,ABNB,132.3,135.355,132.3,134.4,2714747.0
5668,2024-10-13,ABNB,133.97,134.98,133.42,134.79,2313963.0
5669,2024-10-14,ABNB,133.51,134.0,132.3,133.27,3502678.0
5670,2024-10-15,ABNB,134.73,137.395,134.32,135.15,3691540.0
5671,2024-10-16,ABNB,135.7,136.65,135.11,136.02,3813990.0
5672,2024-10-17,ABNB,136.81,136.89,135.16,136.45,2391131.0
5673,2024-10-20,ABNB,135.66,137.99,135.13,137.19,2900530.0
5674,2024-10-21,ABNB,136.11,136.35,135.3316,135.59,2408385.0
5675,2024-10-22,ABNB,135.0,136.2,131.27,131.92,3444561.0
5676,2024-10-23,ABNB,133.55,133.75,131.66,132.75,2678040.0
5677,2024-10-24,ABNB,133.38,135.28,133.17,134.58,2552060.0
5678,2024-10-27,ABNB,136.3,137.3,135.4,135.78,3260682.0
5679,2024-10-28,ABNB,135.33,138.35,135.2438,137.78,2871886.0
5680,2024-10-29,ABNB,136.47,138.66,136.31,136.5,3010462.0
5681,2024-10-30,ABNB,137.7,138.06,134.26,134.79,5049074.0
5682,2024-10-31,ABNB,133.96,136.88,133.8052,136.46,3707590.0
5683,2024-11-03,ABNB,136.23,137.55,135.45,136.87,2459746.0
5684,2024-11-04,ABNB,137.55,140.87,137.07,137.82,4989187.0
5685,2024-11-05,ABNB,141.98,142.95,139.41,140.91,5110922.0
5686,2024-11-06,ABNB,141.76,148.64,141.7,147.37,11988903.0
5687,2024-11-07,ABNB,134.67,137.71,132.76,134.61,19189003.0
5688,2024-11-10,ABNB,136.0,139.16,135.12,137.4,6535059.0
5689,2024-11-11,ABNB,135.65,136.12,133.13,133.2,6903453.0
5690,2024-11-12,ABNB,133.83,135.13,131.3305,132.76,4922621.0
5691,2024-11-13,ABNB,133.97,136.66,133.15,134.56,4777628.0
5692,2024-11-14,ABNB,134.2,134.53,131.31,132.5,4798719.0
5693,2024-11-17,ABNB,132.56,133.4499,131.58,132.19,4511595.0
5694,2024-11-18,ABNB,131.15,131.96,129.87,131.44,5172381.0
5695,2024-11-19,ABNB,130.22,135.38,130.22,135.25,5537419.0
5696,2024-11-20,ABNB,134.18,134.95,132.58,133.26,4061137.0
5697,2024-11-21,ABNB,133.3,140.76,133.3,137.34,6301099.0
5698,2024-11-24,ABNB,138.01,141.0,137.75,140.93,7930535.0
5699,2024-11-25,ABNB,140.78,141.75,139.18,139.67,3228419.0
5700,2024-11-26,ABNB,139.67,140.41,137.68,138.28,2657033.0
5701,2024-11-28,ABNB,138.53,139.53,135.8333,136.11,2664219.0
5702,2024-12-01,ABNB,136.01,137.6,135.69,137.49,3608673.0
5703,2024-12-02,ABNB,136.97,138.37,135.3762,137.46,4681376.0
5704,2024-12-03,ABNB,136.55,139.15,134.85,139.07,3893417.0
5705,2024-12-04,ABNB,138.84,140.38,135.51,136.32,6174926.0
5706,2024-12-05,ABNB,137.75,138.86,136.56,136.92,4295842.0
5707,2024-12-08,ABNB,137.0,138.97,136.59,137.27,3648659.0
5708,2024-12-09,ABNB,137.19,139.8899,136.62,138.3,4777826.0
5709,2024-12-10,ABNB,138.68,140.17,137.21,138.84,4096469.0
5710,2024-12-11,ABNB,138.1,139.1,134.4001,137.47,4254067.0
5711,2024-12-12,ABNB,136.65,137.019,130.75,130.95,5288524.0
5712,2024-12-15,ABNB,131.22,133.28,129.17,132.2,4136299.0
5713,2024-12-16,ABNB,132.2,132.61,130.88,132.24,3126163.0
5714,2024-12-17,ABNB,132.025,133.71,127.23,127.54,4236662.0
5715,2024-12-18,ABNB,129.13,131.08,127.91,129.35,4745008.0
5716,2024-12-19,ABNB,128.63,135.82,128.34,134.21,15471727.0
5717,2024-12-22,ABNB,134.81,135.58,132.21,134.52,4728474.0
5718,2024-12-23,ABNB,134.33,135.07,132.83,134.99,1677060.0
5719,2024-12-25,ABNB,134.24,136.27,134.24,135.32,2067513.0
5720,2024-12-26,ABNB,133.59,134.5,132.16,133.385,2650366.0
5721,2024-12-29,ABNB,131.31,132.61,129.85,131.81,2458835.0
5722,2024-12-30,ABNB,132.46,133.19,131.27,131.41,2312564.0
5723,2025-01-01,ABNB,131.87,134.23,130.41,131.48,2606269.0
5724,2025-01-02,ABNB,131.98,136.36,131.94,135.71,3607355.0
5725,2025-01-05,ABNB,137.0,138.1,134.58,135.2,4174471.0
5726,2025-01-06,ABNB,135.35,136.765,130.8096,131.29,4290458.0
5727,2025-01-07,ABNB,131.2,131.63,130.1,130.8,3204678.0
5728,2025-01-09,ABNB,131.3,133.05,128.8,129.63,4325415.0
5729,2025-01-12,ABNB,128.585,130.13,128.0835,128.85,3510639.0
5730,2025-01-13,ABNB,129.82,131.1,127.17,127.6,3999323.0
5731,2025-01-14,ABNB,130.19,133.15,130.16,132.52,3732921.0
5732,2025-01-15,ABNB,132.0,132.95,129.82,132.16,2904932.0
5733,2025-01-16,ABNB,134.17,135.62,132.69,135.12,3751223.0
5734,2025-01-20,ABNB,135.47,135.64,131.24,133.07,5396777.0
5735,2025-01-21,ABNB,133.0,135.0,132.34,132.5,5028540.0
5736,2025-01-22,ABNB,132.4,133.64,131.775,133.24,3968199.0
5737,2025-01-23,ABNB,132.61,132.72,126.72,127.09,6966883.0
5738,2025-01-26,ABNB,125.94,129.06,125.64,128.96,4806967.0
5739,2025-01-27,ABNB,128.67,131.42,126.86,131.05,5929900.0
5740,2025-01-28,ABNB,131.42,134.05,130.89,132.58,3627926.0
5741,2025-01-29,ABNB,133.56,134.3714,130.85,131.79,2440541.0
5742,2025-01-30,ABNB,132.28,134.45,130.57,131.17,3047116.0
5743,2025-02-02,ABNB,129.19,130.955,127.515,129.78,2745002.0
5744,2025-02-03,ABNB,129.58,131.49,129.08,130.74,2687169.0
5745,2025-02-04,ABNB,130.27,130.34,128.1,129.6,3001069.0
5746,2025-02-05,ABNB,130.16,133.19,130.15,132.57,3704352.0
5747,2025-02-06,ABNB,134.7,139.5,133.9056,134.98,5933237.0
5748,2025-02-09,ABNB,136.3,136.36,133.16,135.24,4760053.0
5749,2025-02-10,ABNB,134.91,136.25,134.09,134.52,4042978.0
5750,2025-02-11,ABNB,133.07,141.2,132.79,140.52,6147194.0
5751,2025-02-12,ABNB,139.64,141.94,138.76,141.04,12745328.0
5752,2025-02-13,ABNB,158.185,163.93,156.93,161.42,21649318.0
5753,2025-02-17,ABNB,161.04,162.5761,158.07,160.6,8144501.0
5754,2025-02-18,ABNB,160.0,160.0,155.21,157.98,6906074.0
5755,2025-02-19,ABNB,156.32,157.75,152.47,155.31,5099655.0
5756,2025-02-20,ABNB,154.565,154.565,145.75,146.07,7356423.0
5757,2025-02-23,ABNB,147.0,147.07,143.88,144.82,4478917.0
5758,2025-02-24,ABNB,144.785,145.16,140.4,141.55,6189194.0
5759,2025-02-25,ABNB,143.16,145.13,142.2201,144.03,2910748.0
5760,2025-02-26,ABNB,144.63,145.69,139.05,139.45,4411760.0
5761,2025-02-27,ABNB,139.5,140.16,137.59,138.87,6253063.0
5762,2025-03-02,ABNB,140.34,144.75,139.9012,140.98,6688879.0
5763,2025-03-03,ABNB,139.995,143.23,137.82,141.42,4799516.0
5764,2025-03-04,ABNB,141.87,142.79,139.21,142.58,3881642.0
5765,2025-03-05,ABNB,140.325,140.325,134.61,134.77,5924270.0
5766,2025-03-06,ABNB,134.71,134.73,130.37,134.39,5616851.0
5767,2025-03-09,ABNB,134.57,135.94,130.2,132.15,7493002.0
5768,2025-03-10,ABNB,129.98,130.7686,123.7,125.44,9318416.0
5769,2025-03-11,ABNB,127.0,127.48,123.531,126.55,4834071.0
5770,2025-03-12,ABNB,124.99,126.22,119.15,119.38,7669670.0
5771,2025-03-13,ABNB,121.88,124.45,121.57,122.86,4418189.0
5772,2025-03-16,ABNB,123.9,128.0,123.75,126.94,5266169.0
5773,2025-03-17,ABNB,126.0,126.07,123.0,124.56,3918026.0
5774,2025-03-18,ABNB,125.1,127.08,124.12,126.0,4353075.0
5775,2025-03-19,ABNB,124.7,127.77,124.36,126.15,3260630.0
5776,2025-03-20,ABNB,124.655,129.25,123.3,128.8,8704602.0
5777,2025-03-23,ABNB,130.245,130.72,128.69,129.82,3706638.0
5778,2025-03-24,ABNB,129.55,130.76,128.55,129.88,4362943.0
5779,2025-03-25,ABNB,129.97,131.0,127.85,128.64,3504665.0
5780,2025-03-26,ABNB,126.015,127.09,123.43,125.65,4904488.0
5781,2025-03-27,ABNB,125.54,125.54,119.94,120.69,3997126.0
5782,2025-03-30,ABNB,118.81,119.95,115.68,119.46,7090262.0
5783,2025-03-31,ABNB,119.67,121.35,117.8,121.18,3916445.0
5784,2025-04-01,ABNB,119.48,124.59,119.08,122.8,5184821.0
5785,2025-04-02,ABNB,116.62,117.18,111.8,113.97,7950574.0
5786,2025-04-03,ABNB,109.26,110.42,104.73,106.66,10259898.0
5787,2025-04-06,ABNB,103.01,110.91,99.88,106.3,9975609.0
5788,2025-04-07,ABNB,110.74,112.97,104.15,105.69,7661500.0
5789,2025-04-08,ABNB,105.73,123.295,105.39,121.32,12840724.0
5790,2025-04-09,ABNB,117.61,118.5,110.06,113.91,6929590.0
5791,2025-04-10,ABNB,113.87,115.43,111.59,114.54,4817600.0
5792,2025-04-13,ABNB,117.3,118.29,112.55,113.22,4338183.0
5793,2025-04-14,ABNB,114.225,115.71,113.52,114.64,5182448.0
5794,2025-04-15,ABNB,113.58,115.62,111.03,112.64,5026557.0
5795,2025-04-16,ABNB,113.75,114.0,111.86,112.7,4454738.0
5796,2025-04-20,ABNB,111.32,113.4,109.79,111.61,5695003.0
5797,2025-04-21,ABNB,112.59,115.8,112.05,114.91,4827240.0
5798,2025-04-22,ABNB,119.7,122.32,116.72,118.28,5183356.0
5799,2025-04-23,ABNB,118.86,121.89,118.0,121.71,3690309.0
5800,2025-04-24,ABNB,121.43,123.09,120.8301,122.51,2905028.0
5801,2025-04-27,ABNB,122.51,125.23,122.1099,123.3,5608777.0
5802,2025-04-28,ABNB,123.28,125.99,123.16,125.49,6525371.0
5803,2025-04-29,ABNB,121.055,122.25,118.05,121.92,7534188.0
5804,2025-04-30,ABNB,121.92,125.08,121.9,124.01,9431762.0
5805,2025-05-01,ABNB,121.1,126.56,120.1335,125.26,11301618.0
5806,2025-05-04,ABNB,123.355,127.59,122.3,124.89,6761722.0
5807,2025-05-05,ABNB,123.145,124.5,121.57,121.67,5229296.0
5808,2025-05-06,ABNB,121.335,123.65,120.41,123.12,3424249.0
5809,2025-05-07,ABNB,124.625,127.63,123.62,126.39,3819882.0
5810,2025-05-08,ABNB,124.96,127.33,123.4,127.04,6145152.0
5811,2025-05-11,ABNB,133.16,134.85,132.14,134.21,7198291.0
5812,2025-05-12,ABNB,134.62,138.53,133.75,138.05,6890732.0
5813,2025-05-13,ABNB,138.35,139.835,137.1,137.45,6148712.0
5814,2025-05-14,ABNB,137.08,137.78,135.27,136.79,3463732.0
5815,2025-05-15,ABNB,137.55,138.45,136.21,138.0,3690187.0
5816,2025-05-18,ABNB,135.31,137.37,135.03,136.6,4904672.0
5817,2025-05-19,ABNB,133.755,134.6,131.39,132.13,6607933.0
5818,2025-05-20,ABNB,130.68,130.79,126.97,127.52,6687377.0
5819,2025-05-21,ABNB,126.79,128.329,125.94,127.65,6451798.0
5820,2025-05-22,ABNB,125.09,127.375,125.0,126.72,4371484.0
5821,2025-05-26,ABNB,128.68,130.4,128.345,129.4,7243763.0
5822,2025-05-27,ABNB,129.45,129.55,127.665,128.67,4752224.0
5823,2025-05-28,ABNB,130.0,130.0,126.96,128.36,4681055.0
5824,2025-05-29,ABNB,125.5,129.25,125.0,129.0,9562946.0
5825,2025-06-01,ABNB,128.85,129.77,127.985,129.62,5223064.0
5826,2025-06-02,ABNB,129.5,133.49,128.95,132.9,5809271.0
5827,2025-06-03,ABNB,132.28,134.855,131.64,133.51,4501382.0
5828,2025-06-04,ABNB,133.5,137.8025,133.5,137.29,5859127.0
5829,2025-06-05,ABNB,139.18,143.8799,138.95,140.64,9053459.0
5830,2025-06-08,ABNB,141.47,141.5255,138.34,139.01,3989978.0
5831,2025-06-09,ABNB,139.22,140.605,138.135,138.56,4138000.0
5832,2025-06-10,ABNB,140.24,140.37,137.115,138.06,4020440.0
5833,2025-06-11,ABNB,137.13,139.405,136.7,138.81,3460997.0
5834,2025-06-12,ABNB,136.08,136.63,134.68,135.54,5091140.0
5835,2025-06-15,ABNB,138.56,139.29,136.83,137.21,3406824.0
5836,2025-06-16,ABNB,136.09,136.16,132.89,133.37,4773781.0
5837,2025-06-17,ABNB,132.71,133.815,131.69,132.17,3702457.0
5838,2025-06-19,ABNB,132.0,132.64,131.39,131.73,7967985.0
5839,2025-06-22,ABNB,131.53,131.53,127.04,130.53,4250158.0
5840,2025-06-23,ABNB,131.92,132.725,130.36,132.15,5045554.0
5841,2025-06-24,ABNB,132.8,133.03,128.77,129.67,3765553.0
5842,2025-06-25,ABNB,130.33,134.18,128.315,133.72,5138316.0
5843,2025-06-26,ABNB,134.01,134.58,132.1,134.52,4930553.0
5844,2025-06-29,ABNB,135.06,135.06,131.945,132.34,3666177.0
5845,2025-06-30,ABNB,132.225,136.69,132.12,135.41,3919565.0
5846,2025-07-01,ABNB,135.22,136.09,134.39,135.39,2668019.0
5847,2025-07-02,ABNB,136.27,138.19,136.23,136.49,2628584.0
5848,2025-07-06,ABNB,135.86,137.63,135.2,137.0,3550438.0
5849,2025-07-07,ABNB,137.5,138.55,136.55,136.99,3144542.0
5850,2025-07-08,ABNB,137.45,138.27,136.4998,136.85,4311327.0
5851,2025-07-09,ABNB,137.055,138.415,136.05,137.0,4934019.0
5852,2025-07-10,ABNB,136.12,137.0,135.2,135.35,3123574.0
5853,2025-07-13,ABNB,135.0,139.468,134.7,138.57,4574983.0
5854,2025-07-14,ABNB,139.46,140.14,136.48,136.54,3315550.0
5855,2025-07-15,ABNB,136.94,137.15,135.42,136.71,3319660.0
5856,2025-07-16,ABNB,137.58,139.57,137.26,139.3,3495943.0
5857,2025-07-17,ABNB,139.99,140.74,138.92,139.34,2983076.0
5858,2025-07-20,ABNB,139.32,139.8,137.96,138.07,2697580.0
5859,2025-07-21,ABNB,138.64,140.02,136.86,139.43,2787224.0
5860,2025-07-22,ABNB,139.62,140.93,138.1,139.83,3003828.0
5861,2025-07-23,ABNB,139.46,142.63,138.82,141.62,3067742.0
5862,2025-07-24,ABNB,142.46,142.53,141.18,141.31,2499368.0
5863,2025-07-27,ABNB,141.3,143.3,141.0201,142.16,2808615.0
5864,2025-07-28,ABNB,142.17,143.09,136.38,136.84,4082808.0
5865,2025-07-29,ABNB,135.9,136.525,133.92,134.75,3502159.0
5866,2025-07-30,ABNB,134.75,135.8,132.12,132.41,3876548.0
5867,2025-07-31,ABNB,130.04,130.36,126.92,128.02,5100383.0
5868,2025-08-03,ABNB,129.1,131.13,128.83,130.96,5277192.0
5869,2025-08-04,ABNB,131.12,132.16,129.28,129.96,7679968.0
5870,2025-08-05,ABNB,130.675,131.29,128.3,130.5,11212805.0
5871,2025-08-06,ABNB,120.38,123.3899,117.2803,120.03,17502062.0
5872,2025-08-07,ABNB,120.57,122.0,119.3,121.02,5791263.0
5873,2025-08-10,ABNB,120.01,121.3,118.14,118.3,6577841.0
5874,2025-08-11,ABNB,118.96,122.1899,118.15,121.61,6291042.0
5875,2025-08-12,ABNB,122.3,124.768,121.7,124.55,6651486.0
5876,2025-08-13,ABNB,123.495,125.58,122.4356,124.64,4706944.0
5877,2025-08-14,ABNB,125.0,126.345,124.33,125.1,4309834.0
5878,2025-08-17,ABNB,124.625,125.89,124.46,125.49,3985329.0
5879,2025-08-18,ABNB,125.35,128.08,125.27,126.0,3739757.0
5880,2025-08-19,ABNB,125.04,126.6,123.815,124.96,4097880.0
5881,2025-08-20,ABNB,124.96,126.49,124.47,126.43,3115793.0
5882,2025-08-21,ABNB,127.17,130.425,126.32,129.92,4563120.0
5883,2025-08-24,ABNB,129.44,130.03,128.09,128.15,2960456.0
5884,2025-08-25,ABNB,127.715,128.8,126.4,126.89,4355456.0
5885,2025-08-26,ABNB,127.0,130.15,126.92,129.85,3830632.0
5886,2025-08-27,ABNB,130.19,130.59,128.82,130.46,3657057.0
5887,2025-08-28,ABNB,129.92,131.11,129.21,130.53,4159392.0
5888,2025-09-01,ABNB,128.42,129.23,126.46,127.59,4195459.0
5889,2025-09-02,ABNB,127.42,127.75,124.46,124.9,6267199.0
5890,2025-09-03,ABNB,124.65,125.65,123.18,125.37,6194499.0
5891,2025-09-04,ABNB,125.37,127.3852,122.82,123.81,4327197.0
5892,2025-09-07,ABNB,124.24,126.08,123.06,124.62,4765180.0
5893,2025-09-08,ABNB,124.12,124.78,123.6,123.81,3607594.0
5894,2025-09-09,ABNB,123.81,124.44,122.63,123.41,4772621.0
5895,2025-09-10,ABNB,123.695,124.5,122.65,123.05,5241465.0
5896,2025-09-11,ABNB,123.07,123.45,121.84,122.55,5263923.0
5897,2025-09-14,ABNB,122.91,122.98,119.76,120.37,7060401.0
5898,2025-09-15,ABNB,120.71,121.99,119.765,121.66,5072217.0
5899,2025-09-16,ABNB,121.98,124.45,121.52,123.2,4973260.0
5900,2025-09-17,ABNB,123.74,125.72,123.6,125.47,4235741.0
5901,2025-09-18,ABNB,126.33,127.85,125.19,127.04,9144270.0
5902,2025-09-21,ABNB,125.65,126.64,123.35,125.44,5591124.0
5903,2025-09-22,ABNB,125.44,126.855,123.05,123.5,5634711.0
5904,2025-09-23,ABNB,123.5,125.59,122.08,123.08,4060490.0
5905,2025-09-24,ABNB,122.91,122.91,121.1178,121.75,3631968.0
5906,2025-09-25,ABNB,122.2,123.91,121.65,123.7,2899605.0
5907,2025-09-28,ABNB,124.44,124.58,122.83,122.92,3874669.0
5908,2025-09-29,ABNB,122.9,123.08,120.52,121.42,3730456.0
5909,2025-09-30,ABNB,120.85,122.61,120.785,122.32,3443702.0
5910,2025-10-01,ABNB,122.47,122.5,120.02,121.49,4562181.0
5911,2025-10-02,ABNB,121.65,122.25,119.84,120.22,5911349.0
5912,2025-10-05,ABNB,120.73,123.1499,120.05,120.35,5474253.0
5913,2025-10-06,ABNB,120.49,121.1,119.14,119.85,4415874.0
5914,2025-10-07,ABNB,120.235,120.77,118.91,119.99,4407384.0
5915,2025-10-08,ABNB,120.46,121.4182,119.56,120.15,3415243.0
5916,2025-10-09,ABNB,120.3,120.58,116.32,118.19,5107060.0
5917,2025-10-12,ABNB,118.91,119.8,118.25,118.86,3344832.0
5918,2025-10-13,ABNB,117.69,124.47,117.69,122.89,6171640.0
5919,2025-10-14,ABNB,124.335,125.875,122.69,124.26,5677933.0
5920,2025-10-15,ABNB,124.26,126.97,122.045,122.89,5254222.0
5921,2025-10-16,ABNB,123.065,126.4,122.805,125.91,4479100.0
5922,2025-10-19,ABNB,126.11,128.5,125.79,127.21,3977111.0
5923,2025-10-20,ABNB,126.87,129.5,126.675,128.56,3331492.0
5924,2025-10-21,ABNB,128.52,128.965,127.31,127.5,3292727.0
5925,2025-10-22,ABNB,127.53,128.8,126.74,127.35,3239443.0
5926,2025-10-23,ABNB,127.65,129.06,127.35,127.99,3344365.0
5927,2025-10-26,ABNB,128.23,129.54,126.38,129.07,3838994.0
5928,2025-10-27,ABNB,129.59,130.05,127.67,128.01,4463174.0
5929,2025-10-28,ABNB,127.87,128.68,125.465,126.48,5102906.0
5930,2025-10-29,ABNB,125.47,128.275,125.26,126.34,4013366.0
5931,2025-10-30,ABNB,126.18,127.15,125.26,126.54,3481550.0
5932,2025-11-02,ABNB,126.46,127.325,124.6201,126.8,4053762.0
5933,2025-11-03,ABNB,125.5,125.99,121.93,122.35,5967308.0
5934,2025-11-04,ABNB,122.0,124.09,121.6,122.5,4580421.0
5935,2025-11-05,ABNB,122.38,123.39,119.82,120.53,9853439.0
5936,2025-11-06,ABNB,125.495,125.76,117.1473,120.88,11755951.0
5937,2025-11-09,ABNB,121.94,122.83,119.78,120.2,7481669.0
5938,2025-11-10,ABNB,120.28,123.459,120.0,122.53,4425011.0
5939,2025-11-11,ABNB,122.66,122.85,120.705,121.69,3713821.0
5940,2025-11-12,ABNB,121.505,123.4,121.0,121.19,3715970.0
5941,2025-11-13,ABNB,120.92,122.75,119.6042,122.02,4119734.0
5942,2025-11-16,ABNB,120.74,121.33,116.7012,117.6,5187054.0
5943,2025-11-17,ABNB,116.59,118.54,115.39,115.42,5547169.0
5944,2025-11-18,ABNB,115.5,115.91,114.075,114.44,4516081.0
5945,2025-11-19,ABNB,114.51,115.14,110.81,111.54,7206680.0
5946,2025-11-20,ABNB,112.17,115.69,111.84,114.26,6866157.0
5947,2025-11-23,ABNB,114.665,115.05,113.38,114.41,6476412.0
5948,2025-11-24,ABNB,114.465,119.24,114.465,118.56,7731122.0
5949,2025-11-25,ABNB,117.99,118.04,116.4,116.74,5112234.0
5950,2025-11-27,ABNB,116.755,117.79,116.4,116.99,2522283.0
5951,2025-11-30,ABNB,116.0,119.6196,115.645,118.8,4713156.0
5952,2025-12-01,ABNB,118.65,120.0907,117.37,118.5,6681480.0
5953,2025-12-02,ABNB,118.26,120.7225,117.63,120.13,5485468.0
5954,2025-12-03,ABNB,120.15,121.0,119.22,120.82,4024055.0
5955,2025-12-04,ABNB,120.92,124.81,120.4001,124.32,3962329.0
5956,2025-12-07,ABNB,124.215,124.215,120.915,122.01,4030344.0
5957,2025-12-08,ABNB,121.61,125.81,121.1538,125.39,3609041.0
5958,2025-12-09,ABNB,125.45,128.83,124.46,127.57,4731221.0
5959,2025-12-10,ABNB,127.6,129.61,126.97,128.0,5075704.0
5960,2025-12-11,ABNB,128.93,130.6,128.19,128.39,3581154.0
5961,2025-12-14,ABNB,129.29,132.25,128.3,131.81,5518099.0
5962,2025-12-15,ABNB,132.03,133.0485,131.17,132.01,4390926.0
5963,2025-12-16,ABNB,133.96,136.82,133.6211,133.78,6158389.0
5964,2025-12-17,ABNB,133.3,135.41,132.96,133.99,4257799.0
5965,2025-12-18,ABNB,134.15,137.05,133.61,135.28,10530750.0
5966,2025-12-21,ABNB,136.09,138.52,135.95,136.95,5568207.0
5967,2025-12-22,ABNB,136.6,137.21,135.58,136.49,3464822.0
5968,2025-12-23,ABNB,136.01,137.99,135.81,136.78,1457175.0
5969,2025-12-25,ABNB,136.73,137.2113,136.15,136.82,1776009.0
5970,2025-12-28,ABNB,136.5,137.16,136.16,136.62,2773301.0
5971,2025-12-29,ABNB,135.89,137.42,135.89,136.91,2406200.0
5972,2025-12-30,ABNB,136.62,137.58,135.565,135.72,2188111.0
5973,2026-01-01,ABNB,135.94,136.11,132.34,133.01,3863838.0
5974,2026-01-04,ABNB,133.1,137.96,132.635,135.87,4336138.0
5975,2026-01-05,ABNB,135.95,138.38,135.945,138.02,3112977.0
5976,2026-01-06,ABNB,137.65,139.55,136.83,137.04,3585125.0
5977,2026-01-07,ABNB,136.105,138.78,134.55,138.66,3593052.0
5978,2026-01-08,ABNB,140.005,141.4,137.91,139.27,4578134.0
5979,2026-01-11,ABNB,139.28,140.24,137.015,138.51,3371083.0
5980,2026-01-12,ABNB,138.14,140.19,136.5,140.07,4109111.0
5981,2026-01-13,ABNB,139.5,139.65,130.15,132.79,7681559.0
5982,2026-01-14,ABNB,134.54,135.5,131.93,132.6,4662441.0
5983,2026-01-15,ABNB,132.6,132.76,129.85,130.66,5061957.0
5984,2026-01-19,ABNB,127.83,132.035,127.83,130.73,4500923.0
5985,2026-01-20,ABNB,130.73,134.97,129.7,133.59,4645938.0
5986,2026-01-21,ABNB,134.32,137.21,133.51,133.8,3577461.0
5987,2026-01-22,ABNB,133.21,134.82,131.71,132.15,4302887.0
5988,2024-01-28,AKAM,122.66,124.58,121.83,124.53,1393094.0
5989,2024-01-29,AKAM,124.63,125.1,124.09,124.66,1984008.0
5990,2024-01-30,AKAM,124.5,124.62,122.6465,123.23,1404688.0
5991,2024-01-31,AKAM,123.46,124.44,122.93,124.04,1248477.0
5992,2024-02-01,AKAM,124.17,124.57,122.68,124.41,1338924.0
5993,2024-02-04,AKAM,123.96,125.2,122.64,124.61,1405698.0
5994,2024-02-05,AKAM,125.0,125.11,123.635,124.48,1221274.0
5995,2024-02-06,AKAM,125.05,125.9,124.15,125.57,1195820.0
5996,2024-02-07,AKAM,125.09,127.335,125.055,126.78,1564647.0
5997,2024-02-08,AKAM,128.05,129.17,126.9795,128.32,1704419.0
5998,2024-02-11,AKAM,128.55,128.615,126.96,128.15,1976772.0
5999,2024-02-12,AKAM,125.52,126.78,124.27,125.05,3047645.0
6000,2024-02-13,AKAM,119.12,122.0,113.8105,114.8,7080503.0
6001,2024-02-14,AKAM,114.2,114.67,111.03,111.57,4018150.0
6002,2024-02-15,AKAM,111.05,112.11,108.855,109.19,3369120.0
6003,2024-02-19,AKAM,108.6,109.43,108.14,108.36,2390642.0
6004,2024-02-20,AKAM,107.8,108.28,107.0,107.16,2618617.0
6005,2024-02-21,AKAM,108.47,108.71,106.57,106.95,3472052.0
6006,2024-02-22,AKAM,107.69,109.13,107.35,108.17,1419089.0
6007,2024-02-25,AKAM,108.11,109.49,107.51,108.07,1932550.0
6008,2024-02-26,AKAM,108.2,108.44,107.155,107.76,1482130.0
6009,2024-02-27,AKAM,107.66,108.46,107.49,108.14,975230.0
6010,2024-02-28,AKAM,108.92,111.07,108.59,110.92,2836738.0
6011,2024-02-29,AKAM,110.55,111.6,109.66,110.24,2295922.0
6012,2024-03-03,AKAM,110.44,111.5272,109.9,110.76,1274402.0
6013,2024-03-04,AKAM,110.5,111.8,109.35,109.38,1675156.0
6014,2024-03-05,AKAM,110.29,110.83,109.27,110.16,1489490.0
6015,2024-03-06,AKAM,111.84,113.14,110.69,112.83,3387860.0
6016,2024-03-07,AKAM,112.4,113.3618,110.42,111.0,2160583.0
6017,2024-03-10,AKAM,110.74,111.785,109.9,110.03,2470114.0
6018,2024-03-11,AKAM,109.65,110.55,109.14,109.78,2156861.0
6019,2024-03-12,AKAM,109.66,110.79,109.466,109.53,1451281.0
6020,2024-03-13,AKAM,109.58,109.89,108.3,108.95,1392630.0
6021,2024-03-14,AKAM,108.28,108.9,107.15,107.25,2957766.0
6022,2024-03-17,AKAM,107.47,108.9,107.25,107.87,1528725.0
6023,2024-03-18,AKAM,107.32,107.85,106.81,107.79,1326835.0
6024,2024-03-19,AKAM,107.85,109.64,107.7,109.6,1809478.0
6025,2024-03-20,AKAM,109.67,110.18,109.06,109.145,1123302.0
6026,2024-03-21,AKAM,109.93,109.96,108.55,108.97,949709.0
6027,2024-03-24,AKAM,108.61,109.48,108.35,108.56,1199695.0
6028,2024-03-25,AKAM,108.91,109.1078,107.87,108.02,849203.0
6029,2024-03-26,AKAM,108.7,109.67,108.4359,109.63,1109459.0
6030,2024-03-27,AKAM,109.56,110.135,108.51,108.76,1411510.0
6031,2024-03-31,AKAM,108.77,109.98,108.76,109.33,1063087.0
6032,2024-04-01,AKAM,108.66,108.74,107.33,107.38,1123422.0
6033,2024-04-02,AKAM,107.19,107.91,106.22,107.08,1183369.0
6034,2024-04-03,AKAM,107.72,108.18,105.835,105.99,1173805.0
6035,2024-04-04,AKAM,105.78,106.88,105.78,106.24,919200.0
6036,2024-04-07,AKAM,106.23,106.69,105.62,105.82,1012973.0
6037,2024-04-08,AKAM,106.14,107.6,105.74,107.57,1233405.0
6038,2024-04-09,AKAM,106.31,107.12,104.02,104.38,1183870.0
6039,2024-04-10,AKAM,104.38,106.11,104.075,105.09,1374137.0
6040,2024-04-11,AKAM,104.33,104.39,102.94,103.47,1039356.0
6041,2024-04-14,AKAM,103.87,104.445,101.9,102.22,1576863.0
6042,2024-04-15,AKAM,102.16,102.335,101.07,101.33,935685.0
6043,2024-04-16,AKAM,101.36,102.245,100.27,100.34,1303571.0
6044,2024-04-17,AKAM,100.8,101.39,100.02,100.73,1388101.0
6045,2024-04-18,AKAM,100.69,101.72,100.45,101.5,1312947.0
6046,2024-04-21,AKAM,101.61,101.94,100.525,100.88,1193123.0
6047,2024-04-22,AKAM,101.35,102.11,101.12,101.76,996354.0
6048,2024-04-23,AKAM,101.72,102.6,101.714,102.19,996793.0
6049,2024-04-24,AKAM,101.62,102.16,100.285,101.79,1139435.0
6050,2024-04-25,AKAM,102.18,102.62,101.66,101.68,820088.0
6051,2024-04-28,AKAM,101.71,102.825,101.62,101.78,705694.0
6052,2024-04-29,AKAM,101.16,101.755,100.68,100.93,1691030.0
6053,2024-04-30,AKAM,101.01,102.39,100.74,100.89,767625.0
6054,2024-05-01,AKAM,101.01,101.01,97.71,99.74,1941317.0
6055,2024-05-02,AKAM,100.61,100.91,98.725,99.67,1724338.0
6056,2024-05-05,AKAM,100.09,101.355,100.09,101.08,1135735.0
6057,2024-05-06,AKAM,101.73,101.84,101.03,101.67,941898.0
6058,2024-05-07,AKAM,101.37,102.16,100.895,102.12,1719162.0
6059,2024-05-08,AKAM,102.1,102.65,101.54,102.46,3679149.0
6060,2024-05-09,AKAM,94.2,94.82,90.53,91.19,9731082.0
6061,2024-05-12,AKAM,91.47,94.73,91.39,94.32,3462434.0
6062,2024-05-13,AKAM,94.3,94.6,92.06,93.13,2505608.0
6063,2024-05-14,AKAM,94.84,96.12,94.29,95.98,2303445.0
6064,2024-05-15,AKAM,95.59,97.235,94.64,96.87,2724234.0
6065,2024-05-16,AKAM,96.61,96.68,95.11,95.21,2430634.0
6066,2024-05-19,AKAM,95.2,95.41,94.34,94.9,1803327.0
6067,2024-05-20,AKAM,94.53,95.33,94.29,94.5,1482870.0
6068,2024-05-21,AKAM,94.62,95.95,94.62,95.29,1062087.0
6069,2024-05-22,AKAM,95.29,95.29,93.76,93.96,1350850.0
6070,2024-05-23,AKAM,94.55,94.67,93.75,94.14,1038981.0
6071,2024-05-27,AKAM,93.54,94.15,92.49,92.59,1498246.0
6072,2024-05-28,AKAM,92.0,92.38,90.78,90.84,1332580.0
6073,2024-05-29,AKAM,90.84,90.89,89.55,90.22,2662192.0
6074,2024-05-30,AKAM,90.12,92.41,89.6,92.24,3298496.0
6075,2024-06-02,AKAM,92.24,92.75,90.3,90.9,1483664.0
6076,2024-06-03,AKAM,90.61,91.705,90.45,91.06,1665428.0
6077,2024-06-04,AKAM,91.34,91.47,90.07,90.74,1282459.0
6078,2024-06-05,AKAM,90.5,91.3,89.905,90.02,1830150.0
6079,2024-06-06,AKAM,90.02,90.67,88.99,89.18,1472732.0
6080,2024-06-09,AKAM,88.8,90.41,87.74,90.34,1839327.0
6081,2024-06-10,AKAM,90.15,90.18,89.31,89.71,1383850.0
6082,2024-06-11,AKAM,89.92,90.561,88.32,88.4,1818877.0
6083,2024-06-12,AKAM,88.0,88.56,87.59,88.35,1362291.0
6084,2024-06-13,AKAM,88.34,89.73,88.02,89.09,1292500.0
6085,2024-06-16,AKAM,88.82,89.425,88.13,89.11,1162237.0
6086,2024-06-17,AKAM,88.6,89.8745,88.22,88.48,1610834.0
6087,2024-06-19,AKAM,88.65,89.85,88.09,89.36,1499879.0
6088,2024-06-20,AKAM,89.48,89.99,88.42,88.92,4806732.0
6089,2024-06-23,AKAM,89.03,89.98,88.65,88.74,1580719.0
6090,2024-06-24,AKAM,88.74,88.85,87.89,88.25,1165693.0
6091,2024-06-25,AKAM,88.0,89.14,87.83,88.43,937948.0
6092,2024-06-26,AKAM,88.44,89.97,88.12,89.94,1382433.0
6093,2024-06-27,AKAM,90.0,90.47,89.51,90.08,2069710.0
6094,2024-06-30,AKAM,90.17,90.21,89.02,89.53,775273.0
6095,2024-07-01,AKAM,89.56,90.94,89.56,90.82,1071655.0
6096,2024-07-02,AKAM,91.0,91.28,89.9,90.33,739019.0
6097,2024-07-04,AKAM,90.39,90.92,89.95,90.47,880916.0
6098,2024-07-07,AKAM,91.21,93.26,90.95,92.94,1854030.0
6099,2024-07-08,AKAM,93.0,93.05,91.075,92.48,1748972.0
6100,2024-07-09,AKAM,92.92,93.82,92.38,93.78,1417340.0
6101,2024-07-10,AKAM,93.63,95.27,93.62,94.1,1460512.0
6102,2024-07-11,AKAM,94.28,96.25,94.2135,95.14,1335259.0
6103,2024-07-14,AKAM,95.38,96.84,95.2801,96.26,975570.0
6104,2024-07-15,AKAM,96.5,97.62,95.94,97.48,1181052.0
6105,2024-07-16,AKAM,97.0,97.63,96.1,97.19,1065604.0
6106,2024-07-17,AKAM,97.24,97.8,95.29,95.79,1636377.0
6107,2024-07-18,AKAM,96.05,96.1753,94.46,95.05,1425583.0
6108,2024-07-21,AKAM,95.47,96.61,94.97,96.33,1043020.0
6109,2024-07-22,AKAM,96.15,96.45,95.16,96.06,947335.0
6110,2024-07-23,AKAM,96.1,97.29,95.1,95.22,1280168.0
6111,2024-07-24,AKAM,95.43,98.17,95.28,96.37,1358759.0
6112,2024-07-25,AKAM,96.79,97.305,96.09,96.97,713626.0
6113,2024-07-28,AKAM,98.95,98.98,96.97,97.32,1050335.0
6114,2024-07-29,AKAM,97.66,98.52,97.13,97.88,1335753.0
6115,2024-07-30,AKAM,98.12,98.98,97.7501,98.28,1036756.0
6116,2024-07-31,AKAM,98.01,98.46,95.25,95.44,1223710.0
6117,2024-08-01,AKAM,95.19,95.6,93.81,94.56,1220591.0
6118,2024-08-04,AKAM,92.13,93.5275,90.56,91.32,2465676.0
6119,2024-08-05,AKAM,91.98,94.0,91.47,92.32,1671847.0
6120,2024-08-06,AKAM,93.28,94.86,92.45,92.64,1256698.0
6121,2024-08-07,AKAM,92.62,93.32,91.275,91.57,4538516.0
6122,2024-08-08,AKAM,98.01,102.69,97.78,101.51,6536607.0
6123,2024-08-11,AKAM,101.22,101.655,99.49,99.58,2187394.0
6124,2024-08-12,AKAM,99.87,101.37,99.11,101.02,2215128.0
6125,2024-08-13,AKAM,101.31,101.8,99.65,99.73,1583857.0
6126,2024-08-14,AKAM,100.45,101.89,100.39,100.86,1632991.0
6127,2024-08-15,AKAM,100.75,101.24,100.06,100.5,1082384.0
6128,2024-08-18,AKAM,100.88,101.94,100.69,101.65,1244383.0
6129,2024-08-19,AKAM,101.59,102.59,101.25,101.7,885270.0
6130,2024-08-20,AKAM,101.31,102.38,100.45,102.11,1827409.0
6131,2024-08-21,AKAM,102.25,103.15,101.4,101.58,1100221.0
6132,2024-08-22,AKAM,102.48,102.48,100.93,101.83,1028345.0
6133,2024-08-25,AKAM,101.99,102.365,100.8,100.99,769310.0
6134,2024-08-26,AKAM,100.73,102.2,100.57,101.31,843558.0
6135,2024-08-27,AKAM,101.19,101.71,99.88,100.08,684014.0
6136,2024-08-28,AKAM,100.61,102.41,100.45,101.6,756737.0
6137,2024-08-29,AKAM,102.16,102.21,100.62,101.84,2305544.0
6138,2024-09-02,AKAM,101.32,102.11,99.67,99.96,989860.0
6139,2024-09-03,AKAM,99.89,100.72,99.64,100.13,682838.0
6140,2024-09-04,AKAM,99.98,100.14,98.725,99.12,1831890.0
6141,2024-09-05,AKAM,99.16,99.68,96.48,96.54,1223375.0
6142,2024-09-08,AKAM,96.65,97.1,94.77,95.07,1824834.0
6143,2024-09-09,AKAM,95.304,95.79,94.53,94.72,1106390.0
6144,2024-09-10,AKAM,94.43,96.75,93.5,96.66,1490883.0
6145,2024-09-11,AKAM,96.72,97.765,96.22,97.3,1256415.0
6146,2024-09-12,AKAM,97.3,98.78,97.195,98.53,1026287.0
6147,2024-09-15,AKAM,98.49,99.43,98.1407,99.29,1100469.0
6148,2024-09-16,AKAM,99.54,99.54,97.6,97.87,1393141.0
6149,2024-09-17,AKAM,97.83,98.365,96.84,97.41,1013812.0
6150,2024-09-18,AKAM,98.9,99.78,98.75,99.44,1463790.0
6151,2024-09-19,AKAM,99.16,99.86,98.3601,99.515,1881139.0
6152,2024-09-22,AKAM,99.71,100.81,99.45,100.72,1380991.0
6153,2024-09-23,AKAM,100.99,102.49,100.575,101.84,1457891.0
6154,2024-09-24,AKAM,101.75,101.75,99.49,99.64,1141704.0
6155,2024-09-25,AKAM,100.62,101.0,99.87,100.11,1451625.0
6156,2024-09-26,AKAM,100.5,102.32,100.485,101.57,1095950.0
6157,2024-09-29,AKAM,101.43,101.65,99.97,100.95,2401471.0
6158,2024-09-30,AKAM,100.58,100.75,99.3558,99.82,1687908.0
6159,2024-10-01,AKAM,99.66,100.91,99.355,100.78,958089.0
6160,2024-10-02,AKAM,100.42,100.99,99.9706,100.45,874291.0
6161,2024-10-03,AKAM,101.29,101.59,100.6349,101.48,626800.0
6162,2024-10-06,AKAM,101.25,101.79,100.915,101.17,1067046.0
6163,2024-10-07,AKAM,101.15,101.45,100.19,101.33,1028302.0
6164,2024-10-08,AKAM,101.48,103.19,101.43,103.11,1067586.0
6165,2024-10-09,AKAM,102.97,103.56,102.705,103.42,762157.0
6166,2024-10-10,AKAM,103.42,104.59,102.79,104.22,989067.0
6167,2024-10-13,AKAM,104.71,104.71,102.88,103.57,870897.0
6168,2024-10-14,AKAM,103.29,104.69,103.06,103.29,1123063.0
6169,2024-10-15,AKAM,103.31,103.63,102.74,103.58,2306147.0
6170,2024-10-16,AKAM,103.67,105.17,102.71,104.73,1301549.0
6171,2024-10-17,AKAM,105.2,106.8,104.7601,106.67,1622732.0
6172,2024-10-20,AKAM,106.5,106.76,105.4,106.15,1391996.0
6173,2024-10-21,AKAM,105.98,105.98,105.045,105.46,1083585.0
6174,2024-10-22,AKAM,105.46,105.5,102.515,102.72,1479415.0
6175,2024-10-23,AKAM,102.68,104.17,102.68,102.8,1188075.0
6176,2024-10-24,AKAM,103.35,103.71,101.57,101.97,898241.0
6177,2024-10-27,AKAM,102.94,103.235,102.24,102.85,930729.0
6178,2024-10-28,AKAM,102.84,103.85,102.28,102.96,1106945.0
6179,2024-10-29,AKAM,102.96,104.13,101.65,101.85,2246992.0
6180,2024-10-30,AKAM,101.72,101.97,100.54,101.08,1954303.0
6181,2024-10-31,AKAM,101.16,101.87,100.22,100.57,1373284.0
6182,2024-11-03,AKAM,100.5,101.0563,99.84,100.04,1748731.0
6183,2024-11-04,AKAM,99.8,101.37,98.93,100.96,2436777.0
6184,2024-11-05,AKAM,103.35,105.26,102.8226,104.71,2179390.0
6185,2024-11-06,AKAM,104.74,104.99,103.19,104.4,2610953.0
6186,2024-11-07,AKAM,97.91,98.3,89.27,89.37,9015282.0
6187,2024-11-10,AKAM,91.65,92.18,89.77,91.07,3312717.0
6188,2024-11-11,AKAM,91.5,91.5,89.74,90.08,2849058.0
6189,2024-11-12,AKAM,89.21,90.16,88.5026,88.75,2402850.0
6190,2024-11-13,AKAM,88.74,89.54,88.24,88.35,2428248.0
6191,2024-11-14,AKAM,88.86,89.56,86.78,87.43,2616717.0
6192,2024-11-17,AKAM,87.43,88.18,85.59,85.96,2426016.0
6193,2024-11-18,AKAM,84.85,87.42,84.7,87.36,2370574.0
6194,2024-11-19,AKAM,87.09,88.19,86.56,87.96,1517066.0
6195,2024-11-20,AKAM,88.42,91.2,88.0,91.08,2083308.0
6196,2024-11-21,AKAM,90.96,93.2,90.735,92.9,2730112.0
6197,2024-11-24,AKAM,93.82,94.9,93.05,94.64,2929394.0
6198,2024-11-25,AKAM,94.66,94.9,92.83,93.1,1678625.0
6199,2024-11-26,AKAM,93.38,94.53,93.12,93.86,1540881.0
6200,2024-11-28,AKAM,93.76,94.86,93.6795,94.02,830767.0
6201,2024-12-01,AKAM,95.5,98.7,95.35,97.93,3159595.0
6202,2024-12-02,AKAM,97.06,98.18,96.79,97.53,1853800.0
6203,2024-12-03,AKAM,97.53,99.03,97.22,98.3,1529847.0
6204,2024-12-04,AKAM,98.67,98.84,97.21,97.4,1523535.0
6205,2024-12-05,AKAM,98.08,99.22,97.785,98.06,1467702.0
6206,2024-12-08,AKAM,97.75,100.32,97.68,99.12,1344970.0
6207,2024-12-09,AKAM,99.12,99.6,97.76,98.78,1272852.0
6208,2024-12-10,AKAM,99.29,100.145,98.5345,100.02,1371876.0
6209,2024-12-11,AKAM,99.19,100.39,99.005,100.0,1269983.0
6210,2024-12-12,AKAM,99.72,100.25,98.8101,99.24,1564643.0
6211,2024-12-15,AKAM,98.41,99.83,97.2,97.3,1525910.0
6212,2024-12-16,AKAM,97.06,98.53,97.02,97.36,1552635.0
6213,2024-12-17,AKAM,97.75,97.8,93.969,94.12,1973210.0
6214,2024-12-18,AKAM,94.72,95.78,94.26,94.58,1518925.0
6215,2024-12-19,AKAM,94.25,96.32,93.93,95.89,3036081.0
6216,2024-12-22,AKAM,95.73,96.71,95.4,96.6,1365656.0
6217,2024-12-23,AKAM,96.13,97.17,96.05,96.91,541735.0
6218,2024-12-25,AKAM,96.72,98.11,96.5,97.96,946913.0
6219,2024-12-26,AKAM,97.51,97.68,96.13,96.97,724927.0
6220,2024-12-29,AKAM,96.24,96.44,95.22,95.56,1087688.0
6221,2024-12-30,AKAM,95.81,96.65,95.41,95.65,932145.0
6222,2025-01-01,AKAM,96.67,97.23,95.06,95.42,1010130.0
6223,2025-01-02,AKAM,96.0,96.0,91.8187,93.56,2324625.0
6224,2025-01-05,AKAM,93.98,95.1,93.11,93.39,1519919.0
6225,2025-01-06,AKAM,93.42,94.92,92.27,92.54,1298451.0
6226,2025-01-07,AKAM,92.31,94.29,91.5,93.36,1792333.0
6227,2025-01-09,AKAM,92.35,92.64,88.82,88.93,2434328.0
6228,2025-01-12,AKAM,88.95,90.155,88.5,89.61,1530003.0
6229,2025-01-13,AKAM,89.88,91.41,89.661,90.58,1188946.0
6230,2025-01-14,AKAM,91.57,91.92,90.06,90.52,1095426.0
6231,2025-01-15,AKAM,90.02,90.96,89.5501,90.5,1142582.0
6232,2025-01-16,AKAM,91.72,92.545,90.955,91.01,2346457.0
6233,2025-01-20,AKAM,92.0,94.97,91.86,94.71,2960648.0
6234,2025-01-21,AKAM,94.85,95.13,93.295,95.11,1370021.0
6235,2025-01-22,AKAM,95.2,96.05,93.48,95.89,1358028.0
6236,2025-01-23,AKAM,96.14,97.77,95.8659,97.7,1805752.0
6237,2025-01-26,AKAM,97.0,100.15,96.9,99.67,2483680.0
6238,2025-01-27,AKAM,99.95,100.77,98.895,100.54,1869733.0
6239,2025-01-28,AKAM,100.6,101.0,99.58,100.41,1366470.0
6240,2025-01-29,AKAM,101.04,101.87,100.51,101.48,1806651.0
6241,2025-01-30,AKAM,101.95,102.37,99.74,99.9,1526484.0
6242,2025-02-02,AKAM,98.4,98.7,96.76,98.0,1796747.0
6243,2025-02-03,AKAM,97.68,99.97,97.68,99.87,1458383.0
6244,2025-02-04,AKAM,99.97,101.019,99.01,100.89,1274938.0
6245,2025-02-05,AKAM,100.95,101.83,99.49,99.61,1454857.0
6246,2025-02-06,AKAM,99.73,100.11,98.56,99.64,1484461.0
6247,2025-02-09,AKAM,100.37,103.75,99.96,102.1,3112163.0
6248,2025-02-10,AKAM,101.34,101.72,100.56,101.38,1618967.0
6249,2025-02-11,AKAM,100.69,101.385,99.855,101.06,1336754.0
6250,2025-02-12,AKAM,100.58,100.75,98.97,99.66,1964243.0
6251,2025-02-13,AKAM,100.06,101.62,99.7025,100.01,1466571.0
6252,2025-02-17,AKAM,100.01,100.295,98.51,99.32,1734311.0
6253,2025-02-18,AKAM,98.95,100.32,97.44,100.26,2223659.0
6254,2025-02-19,AKAM,100.34,100.655,97.22,98.03,3071611.0
6255,2025-02-20,AKAM,89.0,89.89,76.5,76.73,20732287.0
6256,2025-02-23,AKAM,77.9,79.7,75.5,77.65,7013669.0
6257,2025-02-24,AKAM,77.5,78.79,76.595,78.05,4083819.0
6258,2025-02-25,AKAM,78.12,79.94,77.64,79.58,3713166.0
6259,2025-02-26,AKAM,79.6,80.08,77.815,77.87,3709004.0
6260,2025-02-27,AKAM,79.68,81.655,79.125,80.68,5814952.0
6261,2025-03-02,AKAM,81.29,83.11,80.425,81.0,3951093.0
6262,2025-03-03,AKAM,80.55,82.73,79.9,82.18,3101561.0
6263,2025-03-04,AKAM,81.73,82.975,81.13,82.82,2425076.0
6264,2025-03-05,AKAM,81.86,83.45,81.7325,82.81,2233168.0
6265,2025-03-06,AKAM,82.34,88.01,82.13,87.52,4499972.0
6266,2025-03-09,AKAM,86.48,87.375,83.81,84.15,3873618.0
6267,2025-03-10,AKAM,83.83,84.16,80.55,80.65,4424421.0
6268,2025-03-11,AKAM,81.335,81.71,79.32,79.66,4647959.0
6269,2025-03-12,AKAM,79.2126,80.53,78.6,78.66,2447205.0
6270,2025-03-13,AKAM,79.75,81.51,79.2763,80.73,2371295.0
6271,2025-03-16,AKAM,80.52,83.69,80.38,82.79,2590557.0
6272,2025-03-17,AKAM,83.37,83.38,81.71,82.06,1668749.0
6273,2025-03-18,AKAM,82.46,83.069,81.44,82.41,1701450.0
6274,2025-03-19,AKAM,81.76,82.58,81.35,81.55,1862719.0
6275,2025-03-20,AKAM,80.87,81.42,80.25,81.04,3875424.0
6276,2025-03-23,AKAM,82.35,83.02,81.735,82.77,1800551.0
6277,2025-03-24,AKAM,82.96,83.28,81.58,81.85,2086485.0
6278,2025-03-25,AKAM,81.9,82.22,80.79,81.47,1259656.0
6279,2025-03-26,AKAM,81.13,82.0,80.25,81.56,1192080.0
6280,2025-03-27,AKAM,80.95,81.2,79.33,80.05,1683243.0
6281,2025-03-30,AKAM,79.39,80.97,78.36,80.5,1691482.0
6282,2025-03-31,AKAM,80.22,81.0,79.335,80.6,1614893.0
6283,2025-04-01,AKAM,79.48,81.99,79.17,81.63,930003.0
6284,2025-04-02,AKAM,79.51,80.88,78.56,78.78,1665624.0
6285,2025-04-03,AKAM,77.05,77.225,73.415,73.69,2611460.0
6286,2025-04-06,AKAM,72.64,74.7999,69.5,70.93,3467881.0
6287,2025-04-07,AKAM,73.77,73.845,67.63,68.21,3655039.0
6288,2025-04-08,AKAM,67.6,76.8,67.51,76.35,3895117.0
6289,2025-04-09,AKAM,74.32,74.95,70.75,72.56,2041047.0
6290,2025-04-10,AKAM,72.72,74.51,71.81,74.05,2515492.0
6291,2025-04-13,AKAM,74.67,75.15,73.39,74.15,1251420.0
6292,2025-04-14,AKAM,74.17,74.835,73.85,74.51,936942.0
6293,2025-04-15,AKAM,73.84,75.575,73.25,73.81,1459993.0
6294,2025-04-16,AKAM,74.0,74.3,73.2,73.46,1613376.0
6295,2025-04-20,AKAM,72.77,73.005,71.28,71.92,1067923.0
6296,2025-04-21,AKAM,73.48,74.02,72.3856,73.67,1583394.0
6297,2025-04-22,AKAM,75.89,76.995,75.02,75.87,2080043.0
6298,2025-04-23,AKAM,75.87,79.57,75.55,79.2,2048243.0
6299,2025-04-24,AKAM,79.2,80.38,78.76,79.79,1307215.0
6300,2025-04-27,AKAM,79.85,81.04,79.3201,80.18,1354992.0
6301,2025-04-28,AKAM,80.06,81.465,79.5325,80.98,1267094.0
6302,2025-04-29,AKAM,79.61,80.8,78.955,80.58,1065904.0
6303,2025-04-30,AKAM,81.3,81.93,80.335,81.11,1159921.0
6304,2025-05-01,AKAM,82.21,83.04,81.64,82.54,1340815.0
6305,2025-05-04,AKAM,82.17,84.0455,81.9135,83.1,1576361.0
6306,2025-05-05,AKAM,82.54,83.56,82.15,82.87,1279374.0
6307,2025-05-06,AKAM,82.84,83.44,82.1706,82.86,2224089.0
6308,2025-05-07,AKAM,83.7,86.15,83.355,85.44,3833891.0
6309,2025-05-08,AKAM,83.0,83.89,76.2,76.25,5837365.0
6310,2025-05-11,AKAM,79.01,79.7,77.615,78.79,3567317.0
6311,2025-05-12,AKAM,79.3,79.5,78.11,78.94,2065847.0
6312,2025-05-13,AKAM,77.74,79.11,77.251,77.51,3560855.0
6313,2025-05-14,AKAM,77.39,77.39,74.85,76.51,16398074.0
6314,2025-05-15,AKAM,76.95,78.05,76.23,78.03,3469649.0
6315,2025-05-18,AKAM,76.8,78.2,76.41,77.87,2836042.0
6316,2025-05-19,AKAM,77.72,78.9,77.21,77.49,2599083.0
6317,2025-05-20,AKAM,76.53,77.79,76.2004,76.42,1704165.0
6318,2025-05-21,AKAM,76.38,78.06,76.24,77.08,3165708.0
6319,2025-05-22,AKAM,76.1,76.705,75.7501,75.84,1946743.0
6320,2025-05-26,AKAM,77.0,78.04,76.01,77.89,1845236.0
6321,2025-05-27,AKAM,77.75,77.75,76.25,76.42,1206549.0
6322,2025-05-28,AKAM,76.86,77.0,75.5,76.09,1788451.0
6323,2025-05-29,AKAM,75.78,76.21,74.75,75.93,3105155.0
6324,2025-06-01,AKAM,75.56,76.3499,74.69,76.17,1262838.0
6325,2025-06-02,AKAM,75.91,77.1,75.17,77.09,2046431.0
6326,2025-06-03,AKAM,77.03,77.86,76.55,76.6,1779445.0
6327,2025-06-04,AKAM,76.9,77.14,75.8,76.14,2584870.0
6328,2025-06-05,AKAM,76.18,77.11,76.01,77.03,1601454.0
6329,2025-06-08,AKAM,77.51,78.7,77.28,78.08,2106761.0
6330,2025-06-09,AKAM,78.22,78.85,77.925,78.27,1268963.0
6331,2025-06-10,AKAM,78.5,79.66,77.94,78.19,3617830.0
6332,2025-06-11,AKAM,77.97,79.57,77.88,78.51,2179778.0
6333,2025-06-12,AKAM,77.67,78.33,76.86,77.03,1859078.0
6334,2025-06-15,AKAM,77.52,80.03,77.175,79.99,3894763.0
6335,2025-06-16,AKAM,79.52,79.72,78.435,78.68,3440807.0
6336,2025-06-17,AKAM,78.76,79.29,77.93,78.7,2998319.0
6337,2025-06-19,AKAM,78.7,79.31,77.62,78.38,4791354.0
6338,2025-06-22,AKAM,78.05,79.38,77.2,79.28,3152926.0
6339,2025-06-23,AKAM,79.6,80.29,78.72,80.06,3717078.0
6340,2025-06-24,AKAM,80.03,80.38,79.21,79.53,1636755.0
6341,2025-06-25,AKAM,80.0,80.25,79.15,79.6,2158167.0
6342,2025-06-26,AKAM,79.73,80.27,78.77,79.6,2610140.0
6343,2025-06-29,AKAM,80.0,80.28,79.19,79.76,1947203.0
6344,2025-06-30,AKAM,79.7,80.92,79.23,79.61,1343709.0
6345,2025-07-01,AKAM,79.56,79.89,78.8142,79.46,1247720.0
6346,2025-07-02,AKAM,80.33,80.54,79.075,79.48,1159299.0
6347,2025-07-06,AKAM,78.93,79.825,78.585,79.06,1649125.0
6348,2025-07-07,AKAM,79.61,81.45,79.189,80.64,1613406.0
6349,2025-07-08,AKAM,80.89,81.04,79.72,80.63,961662.0
6350,2025-07-09,AKAM,80.59,80.61,79.23,79.44,1144647.0
6351,2025-07-10,AKAM,78.8,79.18,77.36,77.38,1254313.0
6352,2025-07-13,AKAM,77.35,78.06,76.88,77.41,1249755.0
6353,2025-07-14,AKAM,77.74,77.94,76.72,76.8,976132.0
6354,2025-07-15,AKAM,77.07,77.6,75.75,77.04,994123.0
6355,2025-07-16,AKAM,77.35,78.04,76.66,77.93,1202042.0
6356,2025-07-17,AKAM,78.41,78.81,77.65,78.69,1464106.0
6357,2025-07-20,AKAM,79.13,79.91,78.64,78.71,1175342.0
6358,2025-07-21,AKAM,78.97,80.54,78.5,80.4,1104722.0
6359,2025-07-22,AKAM,79.71,81.13,79.71,80.68,1348891.0
6360,2025-07-23,AKAM,80.24,81.3,80.09,80.71,1026044.0
6361,2025-07-24,AKAM,80.8,81.25,80.3,80.75,2285093.0
6362,2025-07-27,AKAM,80.82,80.935,79.44,79.71,1145490.0
6363,2025-07-28,AKAM,79.72,80.41,78.935,79.49,1315411.0
6364,2025-07-29,AKAM,79.49,79.52,77.81,78.06,1933675.0
6365,2025-07-30,AKAM,78.51,78.64,76.09,76.31,1727676.0
6366,2025-07-31,AKAM,76.06,76.5,73.76,74.38,2534197.0
6367,2025-08-03,AKAM,74.75,75.85,74.625,75.5,1681064.0
6368,2025-08-04,AKAM,74.94,75.23,73.44,73.65,2546024.0
6369,2025-08-05,AKAM,74.13,74.715,73.44,74.48,2175963.0
6370,2025-08-06,AKAM,75.46,75.73,72.75,74.76,4030559.0
6371,2025-08-07,AKAM,75.62,76.65,69.78,70.53,5403878.0
6372,2025-08-10,AKAM,70.96,72.98,70.42,70.61,3141764.0
6373,2025-08-11,AKAM,70.64,72.0,70.42,71.97,2879216.0
6374,2025-08-12,AKAM,72.5,75.55,72.1658,75.44,3572317.0
6375,2025-08-13,AKAM,74.41,74.98,74.01,74.27,1644082.0
6376,2025-08-14,AKAM,74.69,75.14,74.1,74.42,2011515.0
6377,2025-08-17,AKAM,74.46,75.29,73.99,75.28,1751145.0
6378,2025-08-18,AKAM,75.19,76.65,75.0,76.49,1832399.0
6379,2025-08-19,AKAM,76.37,76.63,75.46,76.06,1355166.0
6380,2025-08-20,AKAM,75.51,76.46,74.86,76.32,1533303.0
6381,2025-08-21,AKAM,76.61,78.54,75.95,77.64,1719210.0
6382,2025-08-24,AKAM,77.41,77.58,76.17,76.52,1975949.0
6383,2025-08-25,AKAM,76.58,77.2,76.245,76.94,2365468.0
6384,2025-08-26,AKAM,77.12,78.39,77.06,78.27,1081265.0
6385,2025-08-27,AKAM,78.5,78.71,77.71,78.39,1292558.0
6386,2025-08-28,AKAM,78.38,79.27,78.35,79.13,1176468.0
6387,2025-09-01,AKAM,78.17,78.41,76.32,76.98,1712973.0
6388,2025-09-02,AKAM,76.98,77.795,76.42,77.56,1494520.0
6389,2025-09-03,AKAM,77.57,77.58,76.095,77.19,2696291.0
6390,2025-09-04,AKAM,77.35,79.21,77.2964,78.56,1786681.0
6391,2025-09-07,AKAM,78.77,79.43,77.505,78.88,1928611.0
6392,2025-09-08,AKAM,78.71,78.8852,77.85,78.16,1550861.0
6393,2025-09-09,AKAM,78.13,79.16,76.505,76.75,1741435.0
6394,2025-09-10,AKAM,77.01,79.41,76.86,79.2,1641698.0
6395,2025-09-11,AKAM,79.04,79.07,76.645,76.84,1518740.0
6396,2025-09-14,AKAM,76.87,77.95,75.59,76.46,1604049.0
6397,2025-09-15,AKAM,76.57,76.9,75.675,76.38,1188701.0
6398,2025-09-16,AKAM,76.57,77.2189,74.89,75.84,1941065.0
6399,2025-09-17,AKAM,76.03,77.3,75.94,77.09,1553992.0
6400,2025-09-18,AKAM,77.62,77.62,76.02,76.28,7140509.0
6401,2025-09-21,AKAM,76.98,76.98,76.01,76.68,1350492.0
6402,2025-09-22,AKAM,76.7,76.75,75.05,75.27,1660515.0
6403,2025-09-23,AKAM,75.41,76.28,74.95,76.23,1463989.0
6404,2025-09-24,AKAM,75.89,76.0,74.93,75.38,1243725.0
6405,2025-09-25,AKAM,75.38,76.12,75.195,76.05,1610201.0
6406,2025-09-28,AKAM,76.46,76.85,75.77,76.23,1164154.0
6407,2025-09-29,AKAM,76.12,76.38,74.72,75.76,1633327.0
6408,2025-09-30,AKAM,75.56,76.12,74.56,75.84,1480305.0
6409,2025-10-01,AKAM,76.17,78.16,75.6,78.01,1634683.0
6410,2025-10-02,AKAM,78.01,79.0,77.43,77.56,1314086.0
6411,2025-10-05,AKAM,78.0,78.56,77.07,78.44,1264206.0
6412,2025-10-06,AKAM,78.62,78.92,76.41,76.6,1299754.0
6413,2025-10-07,AKAM,76.8,77.6194,76.54,76.72,1081766.0
6414,2025-10-08,AKAM,77.0,77.0297,75.21,75.5,1423884.0
6415,2025-10-09,AKAM,75.7,76.28,73.14,73.24,1684299.0
6416,2025-10-12,AKAM,74.13,74.52,73.23,73.8,1788833.0
6417,2025-10-13,AKAM,72.77,74.36,72.46,74.09,1424043.0
6418,2025-10-14,AKAM,74.33,74.535,73.149,73.67,1333266.0
6419,2025-10-15,AKAM,74.2,74.7,72.39,72.96,1473944.0
6420,2025-10-16,AKAM,72.72,73.415,72.28,72.86,2745857.0
6421,2025-10-19,AKAM,72.95,74.32,72.95,74.25,1392465.0
6422,2025-10-20,AKAM,74.25,76.52,74.0547,76.13,1555865.0
6423,2025-10-21,AKAM,75.62,76.405,74.3,74.71,1410899.0
6424,2025-10-22,AKAM,74.79,74.9999,74.2,74.61,1020579.0
6425,2025-10-23,AKAM,75.3,75.82,74.76,75.05,1566741.0
6426,2025-10-26,AKAM,75.5,76.08,75.3,75.49,1246324.0
6427,2025-10-27,AKAM,75.4,76.155,74.91,75.75,1999202.0
6428,2025-10-28,AKAM,75.96,75.965,72.92,73.01,1755229.0
6429,2025-10-29,AKAM,72.86,75.2,72.76,73.93,1625652.0
6430,2025-10-30,AKAM,73.82,75.49,73.68,75.1,1624160.0
6431,2025-11-02,AKAM,75.21,75.35,73.805,74.53,2148697.0
6432,2025-11-03,AKAM,73.95,74.13,70.82,71.97,2626519.0
6433,2025-11-04,AKAM,72.63,73.55,71.67,72.98,3185796.0
6434,2025-11-05,AKAM,73.76,73.88,71.93,73.0,3349389.0
6435,2025-11-06,AKAM,78.9,86.23,76.75,83.74,9629176.0
6436,2025-11-09,AKAM,83.81,88.465,83.0,87.12,5974684.0
6437,2025-11-10,AKAM,86.96,92.0,86.31,90.61,5596445.0
6438,2025-11-11,AKAM,90.62,91.76,89.38,90.1,3793434.0
6439,2025-11-12,AKAM,89.97,91.8545,88.2,88.67,3597241.0
6440,2025-11-13,AKAM,87.42,88.75,87.01,87.17,3715694.0
6441,2025-11-16,AKAM,87.75,88.88,86.86,87.62,3936803.0
6442,2025-11-17,AKAM,87.3,88.7599,86.0,87.74,3681740.0
6443,2025-11-18,AKAM,87.63,88.145,86.1978,86.52,3994096.0
6444,2025-11-19,AKAM,87.65,89.14,86.75,87.38,3366913.0
6445,2025-11-20,AKAM,87.83,90.24,87.25,89.01,3663132.0
6446,2025-11-23,AKAM,88.64,89.95,87.37,88.34,19566694.0
6447,2025-11-24,AKAM,88.495,91.005,87.33,90.71,3622342.0
6448,2025-11-25,AKAM,90.61,90.76,89.37,89.45,2917908.0
6449,2025-11-27,AKAM,89.47,89.93,89.34,89.52,1350948.0
6450,2025-11-30,AKAM,89.39,89.43,87.55,87.71,3200619.0
6451,2025-12-01,AKAM,88.0,88.2,86.061,86.83,2814473.0
6452,2025-12-02,AKAM,86.83,88.47,86.63,87.97,2337276.0
6453,2025-12-03,AKAM,87.82,88.12,86.295,86.6,2198854.0
6454,2025-12-04,AKAM,86.6,87.0,82.7,83.49,3069367.0
6455,2025-12-07,AKAM,83.48,85.7,83.48,85.32,2313800.0
6456,2025-12-08,AKAM,84.64,86.7445,84.06,85.66,2649408.0
6457,2025-12-09,AKAM,85.56,86.78,85.23,86.45,2214586.0
6458,2025-12-10,AKAM,86.38,87.27,85.15,85.45,1783706.0
6459,2025-12-11,AKAM,85.9,86.88,85.39,85.88,2151465.0
6460,2025-12-14,AKAM,88.03,90.04,85.31,86.53,3749784.0
6461,2025-12-15,AKAM,86.7,87.915,85.8,87.74,2188262.0
6462,2025-12-16,AKAM,87.56,89.34,87.15,87.55,2122112.0
6463,2025-12-17,AKAM,88.125,88.905,87.105,88.49,1934993.0
6464,2025-12-18,AKAM,88.395,89.75,88.3,89.22,5375261.0
6465,2025-12-21,AKAM,89.19,90.76,88.77,90.11,1744168.0
6466,2025-12-22,AKAM,89.86,89.895,88.61,89.23,1747773.0
6467,2025-12-23,AKAM,89.08,89.395,88.48,88.82,812967.0
6468,2025-12-25,AKAM,88.47,88.885,88.08,88.42,1398426.0
6469,2025-12-28,AKAM,88.03,88.97,87.8301,88.24,1541345.0
6470,2025-12-29,AKAM,88.08,88.58,87.8435,87.97,1510434.0
6471,2025-12-30,AKAM,87.7,88.2,87.205,87.25,1163224.0
6472,2026-01-01,AKAM,87.3,87.515,84.54,85.1,1638577.0
6473,2026-01-04,AKAM,85.06,87.4,85.05,85.91,1433800.0
6474,2026-01-05,AKAM,85.54,88.86,85.54,88.74,1925040.0
6475,2026-01-06,AKAM,88.15,89.11,87.22,88.18,2303669.0
6476,2026-01-07,AKAM,87.23,87.7,85.37,85.71,3044458.0
6477,2026-01-08,AKAM,86.18,88.505,85.78,88.12,3052643.0
6478,2026-01-11,AKAM,93.74,93.94,90.8227,91.27,6719191.0
6479,2026-01-12,AKAM,91.5,91.78,88.36,88.86,3024349.0
6480,2026-01-13,AKAM,88.95,91.485,88.6,90.65,2418137.0
6481,2026-01-14,AKAM,90.62,91.72,89.75,91.53,3259601.0
6482,2026-01-15,AKAM,93.14,95.035,92.57,93.49,4081417.0
6483,2026-01-19,AKAM,92.08,92.78,89.23,89.6,3335477.0
6484,2026-01-20,AKAM,90.05,94.26,89.86,93.72,3327025.0
6485,2026-01-21,AKAM,94.41,97.565,94.02,97.03,4183552.0
6486,2026-01-22,AKAM,96.53,96.99,94.89,95.08,2934099.0
6487,2024-01-28,ALB,118.65,123.28,117.38,123.2,1996433.0
6488,2024-01-29,ALB,121.27,122.99,118.8,120.31,1948692.0
6489,2024-01-30,ALB,119.25,120.1014,114.48,114.74,3653320.0
6490,2024-01-31,ALB,117.0,118.1,113.29,116.78,3398441.0
6491,2024-02-01,ALB,114.34,115.58,112.5,114.25,2853817.0
6492,2024-02-04,ALB,111.78,112.7,108.39,108.73,3891748.0
6493,2024-02-05,ALB,109.8,114.03,109.6,113.02,3043287.0
6494,2024-02-06,ALB,114.13,115.99,111.495,115.05,2427548.0
6495,2024-02-07,ALB,114.07,115.3388,112.28,114.33,2473800.0
6496,2024-02-08,ALB,113.5,116.19,113.13,115.78,2491661.0
6497,2024-02-11,ALB,115.75,122.65,115.6589,120.09,2865801.0
6498,2024-02-12,ALB,114.0,114.82,111.17,112.2,3997319.0
6499,2024-02-13,ALB,113.73,114.5,111.68,114.39,3134246.0
6500,2024-02-14,ALB,112.0,124.18,112.0,117.5,6739167.0
6501,2024-02-15,ALB,118.87,125.85,118.77,122.59,4406238.0
6502,2024-02-19,ALB,122.1,122.1,113.4,114.82,3840190.0
6503,2024-02-20,ALB,115.2,120.57,114.06,118.55,3683291.0
6504,2024-02-21,ALB,117.95,120.4,116.76,118.18,2018322.0
6505,2024-02-22,ALB,118.48,122.045,115.92,120.65,2762346.0
6506,2024-02-25,ALB,120.0,124.25,118.75,121.52,2080960.0
6507,2024-02-26,ALB,127.44,130.32,126.5,128.59,3540341.0
6508,2024-02-27,ALB,130.66,133.75,129.98,132.06,2733065.0
6509,2024-02-28,ALB,136.54,140.64,135.755,137.85,4562992.0
6510,2024-02-29,ALB,138.38,143.19,137.8804,142.8,3286278.0
6511,2024-03-03,ALB,140.15,140.22,133.12,133.2,4216881.0
6512,2024-03-04,ALB,122.06,122.44,106.69,109.4,19347681.0
6513,2024-03-05,ALB,110.28,119.83,110.28,119.59,15606715.0
6514,2024-03-06,ALB,119.05,123.29,118.2914,122.66,4235482.0
6515,2024-03-07,ALB,123.31,124.2536,118.0,118.33,3478996.0
6516,2024-03-10,ALB,119.37,125.84,119.37,124.75,4130149.0
6517,2024-03-11,ALB,127.07,128.5,121.34,123.93,3443054.0
6518,2024-03-12,ALB,122.88,126.9,122.215,125.79,2176855.0
6519,2024-03-13,ALB,122.5,123.25,119.1304,119.89,3010019.0
6520,2024-03-14,ALB,119.0,123.0,116.77,122.14,3203690.0
6521,2024-03-17,ALB,123.73,125.74,120.5,124.58,1886178.0
6522,2024-03-18,ALB,121.5,123.3639,120.25,120.54,2326612.0
6523,2024-03-19,ALB,120.27,126.73,119.5,124.45,2528950.0
6524,2024-03-20,ALB,125.85,127.565,124.12,124.86,2350942.0
6525,2024-03-21,ALB,121.99,125.13,120.79,120.86,2454915.0
6526,2024-03-24,ALB,120.58,122.23,118.25,118.35,2129335.0
6527,2024-03-25,ALB,119.25,120.535,117.28,119.01,2506078.0
6528,2024-03-26,ALB,119.65,129.02,119.64,128.8,4722632.0
6529,2024-03-27,ALB,128.98,132.42,127.27,131.74,3988818.0
6530,2024-03-31,ALB,132.0,132.8,126.88,129.18,2088134.0
6531,2024-04-01,ALB,127.05,127.79,124.9,126.48,2335610.0
6532,2024-04-02,ALB,127.29,129.99,125.4,128.87,1946285.0
6533,2024-04-03,ALB,130.41,131.01,120.92,121.12,3032916.0
6534,2024-04-04,ALB,120.24,123.74,119.64,123.45,1901100.0
6535,2024-04-07,ALB,125.19,133.09,124.5114,131.69,3560772.0
6536,2024-04-08,ALB,132.92,133.72,127.38,129.16,3003502.0
6537,2024-04-09,ALB,129.35,131.74,125.41,127.65,3605333.0
6538,2024-04-10,ALB,129.29,130.83,125.1,130.31,3169562.0
6539,2024-04-11,ALB,129.88,130.86,122.11,122.58,2805212.0
6540,2024-04-14,ALB,123.66,124.74,119.9,120.5,1943505.0
6541,2024-04-15,ALB,116.88,119.05,113.89,114.11,3493139.0
6542,2024-04-16,ALB,115.35,117.91,114.33,114.39,2080628.0
6543,2024-04-17,ALB,114.62,114.93,110.51,111.8,2208183.0
6544,2024-04-18,ALB,111.68,114.75,111.27,112.15,1976050.0
6545,2024-04-21,ALB,111.77,113.78,108.3,112.29,2281919.0
6546,2024-04-22,ALB,111.25,115.93,110.2814,114.21,1782667.0
6547,2024-04-23,ALB,114.3,115.73,112.18,115.27,2235296.0
6548,2024-04-24,ALB,113.53,115.53,111.05,114.98,1421058.0
6549,2024-04-25,ALB,116.01,118.07,114.83,116.88,1723562.0
6550,2024-04-28,ALB,122.5,125.89,122.19,125.73,3867169.0
6551,2024-04-29,ALB,122.99,124.43,119.62,120.31,3574586.0
6552,2024-04-30,ALB,120.52,123.06,117.74,119.0,2701547.0
6553,2024-05-01,ALB,117.5,127.4799,117.35,125.3,4490002.0
6554,2024-05-02,ALB,128.1,130.93,127.38,128.1,2600059.0
6555,2024-05-05,ALB,130.48,131.5,127.65,130.78,1959492.0
6556,2024-05-06,ALB,130.35,135.75,130.01,131.55,2429739.0
6557,2024-05-07,ALB,128.11,130.88,126.8,130.46,1810647.0
6558,2024-05-08,ALB,131.21,133.89,129.5001,133.55,1963887.0
6559,2024-05-09,ALB,133.9,133.9,129.0567,129.62,1920618.0
6560,2024-05-12,ALB,131.11,134.29,130.47,131.51,1562712.0
6561,2024-05-13,ALB,133.0,137.0,132.865,135.46,2161769.0
6562,2024-05-14,ALB,137.26,137.4958,126.65,127.57,3929707.0
6563,2024-05-15,ALB,128.61,130.44,126.7501,129.19,1743633.0
6564,2024-05-16,ALB,129.67,134.75,129.25,131.12,2283339.0
6565,2024-05-19,ALB,131.0,131.0,126.3,130.15,2202923.0
6566,2024-05-20,ALB,128.83,130.8,126.64,126.64,1655269.0
6567,2024-05-21,ALB,124.0,128.35,122.8016,126.48,2423548.0
6568,2024-05-22,ALB,126.76,126.76,122.67,122.95,1754358.0
6569,2024-05-23,ALB,123.96,127.7,123.64,127.59,1445741.0
6570,2024-05-27,ALB,128.28,129.5,125.895,127.76,2105265.0
6571,2024-05-28,ALB,124.71,126.36,123.41,123.44,1765868.0
6572,2024-05-29,ALB,123.57,125.94,123.32,123.78,1557753.0
6573,2024-05-30,ALB,124.19,125.3,120.205,122.59,3525435.0
6574,2024-06-02,ALB,124.84,124.84,119.79,120.89,2123759.0
6575,2024-06-03,ALB,119.75,120.63,118.04,118.31,2119612.0
6576,2024-06-04,ALB,119.06,120.275,117.48,118.65,1645837.0
6577,2024-06-05,ALB,117.0,118.52,114.43,118.18,3002649.0
6578,2024-06-06,ALB,116.78,117.56,114.23,114.94,2056806.0
6579,2024-06-09,ALB,114.0,114.89,112.4214,114.06,1701685.0
6580,2024-06-10,ALB,113.54,114.16,112.1392,113.97,1957089.0
6581,2024-06-11,ALB,117.0,118.8,111.78,112.65,2723614.0
6582,2024-06-12,ALB,111.6,113.2899,107.67,108.23,4262418.0
6583,2024-06-13,ALB,107.1,108.59,103.32,103.51,3910603.0
6584,2024-06-16,ALB,102.74,104.1633,98.95,100.63,4291355.0
6585,2024-06-17,ALB,100.36,102.5,98.7,99.54,3526940.0
6586,2024-06-19,ALB,97.7,97.9877,93.73,93.79,5663792.0
6587,2024-06-20,ALB,93.0,96.0,92.29,94.66,5567445.0
6588,2024-06-23,ALB,93.55,96.53,93.19,96.4,3280617.0
6589,2024-06-24,ALB,95.2,96.11,92.61,92.77,3220878.0
6590,2024-06-25,ALB,95.52,100.63,95.03,100.28,4847629.0
6591,2024-06-26,ALB,98.48,99.1,94.8805,96.27,4049923.0
6592,2024-06-27,ALB,96.5,96.6,93.54,95.52,4489171.0
6593,2024-06-30,ALB,95.25,97.44,94.82,97.41,2451651.0
6594,2024-07-01,ALB,98.81,102.5553,96.0,97.06,4115185.0
6595,2024-07-02,ALB,98.1,101.38,97.0,100.09,2309128.0
6596,2024-07-04,ALB,98.78,100.34,97.11,98.35,2229817.0
6597,2024-07-07,ALB,99.15,101.65,99.11,99.15,2194027.0
6598,2024-07-08,ALB,96.85,98.02,90.32,90.47,6427701.0
6599,2024-07-09,ALB,91.04,97.3,90.75,96.9,4153877.0
6600,2024-07-10,ALB,98.36,100.195,96.9101,97.95,2708662.0
6601,2024-07-11,ALB,98.98,99.7,96.8301,97.87,1968423.0
6602,2024-07-14,ALB,93.6,96.95,93.12,95.49,2640030.0
6603,2024-07-15,ALB,95.36,98.09,94.27,97.71,2586747.0
6604,2024-07-16,ALB,97.31,99.255,92.65,95.08,2469028.0
6605,2024-07-17,ALB,94.61,98.22,93.45,93.81,2324922.0
6606,2024-07-18,ALB,92.74,92.925,90.02,92.09,2235708.0
6607,2024-07-21,ALB,93.13,93.99,91.4,93.57,2075715.0
6608,2024-07-22,ALB,92.38,93.04,91.06,91.48,1896476.0
6609,2024-07-23,ALB,91.0,93.17,90.75,90.88,2100614.0
6610,2024-07-24,ALB,90.55,94.72,90.2,91.0,2776553.0
6611,2024-07-25,ALB,92.54,93.16,90.6,92.8,1868593.0
6612,2024-07-28,ALB,91.41,92.45,90.275,91.67,1915077.0
6613,2024-07-29,ALB,91.03,93.16,90.48,92.51,2449371.0
6614,2024-07-30,ALB,91.92,95.9499,91.77,93.67,5756957.0
6615,2024-07-31,ALB,94.0,99.47,91.88,93.17,4807484.0
6616,2024-08-01,ALB,88.79,88.79,82.25,86.99,5807206.0
6617,2024-08-04,ALB,80.3,85.44,79.9,83.52,5285403.0
6618,2024-08-05,ALB,84.05,84.11,79.46,79.53,3707779.0
6619,2024-08-06,ALB,82.235,84.474,79.0,79.06,3367683.0
6620,2024-08-07,ALB,80.0,83.31,79.09,81.83,3296771.0
6621,2024-08-08,ALB,82.27,82.6086,80.0,81.65,2165826.0
6622,2024-08-11,ALB,81.58,81.66,74.82,76.0,4590155.0
6623,2024-08-12,ALB,76.9,77.93,75.46,77.22,3969296.0
6624,2024-08-13,ALB,77.0,77.0,71.97,72.85,4528414.0
6625,2024-08-14,ALB,74.15,79.3136,73.5872,79.14,6098796.0
6626,2024-08-15,ALB,78.95,79.88,77.49,79.37,2921334.0
6627,2024-08-18,ALB,79.75,83.37,79.24,82.78,2947299.0
6628,2024-08-19,ALB,82.8,85.85,82.6,84.22,3463446.0
6629,2024-08-20,ALB,85.6,88.85,84.91,88.6,3287691.0
6630,2024-08-21,ALB,87.89,87.89,85.59,86.88,2588302.0
6631,2024-08-22,ALB,87.83,90.8335,87.0,90.5,2203776.0
6632,2024-08-25,ALB,91.26,91.68,88.38,88.94,2020231.0
6633,2024-08-26,ALB,88.98,89.7378,88.54,88.98,1165672.0
6634,2024-08-27,ALB,88.05,88.67,87.55,88.0,1802066.0
6635,2024-08-28,ALB,88.96,93.0,86.7925,91.65,1875089.0
6636,2024-08-29,ALB,93.0,94.69,89.53,90.25,2063275.0
6637,2024-09-02,ALB,87.3,87.999,82.7295,84.12,2748059.0
6638,2024-09-03,ALB,83.13,87.19,83.13,84.75,2158225.0
6639,2024-09-04,ALB,84.82,85.21,82.51,82.6,1421643.0
6640,2024-09-05,ALB,81.24,81.4555,75.36,76.9,3495879.0
6641,2024-09-08,ALB,78.0,79.76,76.77,78.41,2238826.0
6642,2024-09-09,ALB,78.01,78.69,75.435,78.62,2058255.0
6643,2024-09-10,ALB,90.21,91.81,84.75,89.3,6391826.0
6644,2024-09-11,ALB,89.3,89.865,86.74,88.5,2865108.0
6645,2024-09-12,ALB,88.9,89.805,85.87,87.44,2181681.0
6646,2024-09-15,ALB,87.99,90.12,86.97,89.35,1566367.0
6647,2024-09-16,ALB,90.51,91.9,89.76,89.82,1925607.0
6648,2024-09-17,ALB,90.56,90.74,86.095,86.59,3200630.0
6649,2024-09-18,ALB,90.2,90.37,87.8394,89.33,1976211.0
6650,2024-09-19,ALB,88.47,88.97,85.45,86.03,4531530.0
6651,2024-09-22,ALB,87.33,90.27,85.93,88.71,2005311.0
6652,2024-09-23,ALB,92.7,94.845,90.46,90.46,3650486.0
6653,2024-09-24,ALB,90.62,90.84,86.45,86.58,2170517.0
6654,2024-09-25,ALB,92.0,95.53,90.51,95.17,4339616.0
6655,2024-09-26,ALB,97.2,98.25,94.82,96.05,2592845.0
6656,2024-09-29,ALB,96.19,98.1,94.2,94.71,1743351.0
6657,2024-09-30,ALB,94.16,94.95,92.7114,94.32,1269896.0
6658,2024-10-01,ALB,94.39,95.63,92.56,94.07,1271390.0
6659,2024-10-02,ALB,92.05,95.0,91.9,94.31,1785640.0
6660,2024-10-03,ALB,99.2,102.1,98.4,102.09,4790855.0
6661,2024-10-06,ALB,99.88,105.24,99.59,104.47,4527155.0
6662,2024-10-07,ALB,99.85,101.5,98.95,100.26,4294959.0
6663,2024-10-08,ALB,102.19,103.38,99.7601,101.92,3759134.0
6664,2024-10-09,ALB,101.31,104.68,101.11,102.96,1840659.0
6665,2024-10-10,ALB,100.65,103.42,100.33,102.02,2426032.0
6666,2024-10-13,ALB,101.17,102.0,98.0,99.6,2352781.0
6667,2024-10-14,ALB,97.6,100.08,95.57,95.74,2645413.0
6668,2024-10-15,ALB,97.84,99.67,96.63,98.25,1875877.0
6669,2024-10-16,ALB,97.49,97.81,93.2,94.67,2992341.0
6670,2024-10-17,ALB,96.71,97.64,94.45,95.14,2082010.0
6671,2024-10-20,ALB,94.5,94.95,92.99,93.84,2276748.0
6672,2024-10-21,ALB,93.67,96.88,92.94,96.46,2363602.0
6673,2024-10-22,ALB,95.04,96.31,93.44,93.96,1958742.0
6674,2024-10-23,ALB,95.45,96.1,93.14,95.15,1422060.0
6675,2024-10-24,ALB,95.24,96.2,93.07,93.51,2046350.0
6676,2024-10-27,ALB,93.9,99.5,93.67,98.14,2383604.0
6677,2024-10-28,ALB,97.35,99.38,96.62,96.65,1409478.0
6678,2024-10-29,ALB,96.41,99.0,95.4,95.52,1318213.0
6679,2024-10-30,ALB,95.52,96.69,94.16,94.73,2197640.0
6680,2024-10-31,ALB,95.0,99.4,94.38,98.24,2431111.0
6681,2024-11-03,ALB,99.5,102.6,98.82,100.57,2339601.0
6682,2024-11-04,ALB,100.04,100.44,98.3,99.78,1548494.0
6683,2024-11-05,ALB,96.0,97.37,93.3,96.58,3228346.0
6684,2024-11-06,ALB,97.4,103.8599,94.39,99.93,3377669.0
6685,2024-11-07,ALB,98.78,100.92,97.07,100.84,2287059.0
6686,2024-11-10,ALB,104.68,111.59,103.905,110.49,4581900.0
6687,2024-11-11,ALB,106.59,108.13,102.71,102.8,2359369.0
6688,2024-11-12,ALB,108.26,111.39,107.4,108.19,3822242.0
6689,2024-11-13,ALB,108.39,109.16,101.22,102.1,2458255.0
6690,2024-11-14,ALB,102.0,103.625,99.58,103.53,2498086.0
6691,2024-11-17,ALB,103.13,104.92,102.23,104.03,1698893.0
6692,2024-11-18,ALB,107.0,107.75,103.79,106.45,2168932.0
6693,2024-11-19,ALB,105.95,110.18,105.95,109.55,2033799.0
6694,2024-11-20,ALB,107.01,110.07,106.47,108.98,1598004.0
6695,2024-11-21,ALB,106.89,109.48,104.55,108.38,1820169.0
6696,2024-11-24,ALB,110.18,111.7,108.7,109.98,2087033.0
6697,2024-11-25,ALB,108.51,109.65,106.37,106.79,1973334.0
6698,2024-11-26,ALB,107.7,109.73,106.2474,107.98,1071996.0
6699,2024-11-28,ALB,107.015,108.6,106.63,107.7,748240.0
6700,2024-12-01,ALB,107.7,111.46,106.9416,111.3,1989963.0
6701,2024-12-02,ALB,111.0,111.0,108.54,109.07,1478221.0
6702,2024-12-03,ALB,108.95,109.135,101.11,102.61,2526939.0
6703,2024-12-04,ALB,102.0,103.325,100.8,101.1,2322090.0
6704,2024-12-05,ALB,102.0,105.2,101.82,104.96,1557371.0
6705,2024-12-08,ALB,106.36,113.91,106.08,109.66,2663200.0
6706,2024-12-09,ALB,108.5,109.17,103.5,103.98,1535817.0
6707,2024-12-10,ALB,104.45,104.45,101.58,103.84,1502504.0
6708,2024-12-11,ALB,103.61,104.53,102.2,103.3,1136904.0
6709,2024-12-12,ALB,102.0,102.01,98.04,99.38,1643917.0
6710,2024-12-15,ALB,98.59,100.91,97.56,99.54,1634319.0
6711,2024-12-16,ALB,98.79,100.31,96.42,97.55,1757383.0
6712,2024-12-17,ALB,97.0,97.605,90.1,90.54,2536329.0
6713,2024-12-18,ALB,91.5,93.84,88.74,88.92,2360827.0
6714,2024-12-19,ALB,87.87,90.54,87.52,88.65,3685669.0
6715,2024-12-22,ALB,89.03,89.86,88.11,89.2,2003135.0
6716,2024-12-23,ALB,89.44,90.14,87.975,89.99,595067.0
6717,2024-12-25,ALB,89.51,90.43,88.46,89.15,1195063.0
6718,2024-12-26,ALB,88.64,90.8499,87.3,88.29,1397319.0
6719,2024-12-29,ALB,87.0,87.185,85.14,86.14,1729322.0
6720,2024-12-30,ALB,86.8,88.1889,85.29,86.08,1609680.0
6721,2025-01-01,ALB,86.44,87.99,84.41,85.23,1866236.0
6722,2025-01-02,ALB,86.0,88.26,85.19,87.79,2626822.0
6723,2025-01-05,ALB,89.99,93.06,89.495,90.19,2319636.0
6724,2025-01-06,ALB,91.0,91.73,89.002,89.98,1653566.0
6725,2025-01-07,ALB,88.81,88.81,86.65,87.38,1553841.0
6726,2025-01-09,ALB,85.7,87.38,84.88,86.53,1691288.0
6727,2025-01-12,ALB,86.04,91.51,85.74,91.51,2824571.0
6728,2025-01-13,ALB,92.65,94.7042,91.54,92.63,1890759.0
6729,2025-01-14,ALB,94.66,96.75,94.09,95.15,2288953.0
6730,2025-01-15,ALB,94.68,94.85,92.88,94.32,2082827.0
6731,2025-01-16,ALB,95.41,99.065,95.21,97.49,2049476.0
6732,2025-01-20,ALB,97.1,97.1,93.89,94.05,1921573.0
6733,2025-01-21,ALB,93.41,93.5,90.21,90.25,2427222.0
6734,2025-01-22,ALB,90.0,90.9,88.9,89.8,2775689.0
6735,2025-01-23,ALB,90.84,91.41,88.47,88.76,2297499.0
6736,2025-01-26,ALB,88.22,88.83,87.17,88.78,3132230.0
6737,2025-01-27,ALB,88.21,88.36,85.13,85.9,1888633.0
6738,2025-01-28,ALB,86.33,87.3,85.45,86.28,1678895.0
6739,2025-01-29,ALB,87.11,87.19,84.9,85.65,1929681.0
6740,2025-01-30,ALB,85.67,86.03,83.08,84.19,2786456.0
6741,2025-02-02,ALB,81.51,82.28,79.66,80.45,3322043.0
6742,2025-02-03,ALB,81.1,83.45,80.67,82.48,2446876.0
6743,2025-02-04,ALB,80.01,81.75,79.06,79.88,2619677.0
6744,2025-02-05,ALB,81.0,81.45,78.51,79.0,2240891.0
6745,2025-02-06,ALB,79.0,79.21,76.7,77.37,2649725.0
6746,2025-02-09,ALB,77.75,78.25,74.84,75.14,3077527.0
6747,2025-02-10,ALB,73.41,75.8,72.88,75.7,3349066.0
6748,2025-02-11,ALB,75.72,77.16,74.58,76.6,3431103.0
6749,2025-02-12,ALB,79.9,83.03,74.95,79.25,5153986.0
6750,2025-02-13,ALB,80.16,82.3862,79.59,81.21,2744657.0
6751,2025-02-17,ALB,80.5,84.1104,79.359,83.58,2654830.0
6752,2025-02-18,ALB,82.15,84.0,81.2,83.67,3143224.0
6753,2025-02-19,ALB,83.3,84.73,81.98,82.51,1501141.0
6754,2025-02-20,ALB,82.81,84.04,80.77,81.2,1677956.0
6755,2025-02-23,ALB,80.86,82.245,79.69,81.03,1785573.0
6756,2025-02-24,ALB,80.9,81.03,76.69,78.42,3200086.0
6757,2025-02-25,ALB,78.9,79.15,77.006,77.53,2747863.0
6758,2025-02-26,ALB,77.47,79.53,76.92,78.97,3500194.0
6759,2025-02-27,ALB,77.37,78.0,75.7075,77.03,2822235.0
6760,2025-03-02,ALB,78.77,78.77,69.81,69.95,5055356.0
6761,2025-03-03,ALB,69.0,74.1699,67.23,72.16,3852244.0
6762,2025-03-04,ALB,73.14,74.85,72.35,74.21,3400436.0
6763,2025-03-05,ALB,72.73,76.9,72.73,76.48,3772896.0
6764,2025-03-06,ALB,74.28,78.38,74.28,75.51,3451194.0
6765,2025-03-09,ALB,75.6,79.63,75.54,76.39,2849085.0
6766,2025-03-10,ALB,77.05,77.42,71.88,72.67,2582769.0
6767,2025-03-11,ALB,72.16,73.83,71.05,72.81,2199350.0
6768,2025-03-12,ALB,72.63,74.11,71.1,72.4,1658286.0
6769,2025-03-13,ALB,74.19,75.58,72.4,75.23,2761852.0
6770,2025-03-16,ALB,76.17,79.75,76.17,79.34,2763673.0
6771,2025-03-17,ALB,79.0,79.37,77.41,78.5,1934527.0
6772,2025-03-18,ALB,78.62,80.15,78.3,79.49,1984650.0
6773,2025-03-19,ALB,77.41,78.52,76.3005,77.03,2009651.0
6774,2025-03-20,ALB,75.76,77.74,75.13,77.56,4483845.0
6775,2025-03-23,ALB,78.22,79.37,77.22,77.55,1748347.0
6776,2025-03-24,ALB,77.86,79.93,77.15,77.67,1492426.0
6777,2025-03-25,ALB,77.68,78.31,74.255,75.72,1314615.0
6778,2025-03-26,ALB,74.58,75.34,73.12,74.75,1886877.0
6779,2025-03-27,ALB,74.16,74.955,71.46,72.19,1987816.0
6780,2025-03-30,ALB,70.51,72.8,69.9,72.02,1898438.0
6781,2025-03-31,ALB,71.73,72.54,69.9501,71.82,2010570.0
6782,2025-04-01,ALB,70.7,73.64,70.33,72.25,1831575.0
6783,2025-04-02,ALB,69.23,69.755,66.15,66.5,3724997.0
6784,2025-04-03,ALB,63.24,64.98,57.53,58.51,6136899.0
6785,2025-04-06,ALB,56.91,64.3,55.5,58.1,7448009.0
6786,2025-04-07,ALB,60.12,60.28,49.4303,50.76,7919026.0
6787,2025-04-08,ALB,50.67,62.09,50.235,60.47,9383367.0
6788,2025-04-09,ALB,57.11,57.5,53.55,54.71,5661931.0
6789,2025-04-10,ALB,54.55,56.95,52.78005,56.67,3362606.0
6790,2025-04-13,ALB,57.95,59.24,56.07,57.39,2745551.0
6791,2025-04-14,ALB,56.0,57.64,53.65,54.01,4050777.0
6792,2025-04-15,ALB,53.05,54.84,51.46,52.57,4277295.0
6793,2025-04-16,ALB,53.29,53.87,51.92,52.91,3117675.0
6794,2025-04-20,ALB,52.5,53.21,50.85,53.02,3122764.0
6795,2025-04-21,ALB,53.71,55.997,53.335,54.77,2805017.0
6796,2025-04-22,ALB,57.37,59.925,55.37,55.64,3699027.0
6797,2025-04-23,ALB,55.95,58.46,55.95,58.17,2274065.0
6798,2025-04-24,ALB,57.39,58.25,56.65,57.73,3065803.0
6799,2025-04-27,ALB,57.88,60.31,57.43,58.55,2698960.0
6800,2025-04-28,ALB,58.84,59.955,58.655,59.46,2826316.0
6801,2025-04-29,ALB,57.0,58.68,56.21,58.55,6029819.0
6802,2025-04-30,ALB,61.37,63.455,58.38,59.32,5229821.0
6803,2025-05-01,ALB,60.47,62.06,58.6301,60.3,3471787.0
6804,2025-05-04,ALB,59.59,60.2,57.64,57.94,2589559.0
6805,2025-05-05,ALB,56.77,58.67,56.77,57.49,2475517.0
6806,2025-05-06,ALB,58.0,58.0,55.64,56.06,2895567.0
6807,2025-05-07,ALB,57.01,58.75,56.5,57.44,3404193.0
6808,2025-05-08,ALB,57.71,58.6199,57.07,57.93,2163324.0
6809,2025-05-11,ALB,62.6,63.64,60.8001,61.57,3994589.0
6810,2025-05-12,ALB,61.58,62.35,60.97,61.86,3563888.0
6811,2025-05-13,ALB,62.485,62.79,60.46,61.08,3093852.0
6812,2025-05-14,ALB,60.02,60.35,58.57,60.32,3244021.0
6813,2025-05-15,ALB,59.91,60.78,57.83,60.21,3821677.0
6814,2025-05-18,ALB,58.48,59.86,57.36,59.24,4076824.0
6815,2025-05-19,ALB,59.12,60.49,58.63,59.32,2416564.0
6816,2025-05-20,ALB,58.55,58.97,56.385,56.44,2505973.0
6817,2025-05-21,ALB,56.47,58.14,55.48,57.94,2905729.0
6818,2025-05-22,ALB,56.61,57.9,56.31,57.61,2710552.0
6819,2025-05-26,ALB,58.38,58.89,56.67,58.79,3263825.0
6820,2025-05-27,ALB,58.6,59.17,57.34,58.05,2430547.0
6821,2025-05-28,ALB,58.5,59.03,56.75,57.49,2867531.0
6822,2025-05-29,ALB,56.65,56.69,54.81,55.76,11048682.0
6823,2025-06-01,ALB,56.4,56.4,54.28,55.09,3667112.0
6824,2025-06-02,ALB,55.04,57.22,53.7,57.01,2976997.0
6825,2025-06-03,ALB,57.77,60.156,57.4941,59.7,4078167.0
6826,2025-06-04,ALB,61.0,62.1838,57.83,58.64,3632974.0
6827,2025-06-05,ALB,60.04,60.7699,59.29,59.83,2176055.0
6828,2025-06-08,ALB,60.61,63.35,60.47,62.3,3391905.0
6829,2025-06-09,ALB,63.21,64.55,62.72,64.2,3023248.0
6830,2025-06-10,ALB,65.61,65.75,63.84,65.08,3823636.0
6831,2025-06-11,ALB,64.02,64.23,62.22,62.48,3003324.0
6832,2025-06-12,ALB,61.2,62.99,60.28,60.72,2500753.0
6833,2025-06-15,ALB,62.0,62.23,60.7,60.96,2333181.0
6834,2025-06-16,ALB,60.645,60.68,58.8015,59.69,2560176.0
6835,2025-06-17,ALB,59.15,60.52,59.04,59.4,2872885.0
6836,2025-06-19,ALB,59.49,59.83,56.65,56.66,5545457.0
6837,2025-06-22,ALB,56.65,57.97,55.9,57.82,3791433.0
6838,2025-06-23,ALB,58.65,61.23,58.6,60.18,3124670.0
6839,2025-06-24,ALB,60.16,61.15,58.85,60.38,2724767.0
6840,2025-06-25,ALB,62.37,65.12,62.09,63.75,4053974.0
6841,2025-06-26,ALB,65.28,66.67,64.04,64.95,4137347.0
6842,2025-06-29,ALB,64.805,64.805,62.05,62.67,3077662.0
6843,2025-06-30,ALB,62.25,64.02,60.64,62.9,3242624.0
6844,2025-07-01,ALB,65.52,68.93,64.41,67.99,4458440.0
6845,2025-07-02,ALB,68.61,69.49,66.84,67.21,2322265.0
6846,2025-07-06,ALB,66.55,67.28,64.24,65.5,2956562.0
6847,2025-07-07,ALB,66.03,72.17,65.95,70.22,7275311.0
6848,2025-07-08,ALB,70.28,71.21,68.61,70.79,4021438.0
6849,2025-07-09,ALB,71.755,76.28,71.5,74.27,5719669.0
6850,2025-07-10,ALB,70.3,71.928,70.2154,70.98,4091993.0
6851,2025-07-13,ALB,70.79,73.48,70.23,71.87,2711930.0
6852,2025-07-14,ALB,72.77,72.88,69.89,70.02,4674046.0
6853,2025-07-15,ALB,70.14,71.0,69.08,70.41,2880116.0
6854,2025-07-16,ALB,72.45,76.66325,72.235,75.74,7862008.0
6855,2025-07-17,ALB,77.31,79.62,76.15,77.07,6224422.0
6856,2025-07-20,ALB,79.85,81.1,76.82,77.15,3690761.0
6857,2025-07-21,ALB,78.7,83.565,78.5,83.24,6714200.0
6858,2025-07-22,ALB,81.4,82.1774,77.94,78.79,5139031.0
6859,2025-07-23,ALB,82.505,86.19,81.78,84.18,7765039.0
6860,2025-07-24,ALB,84.67,84.82,82.0,83.74,5379512.0
6861,2025-07-27,ALB,79.0,80.8774,74.185,74.77,10165461.0
6862,2025-07-28,ALB,73.81,74.44,71.0,71.6,6543163.0
6863,2025-07-29,ALB,71.765,71.84,68.44,68.89,4953476.0
6864,2025-07-30,ALB,70.045,70.08,65.2932,67.85,8469121.0
6865,2025-07-31,ALB,66.81,68.57,64.95,67.9,4282556.0
6866,2025-08-03,ALB,68.23,69.31,67.9,68.56,3261255.0
6867,2025-08-04,ALB,69.31,69.45,66.665,68.25,2210070.0
6868,2025-08-05,ALB,68.77,69.15,66.89,67.3,2106179.0
6869,2025-08-06,ALB,69.86,73.84,69.805,70.06,5435424.0
6870,2025-08-07,ALB,72.2,76.8925,71.476,75.48,7616710.0
6871,2025-08-10,ALB,84.765,87.45,79.92,80.76,12471469.0
6872,2025-08-11,ALB,78.24,80.59,75.44,77.98,5415705.0
6873,2025-08-12,ALB,81.1,82.2,79.25,81.67,3990385.0
6874,2025-08-13,ALB,79.99,81.68,79.3601,81.43,3495739.0
6875,2025-08-14,ALB,81.27,82.71,81.1,82.19,2842349.0
6876,2025-08-17,ALB,81.67,84.79,81.67,83.09,4375862.0
6877,2025-08-18,ALB,82.3,83.0,80.31,80.55,3810844.0
6878,2025-08-19,ALB,77.05,79.49,75.88,78.12,3456448.0
6879,2025-08-20,ALB,77.38,79.74,76.884,78.94,2887811.0
6880,2025-08-21,ALB,77.335,82.63,77.15,81.34,2876202.0
6881,2025-08-24,ALB,80.73,82.29,80.03,81.29,2412179.0
6882,2025-08-25,ALB,82.07,83.45,81.01,81.53,2495915.0
6883,2025-08-26,ALB,81.48,87.97,81.4,87.68,5504638.0
6884,2025-08-27,ALB,86.7,86.98,83.72,84.92,3539492.0
6885,2025-08-28,ALB,85.63,87.075,84.63,84.92,1738858.0
6886,2025-09-01,ALB,81.99,82.19,79.1402,79.54,4041594.0
6887,2025-09-02,ALB,79.17,80.85,78.61,80.11,1925998.0
6888,2025-09-03,ALB,79.53,79.745,78.15,79.27,3900531.0
6889,2025-09-04,ALB,82.21,84.89,80.86,81.54,4805519.0
6890,2025-09-07,ALB,82.15,82.66,80.07,82.0,2332692.0
6891,2025-09-08,ALB,75.22,76.0,71.385,72.58,13545169.0
6892,2025-09-09,ALB,73.29,74.73,72.105,73.32,5511299.0
6893,2025-09-10,ALB,71.84,76.14,71.25,75.05,3595608.0
6894,2025-09-11,ALB,74.24,76.34,73.0949,75.98,2508557.0
6895,2025-09-14,ALB,78.09,81.66,77.5,81.04,5011902.0
6896,2025-09-15,ALB,80.77,82.0,79.92,80.94,2255678.0
6897,2025-09-16,ALB,80.89,82.45,78.91,80.16,2616696.0
6898,2025-09-17,ALB,80.95,81.6,79.33,80.93,2218053.0
6899,2025-09-18,ALB,82.1,83.93,81.31,81.84,3672562.0
6900,2025-09-21,ALB,80.44,82.49,79.88,80.38,2537391.0
6901,2025-09-22,ALB,80.86,83.39,79.59,80.12,2249026.0
6902,2025-09-23,ALB,83.5,85.605,81.14,81.58,3532702.0
6903,2025-09-24,ALB,81.71,87.3,80.29,84.83,4456002.0
6904,2025-09-25,ALB,83.91,89.3495,83.4,88.1,4186636.0
6905,2025-09-28,ALB,90.58,91.3099,86.03,86.88,3344095.0
6906,2025-09-29,ALB,85.5,85.564,79.3,81.08,5385642.0
6907,2025-09-30,ALB,81.97,85.58,81.97,84.47,3616433.0
6908,2025-10-01,ALB,85.0,90.094,84.72,87.61,3121684.0
6909,2025-10-02,ALB,87.12,89.1999,85.85,88.22,2570442.0
6910,2025-10-05,ALB,89.6,93.73,88.5,92.03,3402625.0
6911,2025-10-06,ALB,91.9,93.13,89.01,90.53,2238855.0
6912,2025-10-07,ALB,91.955,92.85,89.6901,91.69,2518874.0
6913,2025-10-08,ALB,95.62,99.86,94.4525,96.5,5594888.0
6914,2025-10-09,ALB,95.4,96.16,89.7511,89.86,4302609.0
6915,2025-10-12,ALB,92.03,99.13,92.0,96.34,4161019.0
6916,2025-10-13,ALB,92.65,97.67,91.0,96.24,3624841.0
6917,2025-10-14,ALB,98.04,99.49,95.57,98.16,3313204.0
6918,2025-10-15,ALB,98.54,99.15,94.29,95.29,2606656.0
6919,2025-10-16,ALB,93.43,96.0,91.5,92.74,3547340.0
6920,2025-10-19,ALB,94.0,97.69,94.0,96.14,2927084.0
6921,2025-10-20,ALB,94.5,94.86,90.92,91.34,2486929.0
6922,2025-10-21,ALB,90.8,91.99,88.76,91.27,1984347.0
6923,2025-10-22,ALB,94.5,98.06,93.955,97.36,3455718.0
6924,2025-10-23,ALB,100.17,106.955,99.65,105.64,5109652.0
6925,2025-10-26,ALB,103.77,105.4699,95.69,96.23,4094682.0
6926,2025-10-27,ALB,97.0,97.1499,94.7683,96.68,2509917.0
6927,2025-10-28,ALB,96.8,101.035,96.45,97.8,2278695.0
6928,2025-10-29,ALB,99.0,100.62,96.58,97.89,2366873.0
6929,2025-10-30,ALB,96.9,99.97,96.5,98.23,4022240.0
6930,2025-11-02,ALB,97.54,99.4,95.08,96.53,2737459.0
6931,2025-11-03,ALB,91.71,92.5,88.01,88.45,5264282.0
6932,2025-11-04,ALB,90.39,92.87,89.1,91.96,3369752.0
6933,2025-11-05,ALB,94.0,97.104,91.0,91.26,3772790.0
6934,2025-11-06,ALB,90.17,98.4215,90.01,97.18,4482756.0
6935,2025-11-09,ALB,101.42,104.6,100.0,103.58,3390207.0
6936,2025-11-10,ALB,102.5,103.89,101.18,103.88,2655430.0
6937,2025-11-11,ALB,105.41,110.63,104.94,110.32,4399051.0
6938,2025-11-12,ALB,112.35,119.28,112.02,114.57,7195885.0
6939,2025-11-13,ALB,108.9,117.345,107.63,115.14,4691571.0
6940,2025-11-16,ALB,120.01,125.8495,117.66,117.7,7466634.0
6941,2025-11-17,ALB,116.37,122.42,114.91,121.39,4524125.0
6942,2025-11-18,ALB,123.39,127.07,122.655,125.68,3631732.0
6943,2025-11-19,ALB,121.08,125.85,115.68,116.42,5683154.0
6944,2025-11-20,ALB,113.07,119.32,110.5829,116.82,4858584.0
6945,2025-11-23,ALB,114.48,116.76,113.505,115.88,2844252.0
6946,2025-11-24,ALB,119.71,125.776,117.9245,125.26,3548524.0
6947,2025-11-25,ALB,124.08,127.7,122.1294,126.91,3060151.0
6948,2025-11-27,ALB,127.79,130.56,126.5,129.99,1285312.0
6949,2025-11-30,ALB,128.47,132.9,128.11,128.33,4016975.0
6950,2025-12-01,ALB,130.26,130.26,127.135,128.14,2037088.0
6951,2025-12-02,ALB,124.5,127.05,123.43,126.49,4144959.0
6952,2025-12-03,ALB,125.32,126.49,117.6054,119.14,4241891.0
6953,2025-12-04,ALB,123.81,129.88,122.7,125.19,5265002.0
6954,2025-12-07,ALB,128.28,128.39,124.7204,127.2,3602785.0
6955,2025-12-08,ALB,126.94,131.9,126.55,129.29,2362908.0
6956,2025-12-09,ALB,131.0,134.37,129.73,133.21,2764351.0
6957,2025-12-10,ALB,133.18,135.13,132.01,134.59,2291642.0
6958,2025-12-11,ALB,136.1,136.1,129.8901,132.74,2775351.0
6959,2025-12-14,ALB,132.96,134.35,130.6801,132.22,2080571.0
6960,2025-12-15,ALB,131.92,134.48,130.4,131.07,2349312.0
6961,2025-12-16,ALB,135.2,138.69,134.43,134.71,3105293.0
6962,2025-12-17,ALB,135.4,140.78,133.88,140.48,3387597.0
6963,2025-12-18,ALB,142.51,149.82,142.0,145.88,6845036.0
6964,2025-12-21,ALB,146.9,150.72,143.84,145.38,3573572.0
6965,2025-12-22,ALB,147.98,149.88,146.21,146.7,1736665.0
6966,2025-12-23,ALB,144.0,148.51,143.5199,148.51,1181702.0
6967,2025-12-25,ALB,150.28,152.08,147.74,150.01,1442193.0
6968,2025-12-28,ALB,144.72,146.4499,141.25,144.58,2821961.0
6969,2025-12-29,ALB,145.06,145.4234,141.662,142.01,1660199.0
6970,2025-12-30,ALB,141.27,142.75,140.7,141.44,1742079.0
6971,2026-01-01,ALB,143.77,144.75,141.43,143.93,2992850.0
6972,2026-01-04,ALB,146.28,148.67,145.06,146.13,3112853.0
6973,2026-01-05,ALB,150.85,164.98,150.29,158.15,5627828.0
6974,2026-01-06,ALB,160.0,164.7999,157.21,161.57,4198828.0
6975,2026-01-07,ALB,159.3,162.59,155.34,158.31,3332823.0
6976,2026-01-08,ALB,158.07,162.98,157.0,161.29,2824363.0
6977,2026-01-11,ALB,167.94,169.62,164.5,169.33,3422585.0
6978,2026-01-12,ALB,175.0,177.67,172.75,176.88,3411540.0
6979,2026-01-13,ALB,175.38,179.14,171.68,177.55,2538465.0
6980,2026-01-14,ALB,177.55,179.1,170.8,173.78,3143946.0
6981,2026-01-15,ALB,166.2,166.48,161.76,163.04,4817629.0
6982,2026-01-19,ALB,161.4,172.62,160.02,172.54,4535304.0
6983,2026-01-20,ALB,175.78,181.055,175.78,180.06,4493689.0
6984,2026-01-21,ALB,179.3,189.1799,178.48,188.32,4220350.0
6985,2026-01-22,ALB,188.68,191.97,185.21,189.51,3022607.0
6986,2024-01-28,ARE,124.7,126.805,123.99,126.44,1646813.0
6987,2024-01-29,ARE,124.49,124.7,121.15,121.2,1791946.0
6988,2024-01-30,ARE,122.03,125.05,119.12,120.9,1513009.0
6989,2024-01-31,ARE,120.5,122.53,117.43,122.47,1323422.0
6990,2024-02-01,ARE,119.69,122.01,117.8,121.46,1853428.0
6991,2024-02-04,ARE,119.16,119.46,117.53,118.01,1316266.0
6992,2024-02-05,ARE,117.73,119.52,117.27,117.63,1501887.0
6993,2024-02-06,ARE,118.0,118.5,115.995,117.22,1097933.0
6994,2024-02-07,ARE,116.77,118.89,116.4768,117.9,1028089.0
6995,2024-02-08,ARE,117.23,118.1805,114.8,116.2,1259181.0
6996,2024-02-11,ARE,116.89,119.19,116.89,117.95,1251448.0
6997,2024-02-12,ARE,113.91,114.01,111.19,112.77,1279465.0
6998,2024-02-13,ARE,113.8,114.515,112.59,113.34,1304264.0
6999,2024-02-14,ARE,114.8,119.45,114.8,119.38,933874.0
7000,2024-02-15,ARE,116.96,119.91,116.67,119.28,882712.0
7001,2024-02-19,ARE,118.05,119.31,117.57,118.83,899318.0
7002,2024-02-20,ARE,118.8,121.57,118.0634,121.42,1009557.0
7003,2024-02-21,ARE,121.63,122.26,119.95,121.07,1290109.0
7004,2024-02-22,ARE,121.09,123.2,120.72,121.93,803623.0
7005,2024-02-25,ARE,121.5,121.625,118.435,119.11,769151.0
7006,2024-02-26,ARE,120.51,122.1,120.1,121.7,939998.0
7007,2024-02-27,ARE,120.53,124.132,120.415,121.4,1358329.0
7008,2024-02-28,ARE,123.3,126.635,122.56,124.73,1851251.0
7009,2024-02-29,ARE,123.91,124.41,121.75,124.27,948515.0
7010,2024-03-03,ARE,124.26,126.72,122.28,126.01,1043580.0
7011,2024-03-04,ARE,125.04,126.045,123.7,124.12,879548.0
7012,2024-03-05,ARE,125.57,125.6748,122.48,123.6,873058.0
7013,2024-03-06,ARE,124.5,125.23,123.65,124.15,646355.0
7014,2024-03-07,ARE,125.86,127.99,125.7809,127.17,813035.0
7015,2024-03-10,ARE,127.0,128.37,126.68,126.87,942177.0
7016,2024-03-11,ARE,126.51,127.23,124.26,125.95,627514.0
7017,2024-03-12,ARE,126.13,127.42,124.78,125.19,767406.0
7018,2024-03-13,ARE,124.45,124.705,121.31,123.49,1261850.0
7019,2024-03-14,ARE,121.98,124.88,121.98,123.75,2083748.0
7020,2024-03-17,ARE,124.1,124.83,122.97,123.44,903936.0
7021,2024-03-18,ARE,123.12,124.321,122.2,123.51,630431.0
7022,2024-03-19,ARE,122.91,127.01,122.8,126.16,916531.0
7023,2024-03-20,ARE,127.21,129.75,126.46,128.59,959081.0
7024,2024-03-21,ARE,128.9,129.23,124.87,125.53,858159.0
7025,2024-03-24,ARE,126.08,127.5,126.08,126.47,1235179.0
7026,2024-03-25,ARE,127.07,127.07,124.04,124.19,1046593.0
7027,2024-03-26,ARE,124.4,127.71,123.94,127.68,1162687.0
7028,2024-03-27,ARE,128.45,129.65,128.36,128.91,812340.0
7029,2024-03-31,ARE,129.34,129.34,125.23,125.5,616226.0
7030,2024-04-01,ARE,123.93,124.68,122.69,123.97,722990.0
7031,2024-04-02,ARE,123.82,124.09,122.35,123.5,614165.0
7032,2024-04-03,ARE,125.18,125.955,122.275,122.51,654371.0
7033,2024-04-04,ARE,121.28,124.82,121.0,124.58,551084.0
7034,2024-04-07,ARE,125.5,126.9,125.35,126.71,716824.0
7035,2024-04-08,ARE,127.25,129.8099,127.23,129.6,724844.0
7036,2024-04-09,ARE,124.57,124.71,121.72,122.76,689829.0
7037,2024-04-10,ARE,123.83,124.7,121.88,123.9,691619.0
7038,2024-04-11,ARE,123.6,123.62,121.235,121.84,535410.0
7039,2024-04-14,ARE,123.51,123.85,118.42,119.18,572877.0
7040,2024-04-15,ARE,118.5,118.5,116.16,116.99,778107.0
7041,2024-04-16,ARE,117.29,118.36,116.41,116.45,611491.0
7042,2024-04-17,ARE,117.2,117.475,114.66,116.51,1137258.0
7043,2024-04-18,ARE,117.22,118.45,115.06,115.69,951586.0
7044,2024-04-21,ARE,116.36,118.86,115.72,118.57,1050274.0
7045,2024-04-22,ARE,121.29,123.195,119.29,119.49,1239757.0
7046,2024-04-23,ARE,118.15,119.825,116.885,119.65,879340.0
7047,2024-04-24,ARE,117.46,118.24,115.49,117.3,1382787.0
7048,2024-04-25,ARE,117.53,118.905,116.19,116.24,888255.0
7049,2024-04-28,ARE,117.99,119.17,117.35,119.15,704901.0
7050,2024-04-29,ARE,117.91,118.64,115.75,115.87,1054156.0
7051,2024-04-30,ARE,115.63,120.01,115.0,116.79,770095.0
7052,2024-05-01,ARE,118.36,118.36,116.165,118.17,815876.0
7053,2024-05-02,ARE,120.9,122.3,119.43,120.51,706001.0
7054,2024-05-05,ARE,121.88,122.08,119.235,119.87,510291.0
7055,2024-05-06,ARE,121.3,121.56,119.16,119.71,663619.0
7056,2024-05-07,ARE,118.67,118.96,117.58,118.1,515263.0
7057,2024-05-08,ARE,118.63,121.255,118.48,120.54,428590.0
7058,2024-05-09,ARE,121.22,122.03,120.66,121.59,551685.0
7059,2024-05-12,ARE,122.55,122.64,120.025,120.72,407308.0
7060,2024-05-13,ARE,122.25,124.325,122.23,124.02,690535.0
7061,2024-05-14,ARE,126.81,127.17,124.96,125.17,745504.0
7062,2024-05-15,ARE,125.17,125.705,124.0,124.06,771626.0
7063,2024-05-16,ARE,124.59,124.6499,123.08,124.17,486598.0
7064,2024-05-19,ARE,124.17,124.45,123.45,123.71,380779.0
7065,2024-05-20,ARE,123.04,124.26,122.84,123.49,484427.0
7066,2024-05-21,ARE,123.12,124.445,122.14,122.78,573690.0
7067,2024-05-22,ARE,122.13,122.63,118.13,118.59,702957.0
7068,2024-05-23,ARE,119.21,120.0,118.21,118.4,486163.0
7069,2024-05-27,ARE,119.2,119.9999,116.86,116.97,754082.0
7070,2024-05-28,ARE,114.83,115.49,113.78,115.25,684135.0
7071,2024-05-29,ARE,116.3,117.21,115.5615,116.3,839539.0
7072,2024-05-30,ARE,117.31,119.07,116.33,119.0,2160642.0
7073,2024-06-02,ARE,119.52,119.52,117.13,117.67,1318247.0
7074,2024-06-03,ARE,117.03,118.86,117.03,117.51,888118.0
7075,2024-06-04,ARE,117.65,117.7359,115.83,116.32,782570.0
7076,2024-06-05,ARE,115.18,116.985,114.55,116.41,703386.0
7077,2024-06-06,ARE,114.1,115.7,112.68,114.49,987697.0
7078,2024-06-09,ARE,113.85,115.105,112.77,113.92,781893.0
7079,2024-06-10,ARE,113.5,114.58,113.42,113.56,859066.0
7080,2024-06-11,ARE,117.44,119.33,115.31,115.73,928318.0
7081,2024-06-12,ARE,116.1,118.2,115.02,117.08,616589.0
7082,2024-06-13,ARE,116.21,117.39,115.63,116.32,495543.0
7083,2024-06-16,ARE,115.7,116.4,114.69,115.17,780285.0
7084,2024-06-17,ARE,115.37,116.235,114.63,115.67,667443.0
7085,2024-06-19,ARE,115.21,116.215,114.77,115.34,758201.0
7086,2024-06-20,ARE,115.67,116.66,115.185,116.56,1936393.0
7087,2024-06-23,ARE,117.0,118.69,116.43,118.03,840932.0
7088,2024-06-24,ARE,117.67,118.47,115.0,116.27,702138.0
7089,2024-06-25,ARE,115.37,116.36,115.14,115.68,588545.0
7090,2024-06-26,ARE,115.61,116.42,114.67,116.39,562497.0
7091,2024-06-27,ARE,115.76,117.1,115.03,116.97,1097279.0
7092,2024-06-30,ARE,116.29,117.69,114.8,115.81,742180.0
7093,2024-07-01,ARE,116.25,117.18,115.66,117.06,731731.0
7094,2024-07-02,ARE,117.27,118.72,117.09,117.09,373079.0
7095,2024-07-04,ARE,117.22,118.0629,116.335,116.8,534372.0
7096,2024-07-07,ARE,117.1,117.79,115.85,116.65,429877.0
7097,2024-07-08,ARE,116.32,116.705,115.11,116.04,599808.0
7098,2024-07-09,ARE,116.49,117.0,115.42,116.94,640054.0
7099,2024-07-10,ARE,119.93,125.09,119.5,124.83,1373446.0
7100,2024-07-11,ARE,126.26,128.8269,125.801,126.02,1566897.0
7101,2024-07-14,ARE,126.05,127.41,125.22,127.06,674721.0
7102,2024-07-15,ARE,128.48,128.805,127.19,127.59,687764.0
7103,2024-07-16,ARE,127.24,129.195,127.1,129.08,726477.0
7104,2024-07-17,ARE,128.39,130.14,126.18,126.32,702849.0
7105,2024-07-18,ARE,126.41,126.55,124.17,125.21,918590.0
7106,2024-07-21,ARE,125.4,126.37,124.31,125.84,931082.0
7107,2024-07-22,ARE,124.01,125.3,119.32,121.41,1864646.0
7108,2024-07-23,ARE,120.99,120.99,115.57,115.57,1568264.0
7109,2024-07-24,ARE,115.16,116.88,114.63,116.01,1328450.0
7110,2024-07-25,ARE,117.16,119.65,117.0001,118.92,920099.0
7111,2024-07-28,ARE,117.43,118.38,116.47,117.42,735131.0
7112,2024-07-29,ARE,117.86,119.17,116.96,119.02,1094832.0
7113,2024-07-30,ARE,118.93,120.08,117.14,117.29,1181433.0
7114,2024-07-31,ARE,118.45,118.74,113.77,115.02,1180146.0
7115,2024-08-01,ARE,113.78,114.67,111.28,113.36,1659539.0
7116,2024-08-04,ARE,110.84,114.1099,108.61,112.14,1271849.0
7117,2024-08-05,ARE,112.27,117.27,112.1,115.22,1167197.0
7118,2024-08-06,ARE,116.3,116.7,112.05,112.29,1037961.0
7119,2024-08-07,ARE,112.3,113.84,111.93,113.28,655260.0
7120,2024-08-08,ARE,113.78,113.96,112.38,113.65,442569.0
7121,2024-08-11,ARE,113.18,113.51,111.04,111.59,814514.0
7122,2024-08-12,ARE,112.74,114.04,111.57,113.66,685646.0
7123,2024-08-13,ARE,114.1,114.76,113.14,113.24,527183.0
7124,2024-08-14,ARE,113.7,115.985,112.92,115.04,762605.0
7125,2024-08-15,ARE,114.85,115.54,114.0,114.69,851322.0
7126,2024-08-18,ARE,114.85,115.67,114.66,115.62,627884.0
7127,2024-08-19,ARE,115.41,115.755,114.71,114.81,455286.0
7128,2024-08-20,ARE,115.15,115.89,114.11,115.81,623856.0
7129,2024-08-21,ARE,115.89,118.79,115.44,118.36,1353349.0
7130,2024-08-22,ARE,118.85,122.21,118.335,121.2,819124.0
7131,2024-08-25,ARE,122.52,123.25,120.78,121.65,1278456.0
7132,2024-08-26,ARE,120.96,121.045,119.38,120.56,536636.0
7133,2024-08-27,ARE,120.25,120.88,118.81,119.11,705407.0
7134,2024-08-28,ARE,119.11,119.33,116.92,117.82,1083509.0
7135,2024-08-29,ARE,118.78,119.62,117.37,119.57,1036967.0
7136,2024-09-02,ARE,118.79,119.075,117.65,118.43,812619.0
7137,2024-09-03,ARE,118.74,120.36,116.82,117.59,732295.0
7138,2024-09-04,ARE,118.58,119.62,117.19,117.38,726074.0
7139,2024-09-05,ARE,117.835,117.835,115.47,116.29,770533.0
7140,2024-09-08,ARE,116.49,118.97,115.99,118.25,907961.0
7141,2024-09-09,ARE,119.17,120.4,118.28,119.76,899560.0
7142,2024-09-10,ARE,118.42,120.72,116.895,120.58,1334004.0
7143,2024-09-11,ARE,120.72,122.47,119.23,121.91,829367.0
7144,2024-09-12,ARE,122.95,125.63,122.75,124.42,1966031.0
7145,2024-09-15,ARE,124.87,125.63,123.34,124.71,923436.0
7146,2024-09-16,ARE,124.93,125.5399,123.2,124.01,904300.0
7147,2024-09-17,ARE,124.01,125.525,123.0,123.86,1434826.0
7148,2024-09-18,ARE,125.42,125.5,122.01,122.22,1429216.0
7149,2024-09-19,ARE,121.35,121.93,119.77,121.25,1960628.0
7150,2024-09-22,ARE,121.94,122.47,121.48,122.18,690999.0
7151,2024-09-23,ARE,121.77,125.22,121.25,124.41,1077113.0
7152,2024-09-24,ARE,124.75,125.6,123.73,124.26,1271191.0
7153,2024-09-25,ARE,125.51,125.51,121.21,121.59,1116073.0
7154,2024-09-26,ARE,123.0,123.765,120.89,121.02,1115111.0
7155,2024-09-29,ARE,118.86,120.38,117.08,118.75,2064032.0
7156,2024-09-30,ARE,119.06,119.73,116.54,117.11,1708378.0
7157,2024-10-01,ARE,115.86,116.695,114.81,116.24,1713715.0
7158,2024-10-02,ARE,115.52,116.25,114.11,115.38,1024815.0
7159,2024-10-03,ARE,115.02,115.265,112.94,114.9,1079904.0
7160,2024-10-06,ARE,114.29,114.41,112.3701,113.56,1004748.0
7161,2024-10-07,ARE,113.8,114.0,112.5825,113.8,917095.0
7162,2024-10-08,ARE,114.17,114.41,113.08,114.41,745765.0
7163,2024-10-09,ARE,114.09,115.14,113.9201,115.1,1525623.0
7164,2024-10-10,ARE,115.8,118.01,115.8,117.6,1251482.0
7165,2024-10-13,ARE,117.27,120.06,116.875,120.0,1163064.0
7166,2024-10-14,ARE,120.67,122.63,120.53,121.2,1127703.0
7167,2024-10-15,ARE,122.08,123.1,121.68,122.67,750012.0
7168,2024-10-16,ARE,122.17,122.67,121.15,121.25,1266406.0
7169,2024-10-17,ARE,122.25,122.25,120.96,121.79,1760136.0
7170,2024-10-20,ARE,121.51,121.7,119.285,119.52,1805833.0
7171,2024-10-21,ARE,120.65,120.65,115.79,117.97,2143983.0
7172,2024-10-22,ARE,118.05,121.2,117.66,119.9,1934185.0
7173,2024-10-23,ARE,119.53,120.58,116.3,116.35,1500036.0
7174,2024-10-24,ARE,116.2,116.9,112.98,113.02,1215553.0
7175,2024-10-27,ARE,113.9,114.53,112.63,112.72,1188074.0
7176,2024-10-28,ARE,112.72,113.07,111.375,111.65,1389251.0
7177,2024-10-29,ARE,111.78,114.8,111.5,113.41,1527604.0
7178,2024-10-30,ARE,112.6,113.48,111.37,111.55,1428507.0
7179,2024-10-31,ARE,112.57,112.94,110.54,110.86,1114108.0
7180,2024-11-03,ARE,111.45,113.05,111.11,112.99,1123850.0
7181,2024-11-04,ARE,112.0,114.16,111.95,113.84,792463.0
7182,2024-11-05,ARE,114.5,116.52,110.7,113.04,1228799.0
7183,2024-11-06,ARE,112.95,113.98,112.2001,113.72,731790.0
7184,2024-11-07,ARE,113.6,114.55,113.17,114.04,876939.0
7185,2024-11-10,ARE,114.0,114.69,110.94,111.36,1770295.0
7186,2024-11-11,ARE,110.78,111.4775,108.19,108.33,1034696.0
7187,2024-11-12,ARE,109.52,110.54,108.62,109.03,866678.0
7188,2024-11-13,ARE,108.84,109.43,107.98,108.27,1012772.0
7189,2024-11-14,ARE,106.79,107.532,104.9,105.58,1257878.0
7190,2024-11-17,ARE,104.92,105.3,103.6756,105.22,1744564.0
7191,2024-11-18,ARE,104.8,105.23,104.055,104.49,1003519.0
7192,2024-11-19,ARE,103.99,104.62,102.89,104.31,1135218.0
7193,2024-11-20,ARE,104.36,106.25,104.145,105.89,1186074.0
7194,2024-11-21,ARE,106.0,108.32,105.78,108.3,1308508.0
7195,2024-11-24,ARE,109.32,112.35,109.32,112.04,2326239.0
7196,2024-11-25,ARE,111.82,112.19,110.88,111.75,1134851.0
7197,2024-11-26,ARE,110.89,112.42,110.36,110.52,814773.0
7198,2024-11-28,ARE,110.36,111.51,110.0,110.23,715276.0
7199,2024-12-01,ARE,110.0,110.32,109.05,109.7,1118907.0
7200,2024-12-02,ARE,109.05,109.65,107.83,108.02,999788.0
7201,2024-12-03,ARE,107.83,108.221,103.48,104.93,1996281.0
7202,2024-12-04,ARE,104.57,105.64,103.38,105.43,1186114.0
7203,2024-12-05,ARE,105.43,106.0,103.51,103.85,1115825.0
7204,2024-12-08,ARE,104.97,107.1886,104.3,106.75,1507623.0
7205,2024-12-09,ARE,107.07,107.07,104.14,104.5,972191.0
7206,2024-12-10,ARE,104.73,105.0238,103.04,103.39,978043.0
7207,2024-12-11,ARE,103.01,104.05,102.56,102.67,932334.0
7208,2024-12-12,ARE,102.28,102.82,101.385,102.66,1235354.0
7209,2024-12-15,ARE,102.12,103.97,101.34,101.37,1286062.0
7210,2024-12-16,ARE,101.0,103.13,100.4,102.31,1473531.0
7211,2024-12-17,ARE,101.92,103.01,97.9,97.93,2237513.0
7212,2024-12-18,ARE,99.01,99.66,97.21,97.29,1876732.0
7213,2024-12-19,ARE,98.55,100.75,98.03,99.17,4019521.0
7214,2024-12-22,ARE,98.44,99.17,97.14,98.91,1415652.0
7215,2024-12-23,ARE,98.35,99.48,97.805,99.44,425786.0
7216,2024-12-25,ARE,98.78,100.27,98.6,99.64,641675.0
7217,2024-12-26,ARE,98.95,100.38,97.84,98.35,1305644.0
7218,2024-12-29,ARE,98.0,98.22,96.44,97.8,1065520.0
7219,2024-12-30,ARE,97.16,97.87,96.45,97.55,1326243.0
7220,2025-01-01,ARE,97.87,98.01,96.3296,97.5,1134799.0
7221,2025-01-02,ARE,97.6,99.68,97.52,99.16,1096248.0
7222,2025-01-05,ARE,99.23,100.3295,97.63,97.73,1433990.0
7223,2025-01-06,ARE,98.4,99.47,97.21,97.36,1849514.0
7224,2025-01-07,ARE,97.0,97.5899,96.25,97.39,1880718.0
7225,2025-01-09,ARE,96.0,96.5561,94.57,94.99,1780587.0
7226,2025-01-12,ARE,95.11,97.8,94.345,97.67,1656064.0
7227,2025-01-13,ARE,97.66,98.49,97.48,97.81,967667.0
7228,2025-01-14,ARE,100.56,100.77,97.7998,98.43,920941.0
7229,2025-01-15,ARE,98.6,100.36,98.09,100.09,1020259.0
7230,2025-01-16,ARE,100.46,102.74,99.985,101.79,1085203.0
7231,2025-01-20,ARE,102.28,103.49,102.18,102.81,1164852.0
7232,2025-01-21,ARE,102.15,102.15,100.56,100.63,646596.0
7233,2025-01-22,ARE,100.87,101.1,99.105,100.45,1284003.0
7234,2025-01-23,ARE,100.18,102.18,100.1186,101.63,859440.0
7235,2025-01-26,ARE,102.28,104.44,101.63,102.11,2659296.0
7236,2025-01-27,ARE,101.57,101.675,96.06,97.25,2388778.0
7237,2025-01-28,ARE,97.78,98.66,95.45,95.79,1585724.0
7238,2025-01-29,ARE,97.5,98.41,95.02,95.85,1560611.0
7239,2025-01-30,ARE,95.46,98.04,95.13,97.35,4073349.0
7240,2025-02-02,ARE,96.24,96.81,94.36,94.58,1217549.0
7241,2025-02-03,ARE,94.5,94.97,93.8,94.47,983243.0
7242,2025-02-04,ARE,95.48,97.33,94.41,97.02,1057046.0
7243,2025-02-05,ARE,97.84,97.88,96.04,96.62,899885.0
7244,2025-02-06,ARE,96.7,96.865,95.11,95.96,848195.0
7245,2025-02-09,ARE,95.9,96.362,94.74,95.51,1334107.0
7246,2025-02-10,ARE,94.69,95.53,94.69,94.96,1265006.0
7247,2025-02-11,ARE,93.56,95.32,93.25,95.23,1252963.0
7248,2025-02-12,ARE,95.5,95.85,94.91,95.82,860939.0
7249,2025-02-13,ARE,96.25,97.74,94.81,94.85,684501.0
7250,2025-02-17,ARE,94.54,96.0,94.54,95.78,1335867.0
7251,2025-02-18,ARE,95.11,95.91,94.8,95.31,1127906.0
7252,2025-02-19,ARE,95.31,96.092,94.94,95.52,1285646.0
7253,2025-02-20,ARE,95.5,96.06,94.815,95.57,1101349.0
7254,2025-02-23,ARE,96.13,97.59,95.0,97.18,1025674.0
7255,2025-02-24,ARE,97.66,101.57,97.5,100.93,1743605.0
7256,2025-02-25,ARE,101.0,101.005,98.95,99.08,883133.0
7257,2025-02-26,ARE,99.15,101.79,99.07,100.94,986467.0
7258,2025-02-27,ARE,101.21,102.55,100.215,102.26,1910240.0
7259,2025-03-02,ARE,102.53,103.49,100.865,101.5,1177156.0
7260,2025-03-03,ARE,101.605,102.035,99.67,100.49,1216636.0
7261,2025-03-04,ARE,99.59,102.36,99.2967,102.19,994689.0
7262,2025-03-05,ARE,101.49,101.49,98.56,99.8,1083223.0
7263,2025-03-06,ARE,100.02,103.17,100.0,102.49,1016865.0
7264,2025-03-09,ARE,102.87,105.14,101.69,102.17,1412016.0
7265,2025-03-10,ARE,102.5,102.73,98.8,99.27,1174585.0
7266,2025-03-11,ARE,99.26,99.75,97.76,98.52,1060539.0
7267,2025-03-12,ARE,98.61,100.29,96.49,96.65,1042211.0
7268,2025-03-13,ARE,97.92,99.35,96.59,99.16,816841.0
7269,2025-03-16,ARE,99.2,101.215,99.17,99.52,1044198.0
7270,2025-03-17,ARE,99.33,99.585,97.63,98.39,1066101.0
7271,2025-03-18,ARE,98.42,98.72,96.73,97.69,1488466.0
7272,2025-03-19,ARE,97.62,98.216,96.66,96.98,1086985.0
7273,2025-03-20,ARE,96.53,97.09,95.41,96.27,2205906.0
7274,2025-03-23,ARE,96.84,98.27,96.4,97.55,856254.0
7275,2025-03-24,ARE,97.28,97.4399,95.06,95.98,1029097.0
7276,2025-03-25,ARE,96.46,97.67,95.5,96.13,886562.0
7277,2025-03-26,ARE,96.44,97.535,95.4112,95.71,902693.0
7278,2025-03-27,ARE,96.56,96.56,94.85,95.6,887452.0
7279,2025-03-30,ARE,94.43,94.84,91.15,92.51,2126736.0
7280,2025-03-31,ARE,93.28,93.54,90.07,91.15,1610475.0
7281,2025-04-01,ARE,90.85,92.87,90.09,92.33,1305409.0
7282,2025-04-02,ARE,90.76,91.466,86.0,86.25,1790727.0
7283,2025-04-03,ARE,84.5,84.785,81.2,81.28,2673981.0
7284,2025-04-06,ARE,79.02,82.71,76.5,77.81,3552000.0
7285,2025-04-07,ARE,80.585,81.32,75.7,76.94,3033706.0
7286,2025-04-08,ARE,75.0,81.435,71.57,80.82,4108902.0
7287,2025-04-09,ARE,79.44,80.2,73.435,74.57,2975121.0
7288,2025-04-10,ARE,74.34,76.94,73.45,76.92,2667542.0
7289,2025-04-13,ARE,78.02,80.374,77.58,79.7,2157659.0
7290,2025-04-14,ARE,79.45,80.455,78.89,79.12,1286852.0
7291,2025-04-15,ARE,78.99,79.7282,76.43,77.12,1554520.0
7292,2025-04-16,ARE,77.62,78.8071,77.29,77.84,1628010.0
7293,2025-04-20,ARE,76.47,76.7879,74.46,75.73,1663726.0
7294,2025-04-21,ARE,76.87,77.88,75.53,76.26,1449960.0
7295,2025-04-22,ARE,78.19,80.05,76.4432,76.97,1462283.0
7296,2025-04-23,ARE,77.22,77.7599,76.51,77.26,1115085.0
7297,2025-04-24,ARE,77.0,77.555,75.1,75.88,1220449.0
7298,2025-04-27,ARE,76.13,77.22,75.585,76.98,1680514.0
7299,2025-04-28,ARE,75.07,75.5,71.63,72.57,3466778.0
7300,2025-04-29,ARE,71.64,72.94,70.57,72.66,2479522.0
7301,2025-04-30,ARE,73.0,74.27,71.9495,73.42,1671696.0
7302,2025-05-01,ARE,75.05,75.52,73.89,74.47,1389067.0
7303,2025-05-04,ARE,74.0,74.5249,73.17,73.54,1809260.0
7304,2025-05-05,ARE,73.0,73.4288,71.51,71.57,1686757.0
7305,2025-05-06,ARE,71.6,72.57,71.35,71.89,1831303.0
7306,2025-05-07,ARE,72.36,74.72,71.84,73.69,1791146.0
7307,2025-05-08,ARE,73.84,74.62,73.48,74.07,1349727.0
7308,2025-05-11,ARE,76.25,76.75,73.06,74.23,2399044.0
7309,2025-05-12,ARE,74.62,75.46,71.73,72.4,2025636.0
7310,2025-05-13,ARE,71.92,72.25,70.15,70.99,2692086.0
7311,2025-05-14,ARE,70.97,71.595,70.2,71.56,1848861.0
7312,2025-05-15,ARE,71.75,72.88,71.28,72.85,1599478.0
7313,2025-05-18,ARE,72.0,74.39,71.6,74.05,1899308.0
7314,2025-05-19,ARE,73.19,73.77,72.11,72.18,1481204.0
7315,2025-05-20,ARE,71.65,71.81,68.53,68.57,1870951.0
7316,2025-05-21,ARE,68.59,69.0299,67.485,68.61,1624071.0
7317,2025-05-22,ARE,67.8,68.48,67.37,67.83,1310458.0
7318,2025-05-26,ARE,69.16,70.57,68.04,70.36,2219790.0
7319,2025-05-27,ARE,70.46,70.56,69.05,69.67,1314509.0
7320,2025-05-28,ARE,70.25,71.9475,70.25,71.25,1587529.0
7321,2025-05-29,ARE,70.65,71.005,69.73,70.19,2295767.0
7322,2025-06-01,ARE,70.0,70.0,68.3,69.6,1535566.0
7323,2025-06-02,ARE,69.6,70.5,68.43,70.3,1626154.0
7324,2025-06-03,ARE,70.59,71.36,70.1,70.57,1723563.0
7325,2025-06-04,ARE,70.32,71.15,69.32,69.55,1417865.0
7326,2025-06-05,ARE,70.42,71.305,70.1,70.53,1144776.0
7327,2025-06-08,ARE,70.98,72.545,70.6,71.75,1276064.0
7328,2025-06-09,ARE,72.225,74.37,71.79,73.33,1764974.0
7329,2025-06-10,ARE,73.65,74.4499,72.81,73.19,1563541.0
7330,2025-06-11,ARE,73.17,73.2904,72.28,73.06,985013.0
7331,2025-06-12,ARE,72.1,73.02,71.5,72.11,1127945.0
7332,2025-06-15,ARE,72.83,73.16,71.91,72.64,1789286.0
7333,2025-06-16,ARE,72.09,72.61,70.89,71.22,1370631.0
7334,2025-06-17,ARE,71.47,72.04,70.83,70.88,1657811.0
7335,2025-06-19,ARE,71.35,72.1964,71.11,71.37,3295077.0
7336,2025-06-22,ARE,71.64,73.05,71.21,72.92,1749982.0
7337,2025-06-23,ARE,73.02,75.8,73.02,75.37,2917750.0
7338,2025-06-24,ARE,74.33,75.0,73.25,73.68,2026337.0
7339,2025-06-25,ARE,74.13,74.82,73.46,74.21,1864086.0
7340,2025-06-26,ARE,74.03,74.75,73.04,73.37,2406156.0
7341,2025-06-29,ARE,72.27,72.82,70.98,72.63,1593810.0
7342,2025-06-30,ARE,72.28,76.15,72.05,74.49,1795306.0
7343,2025-07-01,ARE,74.61,76.43,74.55,76.27,1735072.0
7344,2025-07-02,ARE,76.38,77.19,75.99,76.92,904443.0
7345,2025-07-06,ARE,76.59,77.07,74.53,75.04,2172572.0
7346,2025-07-07,ARE,74.83,77.52,74.81,77.02,1864998.0
7347,2025-07-08,ARE,77.42,78.38,76.2175,77.07,1304094.0
7348,2025-07-09,ARE,77.21,79.76,77.05,79.29,1422745.0
7349,2025-07-10,ARE,78.0,80.0,77.75,79.55,1310761.0
7350,2025-07-13,ARE,79.74,80.3585,78.11,78.61,2185266.0
7351,2025-07-14,ARE,79.05,79.66,77.2,77.32,1345282.0
7352,2025-07-15,ARE,77.7,79.2,77.0114,78.15,1297572.0
7353,2025-07-16,ARE,78.16,79.59,78.06,78.89,1602560.0
7354,2025-07-17,ARE,78.83,79.3,77.79,78.17,1471583.0
7355,2025-07-20,ARE,78.89,79.37,77.97,78.27,1204158.0
7356,2025-07-21,ARE,78.71,81.6625,77.9,80.69,2554211.0
7357,2025-07-22,ARE,81.02,83.36,80.53,82.94,3143895.0
7358,2025-07-23,ARE,82.47,83.03,82.005,82.05,1409518.0
7359,2025-07-24,ARE,81.96,82.48,79.0,82.19,1805460.0
7360,2025-07-27,ARE,81.74,81.74,79.12,79.12,1233404.0
7361,2025-07-28,ARE,79.25,79.58,78.66,79.48,1169909.0
7362,2025-07-29,ARE,79.81,80.15,77.47,78.03,1290807.0
7363,2025-07-30,ARE,77.55,78.175,76.23,76.43,2659092.0
7364,2025-07-31,ARE,76.72,77.035,74.71,76.01,1745352.0
7365,2025-08-03,ARE,76.13,77.53,75.66,77.12,1303122.0
7366,2025-08-04,ARE,77.68,78.53,77.01,78.14,1013504.0
7367,2025-08-05,ARE,78.4,78.51,73.64,73.85,2984769.0
7368,2025-08-06,ARE,74.64,75.6,73.51,74.56,2092945.0
7369,2025-08-07,ARE,74.55,75.4349,73.97,74.21,915043.0
7370,2025-08-10,ARE,74.3,74.85,71.64,71.86,1928947.0
7371,2025-08-11,ARE,72.45,73.73,71.55,73.69,1967741.0
7372,2025-08-12,ARE,73.73,75.27,73.1,74.98,1498382.0
7373,2025-08-13,ARE,73.84,74.88,73.01,74.51,1144041.0
7374,2025-08-14,ARE,75.01,76.3,74.5501,76.09,1892711.0
7375,2025-08-17,ARE,76.23,78.16,76.0,77.21,1596165.0
7376,2025-08-18,ARE,77.86,79.35,77.51,78.27,1290755.0
7377,2025-08-19,ARE,78.4,79.23,77.24,77.46,949159.0
7378,2025-08-20,ARE,76.77,77.54,76.51,77.41,716307.0
7379,2025-08-21,ARE,77.8,81.42,77.59,80.93,1139490.0
7380,2025-08-24,ARE,80.68,81.0,79.65,80.42,940090.0
7381,2025-08-25,ARE,80.21,81.375,79.76,80.83,1814290.0
7382,2025-08-26,ARE,81.1,82.51,80.88,81.72,905406.0
7383,2025-08-27,ARE,81.71,82.0538,80.64,81.83,793818.0
7384,2025-08-28,ARE,81.88,82.69,81.565,82.44,890870.0
7385,2025-09-01,ARE,81.39,81.885,80.44,80.91,1226466.0
7386,2025-09-02,ARE,80.45,81.73,80.26,81.56,1026702.0
7387,2025-09-03,ARE,82.02,83.01,81.31,82.89,696723.0
7388,2025-09-04,ARE,83.77,85.5541,83.5,84.7,1008248.0
7389,2025-09-07,ARE,83.78,85.79,83.1772,85.56,1499812.0
7390,2025-09-08,ARE,85.365,85.365,83.47,83.72,1269731.0
7391,2025-09-09,ARE,83.64,84.6412,83.415,84.0,1326968.0
7392,2025-09-10,ARE,84.18,85.8,84.18,84.74,1314398.0
7393,2025-09-11,ARE,84.91,85.8,84.215,84.92,1560059.0
7394,2025-09-14,ARE,85.77,86.2,84.62,85.57,1284193.0
7395,2025-09-15,ARE,86.02,86.58,84.86,85.75,1068402.0
7396,2025-09-16,ARE,86.08,88.0,85.14,85.14,1144144.0
7397,2025-09-17,ARE,86.37,87.85,85.6253,87.45,1408032.0
7398,2025-09-18,ARE,88.07,88.236,86.15,86.19,3863010.0
7399,2025-09-21,ARE,85.98,86.32,84.88,85.89,1172014.0
7400,2025-09-22,ARE,86.74,87.54,86.35,86.97,985643.0
7401,2025-09-23,ARE,86.51,86.74,85.85,85.89,909988.0
7402,2025-09-24,ARE,85.51,85.78,84.1,84.16,1074283.0
7403,2025-09-25,ARE,84.645,85.15,82.61,83.85,1333439.0
7404,2025-09-28,ARE,84.34,84.53,83.07,84.42,1451354.0
7405,2025-09-29,ARE,82.95,83.42,81.78,83.34,1300712.0
7406,2025-09-30,ARE,82.11,83.625,81.47,83.46,1307114.0
7407,2025-10-01,ARE,83.1,83.97,82.52,83.7,1119840.0
7408,2025-10-02,ARE,84.33,85.37,83.58,83.8,1999499.0
7409,2025-10-05,ARE,84.11,84.3,79.76,79.99,2214090.0
7410,2025-10-06,ARE,80.1,80.5,77.88,78.09,3016440.0
7411,2025-10-07,ARE,77.5,78.75,75.16,75.22,3464476.0
7412,2025-10-08,ARE,75.22,76.23,74.02,74.43,2504738.0
7413,2025-10-09,ARE,74.45,74.5,72.9045,73.92,2721515.0
7414,2025-10-12,ARE,73.88,74.2899,72.83,73.87,1560471.0
7415,2025-10-13,ARE,73.62,75.36,73.38,75.07,1314709.0
7416,2025-10-14,ARE,75.62,78.54,75.5001,76.21,1588219.0
7417,2025-10-15,ARE,76.66,77.295,75.11,75.23,1933008.0
7418,2025-10-16,ARE,75.12,75.99,74.2704,74.99,1229868.0
7419,2025-10-19,ARE,75.27,77.3575,75.235,76.73,1653239.0
7420,2025-10-20,ARE,76.81,77.195,75.835,76.79,1329056.0
7421,2025-10-21,ARE,77.09,78.29,76.69,77.77,1195808.0
7422,2025-10-22,ARE,77.73,78.2899,76.88,76.91,1191776.0
7423,2025-10-23,ARE,77.69,78.51,77.27,77.41,1314785.0
7424,2025-10-26,ARE,77.93,78.0,76.915,77.87,1404034.0
7425,2025-10-27,ARE,69.78,69.78,62.56,62.94,12272885.0
7426,2025-10-28,ARE,62.2,63.605,57.615,58.76,7089062.0
7427,2025-10-29,ARE,55.34,58.055,55.02,56.37,7501164.0
7428,2025-10-30,ARE,56.0,58.695,55.3,58.22,4149914.0
7429,2025-11-02,ARE,56.84,58.1,55.37,55.69,3765509.0
7430,2025-11-03,ARE,55.04,55.7088,53.94,53.99,3128796.0
7431,2025-11-04,ARE,54.29,54.85,53.08,54.47,3494157.0
7432,2025-11-05,ARE,54.43,54.97,52.94,53.17,2332425.0
7433,2025-11-06,ARE,53.175,55.65,52.95,55.61,2936855.0
7434,2025-11-09,ARE,55.87,56.35,54.22,54.26,2683083.0
7435,2025-11-10,ARE,54.72,55.11,53.77,54.85,2059824.0
7436,2025-11-11,ARE,54.4,54.91,53.7,53.78,2429421.0
7437,2025-11-12,ARE,53.22,53.672,52.16,52.24,2308960.0
7438,2025-11-13,ARE,52.0,52.73,51.63,52.29,1753278.0
7439,2025-11-16,ARE,52.34,52.54,50.51,50.84,2921155.0
7440,2025-11-17,ARE,50.6,51.1199,50.22,50.8,3171789.0
7441,2025-11-18,ARE,50.8,51.0,49.3,49.51,2687865.0
7442,2025-11-19,ARE,49.82,50.46,48.66,48.86,2482678.0
7443,2025-11-20,ARE,49.06,51.75,48.99,50.89,2792703.0
7444,2025-11-23,ARE,51.0,51.58,50.6,51.22,2913764.0
7445,2025-11-24,ARE,51.6,52.88,51.55,52.65,1924308.0
7446,2025-11-25,ARE,52.29,54.17,52.27,53.57,2264298.0
7447,2025-11-27,ARE,53.53,54.4513,53.4,53.67,1046532.0
7448,2025-11-30,ARE,52.86,53.6,52.3901,53.1,2822587.0
7449,2025-12-01,ARE,53.31,54.17,52.96,53.83,2103528.0
7450,2025-12-02,ARE,52.13,52.57,47.57,48.42,7331311.0
7451,2025-12-03,ARE,48.01,48.02,46.1,46.59,4963387.0
7452,2025-12-04,ARE,46.1,47.49,45.47,45.48,5032870.0
7453,2025-12-07,ARE,45.9,45.92,44.103,44.97,5998037.0
7454,2025-12-08,ARE,44.9,45.91,44.84,45.29,3142813.0
7455,2025-12-09,ARE,45.5,46.61,45.21,46.47,2990956.0
7456,2025-12-10,ARE,46.62,47.19,45.4375,45.57,2037370.0
7457,2025-12-11,ARE,45.91,46.725,45.72,46.64,2610619.0
7458,2025-12-14,ARE,47.4,47.8,46.82,47.41,2516706.0
7459,2025-12-15,ARE,46.99,47.78,45.725,46.97,3208381.0
7460,2025-12-16,ARE,46.97,47.88,46.8,47.56,2339689.0
7461,2025-12-17,ARE,47.72,49.17,47.5401,48.95,2964550.0
7462,2025-12-18,ARE,48.8,49.14,47.47,47.94,7476545.0
7463,2025-12-21,ARE,48.1,48.64,47.71,48.62,2351583.0
7464,2025-12-22,ARE,48.42,48.48,47.85,48.07,1860916.0
7465,2025-12-23,ARE,47.91,48.84,47.6401,48.76,852955.0
7466,2025-12-25,ARE,48.67,48.69,48.01,48.6,1484539.0
7467,2025-12-28,ARE,48.99,50.08,48.855,49.17,2237207.0
7468,2025-12-29,ARE,49.18,49.6,48.92,49.47,2007139.0
7469,2025-12-30,ARE,48.75,49.27,48.58,48.94,2004533.0
7470,2026-01-01,ARE,48.79,49.565,48.1,48.97,1782884.0
7471,2026-01-04,ARE,48.72,50.11,48.66,49.54,2264109.0
7472,2026-01-05,ARE,49.63,52.44,49.47,52.38,2614371.0
7473,2026-01-06,ARE,52.94,53.62,52.03,52.18,3279756.0
7474,2026-01-07,ARE,52.2,53.94,51.7001,53.27,2640901.0
7475,2026-01-08,ARE,53.5,54.24,52.94,53.97,3244721.0
7476,2026-01-11,ARE,53.97,54.74,53.15,54.36,1723095.0
7477,2026-01-12,ARE,54.67,54.9,53.61,54.64,1760165.0
7478,2026-01-13,ARE,54.72,56.3424,54.64,56.14,2294517.0
7479,2026-01-14,ARE,56.3,57.59,55.92,57.26,2248271.0
7480,2026-01-15,ARE,56.96,58.2237,56.785,57.89,2689056.0
7481,2026-01-19,ARE,56.92,57.705,56.0101,57.52,3141411.0
7482,2026-01-20,ARE,57.86,58.73,57.585,58.45,3889751.0
7483,2026-01-21,ARE,58.61,59.38,57.91,58.09,2833623.0
7484,2026-01-22,ARE,57.87,59.76,57.85,59.69,1922185.0
7485,2024-01-28,ALGN,263.14,274.8001,263.14,270.39,1166235.0
7486,2024-01-29,ALGN,267.78,271.0,264.045,264.74,1113298.0
7487,2024-01-30,ALGN,264.55,274.0,262.0,267.32,1521034.0
7488,2024-01-31,ALGN,303.0,308.0,266.2975,273.38,4920727.0
7489,2024-02-01,ALGN,270.0,277.29,263.85,273.9,1259936.0
7490,2024-02-04,ALGN,272.06,276.42,267.93,275.58,675527.0
7491,2024-02-05,ALGN,276.5,293.92,276.0176,288.44,1440971.0
7492,2024-02-06,ALGN,288.18,291.04,282.59,284.73,835382.0
7493,2024-02-07,ALGN,285.37,296.6,283.67,295.0,1150741.0
7494,2024-02-08,ALGN,292.83,298.5432,291.06,296.37,855677.0
7495,2024-02-11,ALGN,294.71,303.88,294.71,302.44,827568.0
7496,2024-02-12,ALGN,290.97,296.1707,288.335,292.32,867364.0
7497,2024-02-13,ALGN,295.33,303.13,293.3,302.75,757203.0
7498,2024-02-14,ALGN,307.36,312.48,305.43,309.77,711596.0
7499,2024-02-15,ALGN,307.19,314.32,305.08,308.77,764443.0
7500,2024-02-19,ALGN,304.33,314.7,303.01,313.53,1031849.0
7501,2024-02-20,ALGN,307.81,309.11,300.08,304.65,920813.0
7502,2024-02-21,ALGN,305.44,317.25,303.58,316.56,732264.0
7503,2024-02-22,ALGN,315.35,321.83,314.06,316.88,579950.0
7504,2024-02-25,ALGN,312.9,316.905,310.74,310.84,489120.0
7505,2024-02-26,ALGN,311.79,313.71,308.14,313.06,487697.0
7506,2024-02-27,ALGN,308.87,309.4,302.06,302.39,558832.0
7507,2024-02-28,ALGN,303.1,306.8,301.6501,302.42,576688.0
7508,2024-02-29,ALGN,301.36,304.625,297.24,300.01,645143.0
7509,2024-03-03,ALGN,301.53,310.365,299.41,308.04,614852.0
7510,2024-03-04,ALGN,303.78,305.025,296.14,299.49,572377.0
7511,2024-03-05,ALGN,304.99,306.5,302.485,303.79,370177.0
7512,2024-03-06,ALGN,308.17,312.77,306.5575,310.8,512514.0
7513,2024-03-07,ALGN,312.96,318.64,310.52,312.49,411623.0
7514,2024-03-10,ALGN,310.24,314.82,305.94,308.09,427395.0
7515,2024-03-11,ALGN,309.62,312.43,305.74,310.68,310067.0
7516,2024-03-12,ALGN,315.0,325.9,315.0,320.69,694784.0
7517,2024-03-13,ALGN,322.26,322.65,312.68,316.92,642533.0
7518,2024-03-14,ALGN,312.46,319.766,312.46,314.35,744761.0
7519,2024-03-17,ALGN,318.56,320.09,315.4,316.14,484404.0
7520,2024-03-18,ALGN,314.48,319.6825,312.61,317.2,397460.0
7521,2024-03-19,ALGN,317.98,329.41,317.88,329.14,596217.0
7522,2024-03-20,ALGN,331.01,335.4,321.03,321.27,454850.0
7523,2024-03-21,ALGN,320.07,324.04,315.0,319.42,456912.0
7524,2024-03-24,ALGN,318.17,323.21,316.19,319.28,380757.0
7525,2024-03-25,ALGN,322.39,323.45,317.13,319.94,414369.0
7526,2024-03-26,ALGN,325.1,328.2,324.27,327.9,404606.0
7527,2024-03-27,ALGN,329.38,329.9939,326.0701,327.92,367302.0
7528,2024-03-31,ALGN,327.01,328.09,313.055,319.65,562890.0
7529,2024-04-01,ALGN,312.41,312.51,300.78,312.07,829020.0
7530,2024-04-02,ALGN,309.19,314.435,309.15,310.11,527085.0
7531,2024-04-03,ALGN,310.38,319.45,308.19,314.95,649469.0
7532,2024-04-04,ALGN,311.95,322.305,311.95,317.58,595357.0
7533,2024-04-07,ALGN,318.91,321.97,316.35,320.06,644316.0
7534,2024-04-08,ALGN,322.52,330.92,322.21,330.25,600114.0
7535,2024-04-09,ALGN,322.56,328.77,320.48,327.82,776353.0
7536,2024-04-10,ALGN,328.36,331.635,319.55,324.9,515571.0
7537,2024-04-11,ALGN,319.89,323.97,311.4,314.97,631737.0
7538,2024-04-14,ALGN,319.62,319.81,302.95,304.74,549893.0
7539,2024-04-15,ALGN,302.28,308.91,297.64,305.1,502777.0
7540,2024-04-16,ALGN,307.52,307.52,296.9,300.14,574960.0
7541,2024-04-17,ALGN,304.3,308.0,298.23,301.34,417217.0
7542,2024-04-18,ALGN,302.99,304.75,296.5,298.98,520396.0
7543,2024-04-21,ALGN,300.87,303.65,297.17,300.82,446836.0
7544,2024-04-22,ALGN,302.55,312.43,299.96,311.88,621458.0
7545,2024-04-23,ALGN,310.65,315.77,306.31,313.78,1106124.0
7546,2024-04-24,ALGN,325.0,327.49,297.28,310.5,1654540.0
7547,2024-04-25,ALGN,311.2,324.39,307.9,309.02,737294.0
7548,2024-04-28,ALGN,308.45,313.29,303.46,304.82,515070.0
7549,2024-04-29,ALGN,300.0,300.0,282.01,282.38,1218719.0
7550,2024-04-30,ALGN,282.03,291.875,277.835,284.52,764066.0
7551,2024-05-01,ALGN,287.84,288.8,280.99,286.54,605041.0
7552,2024-05-02,ALGN,291.9,295.69,287.02,287.87,353639.0
7553,2024-05-05,ALGN,290.95,291.46,285.62,287.37,362401.0
7554,2024-05-06,ALGN,288.27,291.8,285.55,286.52,423002.0
7555,2024-05-07,ALGN,281.79,281.79,263.99,273.65,1226874.0
7556,2024-05-08,ALGN,274.41,280.62,272.53,280.39,572934.0
7557,2024-05-09,ALGN,280.71,282.73,266.5,271.7,731078.0
7558,2024-05-12,ALGN,273.23,276.74,270.855,272.74,465367.0
7559,2024-05-13,ALGN,274.63,281.4,273.62,278.08,455025.0
7560,2024-05-14,ALGN,282.0,282.0,275.56,280.32,537481.0
7561,2024-05-15,ALGN,279.88,283.0,273.37,273.56,534887.0
7562,2024-05-16,ALGN,274.0,274.7,268.35,271.5,591155.0
7563,2024-05-19,ALGN,269.74,272.17,266.52,267.44,822271.0
7564,2024-05-20,ALGN,265.45,267.2421,262.02,264.02,502755.0
7565,2024-05-21,ALGN,264.01,264.68,260.2201,261.12,461079.0
7566,2024-05-22,ALGN,261.53,262.19,249.725,252.39,910663.0
7567,2024-05-23,ALGN,253.31,257.97,252.39,255.62,839452.0
7568,2024-05-27,ALGN,255.62,257.07,251.72,253.77,723893.0
7569,2024-05-28,ALGN,250.0,254.415,250.0,252.76,763271.0
7570,2024-05-29,ALGN,253.7,260.22,251.945,256.5,1282135.0
7571,2024-05-30,ALGN,257.36,258.32,252.9,257.21,1024120.0
7572,2024-06-02,ALGN,257.21,259.526,253.88,254.53,798754.0
7573,2024-06-03,ALGN,253.26,254.48,246.335,248.91,893860.0
7574,2024-06-04,ALGN,250.82,257.29,248.1395,256.01,985780.0
7575,2024-06-05,ALGN,253.8,259.61,253.8,257.46,1110542.0
7576,2024-06-06,ALGN,253.61,260.0,252.585,255.54,785675.0
7577,2024-06-09,ALGN,252.64,257.01,252.34,255.7,857109.0
7578,2024-06-10,ALGN,254.3,255.7,252.37,253.28,596376.0
7579,2024-06-11,ALGN,259.61,267.689,258.54,266.13,1032354.0
7580,2024-06-12,ALGN,264.16,271.59,264.16,271.28,922610.0
7581,2024-06-13,ALGN,269.34,270.28,252.11,256.01,1078476.0
7582,2024-06-16,ALGN,251.42,253.62,244.6,245.52,1046171.0
7583,2024-06-17,ALGN,246.23,247.36,241.89,242.2,885495.0
7584,2024-06-19,ALGN,239.44,244.925,237.74,242.61,951070.0
7585,2024-06-20,ALGN,243.39,244.55,240.465,242.19,1207402.0
7586,2024-06-23,ALGN,241.45,244.42,236.275,237.08,825053.0
7587,2024-06-24,ALGN,237.49,238.42,233.42,235.23,729261.0
7588,2024-06-25,ALGN,234.0,244.86,232.8,243.61,1224072.0
7589,2024-06-26,ALGN,242.77,244.79,239.0,243.0,680452.0
7590,2024-06-27,ALGN,243.93,243.93,240.17,241.43,1346028.0
7591,2024-06-30,ALGN,241.65,247.35,238.52,238.64,548340.0
7592,2024-07-01,ALGN,238.57,241.77,236.395,239.74,460851.0
7593,2024-07-02,ALGN,240.01,243.53,237.0811,243.37,368231.0
7594,2024-07-04,ALGN,242.85,244.81,240.76,243.6,356761.0
7595,2024-07-07,ALGN,244.39,249.46,244.0025,248.94,622551.0
7596,2024-07-08,ALGN,247.05,249.32,245.735,247.48,654089.0
7597,2024-07-09,ALGN,248.44,249.3,243.235,249.13,755422.0
7598,2024-07-10,ALGN,254.24,259.24,250.5,256.3,960108.0
7599,2024-07-11,ALGN,251.87,254.94,242.165,242.65,1030947.0
7600,2024-07-14,ALGN,243.0,245.7,239.246,240.27,628294.0
7601,2024-07-15,ALGN,242.91,247.7558,239.32,247.54,693785.0
7602,2024-07-16,ALGN,245.61,253.435,244.91,250.58,759181.0
7603,2024-07-17,ALGN,251.89,263.24,249.265,250.66,998285.0
7604,2024-07-18,ALGN,253.46,257.42,249.98,251.6,682064.0
7605,2024-07-21,ALGN,252.0,254.16,244.53,249.31,721058.0
7606,2024-07-22,ALGN,249.955,252.48,247.87,250.65,569021.0
7607,2024-07-23,ALGN,250.07,251.625,244.47,244.8,1266642.0
7608,2024-07-24,ALGN,228.11,244.36,225.9,226.05,2100676.0
7609,2024-07-25,ALGN,226.39,226.4104,218.85,220.45,1185768.0
7610,2024-07-28,ALGN,221.38,225.71,217.55,223.96,1136265.0
7611,2024-07-29,ALGN,220.91,232.84,220.39,231.16,1253358.0
7612,2024-07-30,ALGN,231.78,238.98,226.59,231.88,856812.0
7613,2024-07-31,ALGN,230.35,233.5,226.27,228.33,720804.0
7614,2024-08-01,ALGN,224.02,224.03,209.18,213.49,1381501.0
7615,2024-08-04,ALGN,202.82,212.69,196.09,207.94,1410698.0
7616,2024-08-05,ALGN,208.1,209.26,203.43,206.36,918737.0
7617,2024-08-06,ALGN,210.0,214.34,203.06,204.03,742857.0
7618,2024-08-07,ALGN,205.57,214.32,202.93,214.15,982417.0
7619,2024-08-08,ALGN,213.67,216.71,211.65,214.92,758931.0
7620,2024-08-11,ALGN,213.74,215.34,211.35,213.57,641347.0
7621,2024-08-12,ALGN,214.99,222.8,214.2,219.83,754290.0
7622,2024-08-13,ALGN,221.44,226.85,218.0,220.03,631926.0
7623,2024-08-14,ALGN,227.0,238.455,226.45,235.33,1463436.0
7624,2024-08-15,ALGN,233.12,245.19,233.12,240.35,1028745.0
7625,2024-08-18,ALGN,238.91,243.21,234.285,240.01,650395.0
7626,2024-08-19,ALGN,237.5,242.14,232.73,233.23,692861.0
7627,2024-08-20,ALGN,234.22,235.44,231.19,235.13,460672.0
7628,2024-08-21,ALGN,234.19,234.67,228.16,228.69,691763.0
7629,2024-08-22,ALGN,230.99,236.04,226.52,233.97,549901.0
7630,2024-08-25,ALGN,233.97,233.97,228.65,231.65,631371.0
7631,2024-08-26,ALGN,231.22,238.96,229.77,236.28,602731.0
7632,2024-08-27,ALGN,234.17,235.04,228.88,230.93,563570.0
7633,2024-08-28,ALGN,234.27,238.0,232.4,235.15,356798.0
7634,2024-08-29,ALGN,236.45,240.75,234.435,237.22,493501.0
7635,2024-09-02,ALGN,234.23,238.76,226.192,226.5,508165.0
7636,2024-09-03,ALGN,224.25,227.06,221.57,222.34,760399.0
7637,2024-09-04,ALGN,222.41,228.27,218.91,226.52,570253.0
7638,2024-09-05,ALGN,226.99,228.51,218.25,221.15,635768.0
7639,2024-09-08,ALGN,222.7,229.56,219.68,221.38,620627.0
7640,2024-09-09,ALGN,221.45,227.85,218.56,227.15,427871.0
7641,2024-09-10,ALGN,225.77,226.065,219.41,225.15,663773.0
7642,2024-09-11,ALGN,226.09,230.3299,221.86,228.86,360999.0
7643,2024-09-12,ALGN,230.22,243.96,230.22,243.73,887463.0
7644,2024-09-15,ALGN,244.85,250.46,243.69,249.56,897024.0
7645,2024-09-16,ALGN,252.62,259.52,251.1,253.16,855659.0
7646,2024-09-17,ALGN,253.41,262.87,249.31,253.01,912530.0
7647,2024-09-18,ALGN,259.99,260.88,256.48,257.17,514010.0
7648,2024-09-19,ALGN,254.74,255.03,248.94,252.85,862355.0
7649,2024-09-22,ALGN,254.35,257.18,252.0,253.16,498686.0
7650,2024-09-23,ALGN,255.61,260.35,246.9,249.01,673097.0
7651,2024-09-24,ALGN,250.04,250.04,242.165,242.45,464591.0
7652,2024-09-25,ALGN,245.25,253.82,243.8,249.46,881575.0
7653,2024-09-26,ALGN,251.97,259.01,249.74,254.81,708255.0
7654,2024-09-29,ALGN,253.21,255.415,250.44,254.32,485940.0
7655,2024-09-30,ALGN,254.85,256.22,244.115,245.35,415450.0
7656,2024-10-01,ALGN,241.08,242.56,234.7,238.06,550427.0
7657,2024-10-02,ALGN,237.7,239.73,235.19,236.97,598058.0
7658,2024-10-03,ALGN,242.39,242.88,235.74,241.35,466500.0
7659,2024-10-06,ALGN,239.98,240.0,232.3,234.85,421285.0
7660,2024-10-07,ALGN,235.04,236.5,231.77,234.06,447521.0
7661,2024-10-08,ALGN,233.98,234.17,229.37,233.79,500875.0
7662,2024-10-09,ALGN,230.79,233.11,228.63,229.65,671264.0
7663,2024-10-10,ALGN,226.78,227.18,218.11,222.04,1311849.0
7664,2024-10-13,ALGN,222.68,224.43,219.91,221.27,846662.0
7665,2024-10-14,ALGN,220.66,223.375,217.78,219.15,934876.0
7666,2024-10-15,ALGN,219.54,219.54,214.26,216.05,1499086.0
7667,2024-10-16,ALGN,217.97,218.665,214.92,216.02,845832.0
7668,2024-10-17,ALGN,217.42,219.71,215.18,219.7,828386.0
7669,2024-10-20,ALGN,219.47,220.0,215.24,216.56,768087.0
7670,2024-10-21,ALGN,212.55,213.4125,209.39,210.81,1017394.0
7671,2024-10-22,ALGN,208.29,210.35,206.12,207.66,1457058.0
7672,2024-10-23,ALGN,214.48,226.85,213.0,216.42,2032166.0
7673,2024-10-24,ALGN,222.5,226.72,218.48,219.3,1145141.0
7674,2024-10-27,ALGN,219.69,222.8325,215.73,215.8,791552.0
7675,2024-10-28,ALGN,207.06,217.5,205.83,212.78,1070230.0
7676,2024-10-29,ALGN,210.44,214.85,210.28,210.86,825496.0
7677,2024-10-30,ALGN,210.65,211.76,204.925,205.03,1032366.0
7678,2024-10-31,ALGN,204.81,209.31,204.77,208.58,868939.0
7679,2024-11-03,ALGN,208.97,216.6,207.38,210.78,730706.0
7680,2024-11-04,ALGN,208.55,213.26,206.28,212.15,651470.0
7681,2024-11-05,ALGN,222.17,225.09,215.19,224.85,1179421.0
7682,2024-11-06,ALGN,224.91,224.91,219.77,222.18,959183.0
7683,2024-11-07,ALGN,220.94,224.16,216.58,220.51,843952.0
7684,2024-11-10,ALGN,223.96,229.0,223.27,225.24,666063.0
7685,2024-11-11,ALGN,223.35,225.41,218.79,219.09,570108.0
7686,2024-11-12,ALGN,217.67,219.38,213.175,215.03,594114.0
7687,2024-11-13,ALGN,215.59,225.01,213.37,221.64,926200.0
7688,2024-11-14,ALGN,223.3,229.3,221.195,223.69,1074011.0
7689,2024-11-17,ALGN,223.83,231.86,223.185,229.9,940290.0
7690,2024-11-18,ALGN,226.69,227.62,221.5638,222.58,623971.0
7691,2024-11-19,ALGN,221.0,224.24,219.0,223.87,529015.0
7692,2024-11-20,ALGN,225.0,229.29,224.43,228.21,475059.0
7693,2024-11-21,ALGN,226.3,230.0,216.61,225.89,832907.0
7694,2024-11-24,ALGN,230.0,241.15,228.5201,240.52,1393585.0
7695,2024-11-25,ALGN,237.26,237.475,226.5201,227.93,1612863.0
7696,2024-11-26,ALGN,230.33,234.6,228.045,229.66,528860.0
7697,2024-11-28,ALGN,228.48,233.67,226.75,232.77,312009.0
7698,2024-12-01,ALGN,231.22,235.56,226.525,234.14,778508.0
7699,2024-12-02,ALGN,233.79,235.61,229.52,234.01,538909.0
7700,2024-12-03,ALGN,237.0,237.205,233.6001,235.29,612124.0
7701,2024-12-04,ALGN,235.45,235.45,226.67,227.81,528092.0
7702,2024-12-05,ALGN,230.21,240.6,229.535,232.35,560688.0
7703,2024-12-08,ALGN,232.0,240.0,231.67,237.57,548673.0
7704,2024-12-09,ALGN,237.19,239.48,233.94,237.16,586656.0
7705,2024-12-10,ALGN,240.35,246.1899,237.25,239.52,495479.0
7706,2024-12-11,ALGN,239.15,241.2848,235.36,235.72,389425.0
7707,2024-12-12,ALGN,235.19,238.11,233.8,235.39,519180.0
7708,2024-12-15,ALGN,233.14,237.17,229.73,230.09,765698.0
7709,2024-12-16,ALGN,226.61,231.295,226.1,228.81,586143.0
7710,2024-12-17,ALGN,228.83,228.965,212.5,212.69,964469.0
7711,2024-12-18,ALGN,215.0,218.8217,211.46,213.58,933414.0
7712,2024-12-19,ALGN,211.64,214.98,210.6,211.06,1463105.0
7713,2024-12-22,ALGN,211.27,211.99,205.33,207.57,956999.0
7714,2024-12-23,ALGN,207.61,213.57,207.4275,213.5,445557.0
7715,2024-12-25,ALGN,211.55,216.1,210.51,215.5,570981.0
7716,2024-12-26,ALGN,212.49,214.825,209.665,211.43,390554.0
7717,2024-12-29,ALGN,207.98,208.225,204.13,206.58,486696.0
7718,2024-12-30,ALGN,208.32,208.99,206.2627,208.51,431737.0
7719,2025-01-01,ALGN,211.77,215.7596,207.2,208.49,517888.0
7720,2025-01-02,ALGN,209.84,212.49,206.0,208.26,517020.0
7721,2025-01-05,ALGN,215.31,221.96,212.545,218.88,913586.0
7722,2025-01-06,ALGN,219.56,226.355,216.84,217.56,667485.0
7723,2025-01-07,ALGN,215.91,216.02,210.0,215.37,729085.0
7724,2025-01-09,ALGN,211.0,215.0,208.01,212.12,758779.0
7725,2025-01-12,ALGN,210.0,213.81,207.77,213.68,454336.0
7726,2025-01-13,ALGN,213.74,215.35,208.8,210.46,382833.0
7727,2025-01-14,ALGN,214.55,218.97,214.45,215.78,469606.0
7728,2025-01-15,ALGN,215.78,219.12,213.5375,218.91,464316.0
7729,2025-01-16,ALGN,222.92,228.0,221.0,224.23,670069.0
7730,2025-01-20,ALGN,228.29,230.27,226.8,228.0,744375.0
7731,2025-01-21,ALGN,228.0,237.23,225.56,232.14,727517.0
7732,2025-01-22,ALGN,231.63,235.55,228.57,234.89,455074.0
7733,2025-01-23,ALGN,232.77,234.3947,226.12,233.3,508657.0
7734,2025-01-26,ALGN,232.57,234.19,228.22,229.82,592583.0
7735,2025-01-27,ALGN,230.24,230.5,224.35,226.17,574128.0
7736,2025-01-28,ALGN,225.07,227.89,223.47,224.45,475367.0
7737,2025-01-29,ALGN,226.59,231.8,224.53,225.36,885875.0
7738,2025-01-30,ALGN,226.34,227.67,216.56,219.11,1207694.0
7739,2025-02-02,ALGN,213.9,220.32,209.145,215.82,1432819.0
7740,2025-02-03,ALGN,212.84,217.62,212.62,214.75,889769.0
7741,2025-02-04,ALGN,217.01,218.21,214.3044,216.36,1226941.0
7742,2025-02-05,ALGN,227.46,232.2,211.0,218.38,2298310.0
7743,2025-02-06,ALGN,218.23,224.18,210.53,210.55,1396179.0
7744,2025-02-09,ALGN,214.57,216.95,211.59,212.03,932485.0
7745,2025-02-10,ALGN,211.08,212.23,206.56,210.52,650679.0
7746,2025-02-11,ALGN,207.14,208.79,204.5,205.34,661000.0
7747,2025-02-12,ALGN,205.11,206.45,203.86,204.89,824153.0
7748,2025-02-13,ALGN,206.0,208.65,202.0,206.77,880550.0
7749,2025-02-17,ALGN,207.03,207.422,200.76,202.24,880656.0
7750,2025-02-18,ALGN,201.89,203.02,199.12,201.79,618446.0
7751,2025-02-19,ALGN,201.17,201.301,197.82,198.06,793594.0
7752,2025-02-20,ALGN,197.3,198.4,186.815,190.43,1695184.0
7753,2025-02-23,ALGN,191.11,192.69,185.2,190.72,1028942.0
7754,2025-02-24,ALGN,191.0,193.5,183.26,186.62,1499521.0
7755,2025-02-25,ALGN,185.79,193.64,185.64,191.21,1211336.0
7756,2025-02-26,ALGN,191.11,192.0,185.6,185.77,728322.0
7757,2025-02-27,ALGN,185.0,188.11,183.245,187.03,857102.0
7758,2025-03-02,ALGN,188.63,188.7625,174.89,175.09,1593061.0
7759,2025-03-03,ALGN,173.0,173.81,167.32,169.88,1804763.0
7760,2025-03-04,ALGN,169.93,174.95,169.29,174.19,1083832.0
7761,2025-03-05,ALGN,171.5,176.34,170.5,172.0,1132588.0
7762,2025-03-06,ALGN,171.05,176.54,169.12,173.75,1687960.0
7763,2025-03-09,ALGN,171.78,172.0,162.56,163.39,1738297.0
7764,2025-03-10,ALGN,165.0,165.5,159.56,165.14,1708742.0
7765,2025-03-11,ALGN,168.88,171.05,164.28,164.57,1932911.0
7766,2025-03-12,ALGN,163.58,164.53,158.13,160.51,1543137.0
7767,2025-03-13,ALGN,163.74,166.65,162.465,166.2,1300623.0
7768,2025-03-16,ALGN,166.2,171.52,165.29,169.59,1029590.0
7769,2025-03-17,ALGN,168.0,170.085,163.44,164.53,1255784.0
7770,2025-03-18,ALGN,164.15,168.14,162.578,166.14,1390637.0
7771,2025-03-19,ALGN,165.17,170.725,163.895,168.81,1228060.0
7772,2025-03-20,ALGN,165.81,169.45,163.24,168.61,1881361.0
7773,2025-03-23,ALGN,171.31,172.8299,169.62,170.37,726821.0
7774,2025-03-24,ALGN,170.92,172.555,168.62,170.0,570894.0
7775,2025-03-25,ALGN,168.9,169.29,164.79,166.46,868434.0
7776,2025-03-26,ALGN,165.83,167.435,163.44,164.29,659689.0
7777,2025-03-27,ALGN,162.25,164.2486,157.57,159.21,1330699.0
7778,2025-03-30,ALGN,157.1,159.8765,153.77,158.86,1387616.0
7779,2025-03-31,ALGN,157.06,162.02,156.05,158.08,988066.0
7780,2025-04-01,ALGN,155.74,164.13,155.35,163.98,799607.0
7781,2025-04-02,ALGN,160.585,160.585,150.8,154.24,1873396.0
7782,2025-04-03,ALGN,150.555,155.4,143.0,153.51,2165237.0
7783,2025-04-06,ALGN,148.5,162.79,145.12,153.35,2101450.0
7784,2025-04-07,ALGN,158.53,158.96,141.74,144.32,1610273.0
7785,2025-04-08,ALGN,142.5,167.98,142.5,165.03,2157197.0
7786,2025-04-09,ALGN,161.98,165.42,155.83,160.14,1827987.0
7787,2025-04-10,ALGN,160.27,165.5,156.78,164.14,1222196.0
7788,2025-04-13,ALGN,166.42,168.88,163.4459,165.62,1090657.0
7789,2025-04-14,ALGN,165.89,167.11,162.27,164.15,734589.0
7790,2025-04-15,ALGN,162.71,168.97,162.32,167.18,1527562.0
7791,2025-04-16,ALGN,167.36,171.76,165.99,171.41,816388.0
7792,2025-04-20,ALGN,168.96,172.24,167.43,172.22,1609419.0
7793,2025-04-21,ALGN,174.11,175.4,171.64,173.87,1357706.0
7794,2025-04-22,ALGN,180.36,186.28,176.68,177.23,1035348.0
7795,2025-04-23,ALGN,178.155,184.46,176.37,184.27,976261.0
7796,2025-04-24,ALGN,181.51,184.5,180.0,183.35,1162740.0
7797,2025-04-27,ALGN,183.91,185.02,178.92,181.09,1037993.0
7798,2025-04-28,ALGN,181.56,181.64,174.27,177.75,1413534.0
7799,2025-04-29,ALGN,176.08,177.5,171.18,173.3,2550119.0
7800,2025-04-30,ALGN,190.0,191.6132,176.5,176.74,2693341.0
7801,2025-05-01,ALGN,180.14,185.0,177.13,179.82,1386808.0
7802,2025-05-04,ALGN,177.93,180.18,176.9397,177.61,920487.0
7803,2025-05-05,ALGN,177.66,182.65,172.92,173.07,1447738.0
7804,2025-05-06,ALGN,172.66,174.71,168.38,172.22,1171274.0
7805,2025-05-07,ALGN,174.01,184.4,174.0,180.93,1016354.0
7806,2025-05-08,ALGN,181.12,184.45,181.03,181.88,805037.0
7807,2025-05-11,ALGN,192.3,196.38,187.17,189.0,1133737.0
7808,2025-05-12,ALGN,189.88,191.66,187.23,190.42,764570.0
7809,2025-05-13,ALGN,189.53,190.185,186.03,187.65,856066.0
7810,2025-05-14,ALGN,187.24,188.4,184.72,186.72,688261.0
7811,2025-05-15,ALGN,187.34,188.36,183.32,188.29,758013.0
7812,2025-05-18,ALGN,184.33,185.97,183.8,184.84,522918.0
7813,2025-05-19,ALGN,184.66,185.72,181.76,182.58,569866.0
7814,2025-05-20,ALGN,180.59,182.06,171.78,171.91,987134.0
7815,2025-05-21,ALGN,170.27,173.74,169.27,172.61,614110.0
7816,2025-05-22,ALGN,168.48,171.505,168.005,170.8,493926.0
7817,2025-05-26,ALGN,174.48,179.22,173.42,178.55,872723.0
7818,2025-05-27,ALGN,178.66,180.84,176.97,180.11,897665.0
7819,2025-05-28,ALGN,181.12,183.31,180.68,183.05,1295066.0
7820,2025-05-29,ALGN,180.48,182.42,177.96,180.94,1203360.0
7821,2025-06-01,ALGN,179.88,179.92,176.18,178.51,1178823.0
7822,2025-06-02,ALGN,177.49,180.44,172.5,179.16,558256.0
7823,2025-06-03,ALGN,178.76,180.9588,177.83,179.99,434847.0
7824,2025-06-04,ALGN,180.27,182.0886,178.3,180.26,479651.0
7825,2025-06-05,ALGN,182.68,183.5,179.78,180.62,431684.0
7826,2025-06-08,ALGN,182.13,183.0,179.0972,180.93,766678.0
7827,2025-06-09,ALGN,182.46,189.05,180.98,188.07,833056.0
7828,2025-06-10,ALGN,189.51,189.7154,184.94,185.48,612789.0
7829,2025-06-11,ALGN,183.54,183.54,179.975,181.69,688481.0
7830,2025-06-12,ALGN,178.15,181.76,176.02,177.85,779470.0
7831,2025-06-15,ALGN,178.48,182.59,177.885,182.52,610465.0
7832,2025-06-16,ALGN,181.11,181.605,172.88,175.16,1440736.0
7833,2025-06-17,ALGN,174.51,181.49,174.0,180.01,1428165.0
7834,2025-06-19,ALGN,182.22,183.97,180.56,181.79,1282921.0
7835,2025-06-22,ALGN,180.18,183.56,176.675,183.42,717955.0
7836,2025-06-23,ALGN,185.03,186.81,181.03,186.58,817698.0
7837,2025-06-24,ALGN,186.51,188.44,185.98,187.14,468444.0
7838,2025-06-25,ALGN,187.71,190.39,186.745,187.74,509086.0
7839,2025-06-26,ALGN,186.48,189.18,183.07,188.52,1878682.0
7840,2025-06-29,ALGN,189.75,190.53,188.0,189.33,562316.0
7841,2025-06-30,ALGN,188.07,197.9,186.5,194.28,761180.0
7842,2025-07-01,ALGN,194.3,198.14,192.53,196.98,947231.0
7843,2025-07-02,ALGN,196.81,201.0,195.795,196.82,712803.0
7844,2025-07-06,ALGN,194.34,197.51,192.23,193.83,859620.0
7845,2025-07-07,ALGN,194.3,200.51,192.905,195.47,1258501.0
7846,2025-07-08,ALGN,197.05,200.59,194.85,200.48,711123.0
7847,2025-07-09,ALGN,200.875,205.36,197.9801,204.48,697864.0
7848,2025-07-10,ALGN,202.24,203.845,200.755,202.28,793210.0
7849,2025-07-13,ALGN,202.12,202.37,198.51,199.31,1230196.0
7850,2025-07-14,ALGN,201.37,201.37,191.92,192.81,1005214.0
7851,2025-07-15,ALGN,193.18,193.53,187.715,190.24,1072068.0
7852,2025-07-16,ALGN,190.49,193.45,189.27,192.27,672582.0
7853,2025-07-17,ALGN,193.54,193.54,188.5,190.77,474661.0
7854,2025-07-20,ALGN,191.61,193.62,189.01,189.02,491726.0
7855,2025-07-21,ALGN,188.98,194.495,188.0,194.06,646088.0
7856,2025-07-22,ALGN,196.9,205.3,195.725,204.13,1285226.0
7857,2025-07-23,ALGN,203.11,204.21,200.375,202.18,687668.0
7858,2025-07-24,ALGN,202.91,206.05,200.42,205.56,703281.0
7859,2025-07-27,ALGN,206.07,207.75,203.24,207.19,1308358.0
7860,2025-07-28,ALGN,207.56,208.305,204.52,205.81,1188345.0
7861,2025-07-29,ALGN,205.41,207.08,201.875,203.57,2687360.0
7862,2025-07-30,ALGN,142.5,149.75,127.7,129.01,13728059.0
7863,2025-07-31,ALGN,128.995,139.0,128.995,136.52,7978332.0
7864,2025-08-03,ALGN,140.68,143.17,136.27,137.77,2785770.0
7865,2025-08-04,ALGN,138.67,141.51,137.92,139.65,2025413.0
7866,2025-08-05,ALGN,139.0,139.61,134.4,136.9,2127875.0
7867,2025-08-06,ALGN,138.33,140.27,135.75,138.77,1421539.0
7868,2025-08-07,ALGN,138.51,140.15,137.05,139.88,1728709.0
7869,2025-08-10,ALGN,139.68,141.96,134.36,134.82,2726057.0
7870,2025-08-11,ALGN,135.03,141.315,134.36,140.49,1688617.0
7871,2025-08-12,ALGN,141.025,146.8,140.5,145.74,1810900.0
7872,2025-08-13,ALGN,143.71,144.52,141.5,142.88,1287036.0
7873,2025-08-14,ALGN,143.44,145.2984,142.38,142.43,1110480.0
7874,2025-08-17,ALGN,142.36,145.71,142.0,144.94,1034066.0
7875,2025-08-18,ALGN,145.21,149.01,143.276,143.77,1644500.0
7876,2025-08-19,ALGN,143.24,143.82,141.6163,143.58,1540971.0
7877,2025-08-20,ALGN,143.17,143.17,140.57,140.67,1669481.0
7878,2025-08-21,ALGN,141.1,150.22,141.1,149.57,1503051.0
7879,2025-08-24,ALGN,148.91,149.4525,144.825,144.96,856691.0
7880,2025-08-25,ALGN,145.06,146.36,140.57,141.78,1063574.0
7881,2025-08-26,ALGN,141.63,143.06,139.0,141.98,1222270.0
7882,2025-08-27,ALGN,142.0,142.97,140.23,141.13,929151.0
7883,2025-08-28,ALGN,141.31,143.28,141.0,141.96,982412.0
7884,2025-09-01,ALGN,138.86,139.32,134.8,137.16,1168407.0
7885,2025-09-02,ALGN,136.81,137.38,131.21,132.355,1753548.0
7886,2025-09-03,ALGN,132.91,135.11,131.0,134.7,1270559.0
7887,2025-09-04,ALGN,135.11,139.18,135.11,139.12,1059223.0
7888,2025-09-07,ALGN,139.88,139.88,136.43,136.86,1423626.0
7889,2025-09-08,ALGN,135.82,140.37,135.1717,135.93,1762882.0
7890,2025-09-09,ALGN,136.23,138.54,132.48,132.94,1518230.0
7891,2025-09-10,ALGN,133.0,137.69,132.93,135.91,1774885.0
7892,2025-09-11,ALGN,135.52,135.52,131.51,131.56,719910.0
7893,2025-09-14,ALGN,132.9,133.72,130.84,131.06,1057555.0
7894,2025-09-15,ALGN,131.76,133.23,131.2701,131.82,761236.0
7895,2025-09-16,ALGN,131.51,134.82,128.52,129.44,1453124.0
7896,2025-09-17,ALGN,131.93,132.89,129.32,132.57,1223081.0
7897,2025-09-18,ALGN,131.84,132.0028,130.1,131.39,2284689.0
7898,2025-09-21,ALGN,130.99,131.97,129.375,131.18,796512.0
7899,2025-09-22,ALGN,132.4,132.41,128.91,129.0,961128.0
7900,2025-09-23,ALGN,128.9,130.285,127.62,128.18,938530.0
7901,2025-09-24,ALGN,125.74,126.6578,122.0,124.88,1623280.0
7902,2025-09-25,ALGN,125.46,127.0,124.55,126.19,909276.0
7903,2025-09-28,ALGN,127.94,127.94,125.25,126.37,942512.0
7904,2025-09-29,ALGN,125.6,125.925,123.02,125.22,1435356.0
7905,2025-09-30,ALGN,126.31,128.09,125.0601,127.52,1284085.0
7906,2025-10-01,ALGN,128.42,130.195,127.31,128.7,1094722.0
7907,2025-10-02,ALGN,129.73,134.98,129.5,132.17,1606164.0
7908,2025-10-05,ALGN,132.825,134.04,129.53,131.5,1478122.0
7909,2025-10-06,ALGN,131.845,132.64,130.05,130.47,1234715.0
7910,2025-10-07,ALGN,130.555,133.235,129.95,133.09,1051494.0
7911,2025-10-08,ALGN,133.26,133.43,131.0301,131.87,1214920.0
7912,2025-10-09,ALGN,128.7,130.8,124.91,125.79,1751231.0
7913,2025-10-12,ALGN,127.25,130.035,126.26,129.54,1137218.0
7914,2025-10-13,ALGN,127.07,131.59,126.3323,129.79,1059251.0
7915,2025-10-14,ALGN,130.71,131.5,127.72,128.43,1075976.0
7916,2025-10-15,ALGN,129.14,133.6515,128.65,129.84,1386025.0
7917,2025-10-16,ALGN,129.91,131.45,128.67,130.45,1111271.0
7918,2025-10-19,ALGN,132.62,135.06,131.13,134.93,1032093.0
7919,2025-10-20,ALGN,133.62,136.93,132.091,136.22,957024.0
7920,2025-10-21,ALGN,136.5,138.41,135.37,135.58,1254873.0
7921,2025-10-22,ALGN,136.11,137.83,135.31,136.0,1032135.0
7922,2025-10-23,ALGN,137.83,138.5,135.14,135.21,864348.0
7923,2025-10-26,ALGN,135.43,136.81,134.13,135.65,1010822.0
7924,2025-10-27,ALGN,134.94,135.6,132.79,133.14,874200.0
7925,2025-10-28,ALGN,134.1,135.55,130.73,131.91,2200099.0
7926,2025-10-29,ALGN,145.22,150.78,137.62,138.43,3842830.0
7927,2025-10-30,ALGN,137.74,138.73,133.92,137.88,1641877.0
7928,2025-11-02,ALGN,137.58,138.69,133.71,138.53,1246211.0
7929,2025-11-03,ALGN,138.32,138.49,133.865,135.67,1172797.0
7930,2025-11-04,ALGN,136.46,137.575,133.39,137.21,1189826.0
7931,2025-11-05,ALGN,137.66,138.5,131.8972,133.73,991727.0
7932,2025-11-06,ALGN,132.39,134.985,132.39,134.84,810879.0
7933,2025-11-09,ALGN,136.47,138.5,134.016,138.23,872703.0
7934,2025-11-10,ALGN,139.32,144.84,138.25,144.49,1427836.0
7935,2025-11-11,ALGN,144.45,145.25,140.69,141.69,1212922.0
7936,2025-11-12,ALGN,140.32,143.42,138.93,139.42,1026798.0
7937,2025-11-13,ALGN,137.01,138.02,136.0,137.13,809753.0
7938,2025-11-16,ALGN,135.52,136.56,131.66,132.61,902634.0
7939,2025-11-17,ALGN,132.47,132.87,130.23,132.28,1593537.0
7940,2025-11-18,ALGN,132.26,134.97,131.95,133.68,1049954.0
7941,2025-11-19,ALGN,133.97,137.41,132.74,132.81,924445.0
7942,2025-11-20,ALGN,132.96,143.46,132.635,142.56,1814117.0
7943,2025-11-23,ALGN,142.0,145.11,139.13,143.63,6264149.0
7944,2025-11-24,ALGN,144.43,152.99,144.3,147.5,2572486.0
7945,2025-11-25,ALGN,147.35,149.44,146.46,147.23,1567953.0
7946,2025-11-27,ALGN,147.51,148.09,146.25,147.19,732773.0
7947,2025-11-30,ALGN,145.1,148.465,144.0,146.72,1657011.0
7948,2025-12-01,ALGN,147.14,152.06,146.12,150.93,1975309.0
7949,2025-12-02,ALGN,151.55,156.6,150.92,155.0,1571193.0
7950,2025-12-03,ALGN,154.705,156.95,153.17,156.84,1364276.0
7951,2025-12-04,ALGN,157.92,159.5,155.395,157.21,1565473.0
7952,2025-12-07,ALGN,157.34,158.92,156.66,157.68,1180021.0
7953,2025-12-08,ALGN,160.45,162.89,157.98,159.0,1505405.0
7954,2025-12-09,ALGN,159.02,166.61,159.01,164.58,1233717.0
7955,2025-12-10,ALGN,164.11,165.27,162.11,163.87,1188233.0
7956,2025-12-11,ALGN,164.15,166.83,163.0,165.43,1685911.0
7957,2025-12-14,ALGN,166.49,167.02,162.6,162.73,1119523.0
7958,2025-12-15,ALGN,162.49,164.11,161.19,162.89,1287089.0
7959,2025-12-16,ALGN,163.0,165.26,159.4,160.58,1165106.0
7960,2025-12-17,ALGN,161.88,162.58,159.97,161.44,1141312.0
7961,2025-12-18,ALGN,160.95,161.6,156.47,157.69,2638512.0
7962,2025-12-21,ALGN,158.69,160.11,157.94,159.28,1099097.0
7963,2025-12-22,ALGN,158.48,158.585,155.98,156.76,934425.0
7964,2025-12-23,ALGN,156.76,158.62,154.98,157.84,407351.0
7965,2025-12-25,ALGN,157.56,158.64,156.76,158.37,503119.0
7966,2025-12-28,ALGN,157.95,159.155,157.43,157.84,838204.0
7967,2025-12-29,ALGN,157.62,158.36,156.61,158.135,574597.0
7968,2025-12-30,ALGN,157.12,158.03,156.03,156.15,496409.0
7969,2026-01-01,ALGN,157.72,158.09,154.615,156.03,809641.0
7970,2026-01-04,ALGN,155.08,161.16,154.79,160.13,1279254.0
7971,2026-01-05,ALGN,160.47,168.04,160.11,167.66,1164705.0
7972,2026-01-06,ALGN,168.49,169.32,165.88,166.81,787429.0
7973,2026-01-07,ALGN,166.82,172.1,166.81,170.58,859330.0
7974,2026-01-08,ALGN,171.305,173.035,168.02,172.79,770269.0
7975,2026-01-11,ALGN,173.36,174.01,168.84,172.0,885371.0
7976,2026-01-12,ALGN,171.98,172.51,167.95,170.2,913664.0
7977,2026-01-13,ALGN,169.33,171.59,168.88,169.23,814895.0
7978,2026-01-14,ALGN,169.74,172.62,167.4,171.47,907738.0
7979,2026-01-15,ALGN,171.0,174.67,171.0,171.49,1371040.0
7980,2026-01-19,ALGN,167.28,169.33,164.435,165.55,1118709.0
7981,2026-01-20,ALGN,167.68,172.0,167.32,169.95,1031073.0
7982,2026-01-21,ALGN,171.15,172.36,167.485,168.92,661967.0
7983,2026-01-22,ALGN,168.2,169.865,167.5663,168.73,408052.0
